t_ms,ram_used_mb,swap_used_mb,lfb_mb,cpu_mean_pct,cpu_max_pct,gpu_load_pct,emc_util_pct,temp_tj_c,temp_soc0_c,temp_soc1_c,temp_soc2_c
0.0,17024,0,4,9.0,100,0,NA,44.093,41.625,41.031,40.531
109.0,17203,0,4,8.33,91,0,NA,44.093,41.625,40.781,40.531
216.0,17273,0,4,6.75,81,99,NA,44.281,41.781,40.906,40.625
325.0,17443,0,4,8.33,100,13,NA,44.156,41.625,40.75,40.593
433.0,17569,0,4,8.33,100,99,NA,44.187,41.812,40.937,40.781
541.0,17629,0,4,8.92,90,99,NA,45.0,42.281,40.75,41.375
650.0,17694,0,4,1.5,18,52,NA,44.406,42.718,40.906,41.5
759.0,17815,0,4,8.33,100,85,NA,44.562,42.156,40.875,41.406
867.0,17815,0,4,7.33,88,98,NA,44.656,42.25,40.906,41.5
977.0,17815,0,4,7.58,83,98,NA,44.75,42.281,40.937,41.562
1086.0,17815,0,4,7.5,90,98,NA,44.937,42.375,41.125,41.562
1195.0,17815,0,4,8.17,90,98,NA,44.937,42.281,41.0,41.562
1305.0,17815,0,4,6.92,83,67,NA,45.218,42.593,41.031,41.781
1413.0,17815,0,4,8.33,100,99,NA,46.656,42.906,41.093,42.156
1524.0,17815,0,4,2.17,10,99,NA,46.062,43.156,41.218,42.281
1632.0,17815,0,4,8.17,90,85,NA,45.187,42.781,41.125,42.093
1741.0,17815,0,4,7.42,81,94,NA,45.406,42.812,41.281,42.0
1850.0,17815,0,4,8.17,90,98,NA,45.312,42.718,41.218,42.031
1960.0,17815,0,4,7.5,90,98,NA,45.656,42.812,41.406,42.0
2068.0,17815,0,4,6.75,81,98,NA,45.281,42.687,41.281,42.125
2178.0,17815,0,4,8.17,90,99,NA,46.375,43.125,41.312,42.375
2286.0,17815,0,4,7.5,81,99,NA,47.312,43.343,41.218,42.625
2394.0,17815,0,4,3.75,36,87,NA,46.281,43.5,41.468,42.656
2504.0,17815,0,4,7.42,81,98,NA,45.875,43.125,41.312,42.437
2612.0,17815,0,4,8.25,90,98,NA,45.812,43.156,41.531,42.468
2720.0,17815,0,4,6.67,80,98,NA,45.687,42.906,41.343,42.406
2829.0,17815,0,4,8.33,81,98,NA,45.781,43.031,41.468,42.343
2937.0,17815,0,4,8.25,90,84,NA,45.843,43.093,41.406,42.375
3046.0,17815,0,4,9.92,100,99,NA,46.968,43.406,41.5,42.75
3155.0,17815,0,4,4.08,40,99,NA,47.75,43.531,41.531,42.937
3263.0,17815,0,4,6.25,66,98,NA,45.937,43.468,41.562,42.718
3372.0,17815,0,4,7.42,80,98,NA,46.062,43.5,41.562,42.656
3480.0,17815,0,4,8.17,81,91,NA,45.812,43.218,41.625,42.625
3589.0,17815,0,4,8.17,90,87,NA,46.187,43.312,41.812,42.562
3697.0,17815,0,4,7.5,90,98,NA,46.031,43.125,41.625,42.531
3805.0,17815,0,4,6.75,81,58,NA,46.0,43.406,41.718,42.562
3912.0,17815,0,4,8.33,100,99,NA,47.75,43.656,41.687,43.0
4022.0,17815,0,4,2.33,20,99,NA,48.468,43.906,41.781,43.312
4130.0,17815,0,4,6.92,75,98,NA,46.25,43.593,41.75,42.875
4238.0,17815,0,4,8.17,90,86,NA,46.25,43.531,41.812,42.875
4346.0,17815,0,4,8.25,90,97,NA,46.25,43.375,41.781,42.812
4453.0,17815,0,4,8.25,90,98,NA,46.125,43.468,41.781,42.812
4561.0,17815,0,4,8.25,83,98,NA,46.437,43.5,41.937,42.75
4669.0,17815,0,4,7.5,90,99,NA,47.0,43.593,41.781,42.937
4776.0,17815,0,4,8.33,100,99,NA,48.062,43.937,41.875,43.375
4884.0,17815,0,4,2.0,16,90,NA,47.468,43.968,41.937,43.25
4991.0,17815,0,4,9.0,90,85,NA,46.406,43.75,42.0,43.156
5099.0,17815,0,4,8.17,90,98,NA,46.562,43.625,42.125,43.0
5206.0,17815,0,4,7.5,90,98,NA,46.656,43.656,41.937,43.0
5315.0,17815,0,4,7.58,83,98,NA,46.468,43.656,42.093,43.031
5422.0,17815,0,4,8.92,80,98,NA,46.343,43.468,41.937,43.062
5531.0,17815,0,4,9.0,100,99,NA,47.718,43.812,42.031,43.25
5640.0,17815,0,4,6.0,72,99,NA,48.468,44.125,42.062,43.406
5749.0,17815,0,4,3.75,36,97,NA,47.25,44.156,42.156,43.5
5857.0,17815,0,4,8.25,90,98,NA,46.531,44.093,42.062,43.343
5965.0,17815,0,4,8.33,90,98,NA,46.5,43.875,42.156,43.187
6073.0,17815,0,4,6.75,81,98,NA,46.718,43.812,42.281,43.187
6182.0,17815,0,4,6.75,81,98,NA,46.593,43.718,42.187,43.156
6289.0,17815,0,4,8.33,90,66,NA,46.593,43.75,42.25,43.218
6397.0,17815,0,4,8.42,91,99,NA,48.093,44.031,42.156,43.5
6506.0,17815,0,4,5.58,50,99,NA,49.25,44.375,42.187,43.781
6614.0,17815,0,4,5.92,63,98,NA,47.218,44.125,42.218,43.562
6721.0,17815,0,4,6.75,81,98,NA,46.843,43.968,42.281,43.437
6830.0,17815,0,4,7.33,80,98,NA,46.968,43.937,42.25,43.343
6939.0,17815,0,4,7.5,90,88,NA,46.875,43.843,42.343,43.343
7048.0,17815,0,4,7.67,83,87,NA,46.875,44.0,42.25,43.25
7157.0,17815,0,4,8.17,90,61,NA,46.718,43.968,42.375,43.375
7265.0,17815,0,4,8.33,100,99,NA,48.593,44.468,42.437,43.687
7373.0,17815,0,4,2.42,20,99,NA,48.875,44.562,42.343,43.906
7480.0,17815,0,4,6.0,72,98,NA,46.812,44.312,42.437,43.593
7588.0,17815,0,4,8.92,90,98,NA,46.843,44.093,42.375,43.531
7696.0,17815,0,4,7.5,90,98,NA,46.812,44.031,42.5,43.468
7803.0,17815,0,4,7.67,83,98,NA,47.156,44.187,42.625,43.5
7911.0,17815,0,4,7.5,90,98,NA,46.843,44.062,42.468,43.5
8018.0,17815,0,4,8.92,90,91,NA,47.625,44.218,42.531,43.562
8126.0,17815,0,4,8.33,100,99,NA,48.593,44.437,42.5,43.843
8233.0,17815,0,4,0.75,9,99,NA,48.531,44.625,42.625,44.062
8340.0,17815,0,4,7.5,90,85,NA,47.312,44.531,42.781,43.687
8448.0,17815,0,4,8.17,90,98,NA,47.031,44.25,42.468,43.593
8556.0,17815,0,4,6.92,83,98,NA,47.125,44.125,42.687,43.656
8664.0,17815,0,4,8.92,90,98,NA,47.156,44.125,42.593,43.593
8773.0,17815,0,4,6.92,83,98,NA,46.968,44.218,42.656,43.593
8881.0,17815,0,4,9.0,100,99,NA,48.312,44.437,42.562,43.812
8989.0,17815,0,4,6.75,72,99,NA,49.625,44.718,42.625,44.125
9097.0,17815,0,4,3.83,36,98,NA,47.968,44.593,42.687,44.031
9205.0,17815,0,4,7.5,90,98,NA,47.218,44.437,42.718,43.843
9313.0,17815,0,4,8.33,90,98,NA,47.468,44.343,42.781,43.656
9422.0,17815,0,4,6.83,72,98,NA,47.5,44.218,42.718,43.718
9530.0,17815,0,4,7.5,90,98,NA,47.125,44.375,42.843,43.562
9640.0,17815,0,4,6.92,83,43,NA,47.187,44.281,42.718,43.687
9749.0,17815,0,4,9.0,100,99,NA,48.875,44.718,42.937,44.187
9858.0,17815,0,4,4.92,50,99,NA,49.375,44.906,42.812,44.312
9966.0,17815,0,4,5.92,63,98,NA,47.687,44.687,42.906,44.156
10074.0,17815,0,4,7.42,81,98,NA,47.281,44.531,42.875,43.937
10182.0,17815,0,4,6.75,81,98,NA,47.281,44.562,42.812,43.906
10290.0,17815,0,4,7.5,90,86,NA,47.375,44.312,42.812,43.781
10398.0,17815,0,4,6.75,81,98,NA,47.281,44.437,42.843,43.812
10507.0,17815,0,4,7.5,90,56,NA,47.562,44.375,43.031,43.781
10614.0,17815,0,4,9.08,100,99,NA,49.156,44.843,42.75,44.343
10723.0,17815,0,4,2.92,27,99,NA,49.968,45.156,43.093,44.375
10832.0,17815,0,4,6.0,72,98,NA,47.218,44.718,42.968,44.125
10940.0,17815,0,4,9.0,90,88,NA,47.562,44.656,43.062,44.0
11049.0,17815,0,4,8.25,90,87,NA,47.625,44.562,42.906,43.968
11158.0,17815,0,4,7.67,83,98,NA,47.437,44.625,43.062,43.937
11267.0,17815,0,4,8.25,90,98,NA,47.5,44.531,42.906,43.906
11375.0,17815,0,4,8.25,90,99,NA,48.187,44.75,43.031,44.125
11482.0,17815,0,4,9.0,90,99,NA,49.5,45.0,42.937,44.437
11589.0,17815,0,4,2.25,18,99,NA,48.625,45.093,43.031,44.5
11697.0,17815,0,4,8.25,90,86,NA,47.5,44.812,43.25,44.187
11804.0,17815,0,4,7.58,83,98,NA,47.531,44.718,43.0,44.093
11912.0,17815,0,4,8.17,90,98,NA,47.531,44.718,43.031,44.125
12019.0,17815,0,4,7.5,90,98,NA,47.718,44.562,43.031,44.0
12127.0,17815,0,4,6.5,70,98,NA,47.437,44.593,43.062,44.031
12235.0,17815,0,4,9.0,100,99,NA,48.812,45.093,43.281,44.312
12346.0,17815,0,4,6.0,72,99,NA,49.656,45.156,43.125,44.625
12454.0,17815,0,4,3.75,45,98,NA,48.187,45.093,43.312,44.531
12563.0,17815,0,4,8.92,81,98,NA,47.656,44.843,43.187,44.312
12671.0,17815,0,4,7.67,92,98,NA,47.875,44.968,43.156,44.25
12780.0,17815,0,4,6.67,80,98,NA,47.406,44.75,43.218,44.218
12888.0,17815,0,4,6.92,83,98,NA,47.656,44.781,43.281,44.187
12997.0,17815,0,4,8.25,90,51,NA,47.562,44.718,43.125,44.218
13106.0,17815,0,4,8.33,100,99,NA,49.656,45.156,43.343,44.468
13214.0,17815,0,4,4.5,45,99,NA,50.093,45.312,43.187,44.75
13322.0,17815,0,4,5.25,63,98,NA,47.875,45.187,43.343,44.625
13430.0,17815,0,4,8.17,81,98,NA,47.656,44.937,43.218,44.312
13538.0,17815,0,4,7.5,81,87,NA,47.625,44.937,43.312,44.375
13646.0,17815,0,4,8.17,90,87,NA,47.937,45.031,43.187,44.312
13754.0,17815,0,4,9.58,90,98,NA,47.75,44.781,43.218,44.281
13861.0,17815,0,4,6.75,81,59,NA,47.843,45.031,43.375,44.25
13968.0,17815,0,4,9.08,100,99,NA,49.562,45.281,43.187,44.593
14077.0,17815,0,4,2.33,20,99,NA,50.218,45.625,43.375,44.937
14186.0,17815,0,4,6.0,72,98,NA,47.937,45.125,43.281,44.5
14293.0,17815,0,4,8.17,90,85,NA,47.875,45.031,43.343,44.468
14400.0,17815,0,4,7.5,90,98,NA,47.875,45.125,43.593,44.375
14507.0,17815,0,4,8.17,90,98,NA,47.781,44.968,43.375,44.406
14616.0,17815,0,4,7.42,81,98,NA,48.031,44.937,43.468,44.437
14724.0,17815,0,4,9.75,90,78,NA,48.843,45.0,43.281,44.468
14832.0,17815,0,4,9.83,100,99,NA,49.843,45.437,43.437,44.875
14939.0,17815,0,4,2.25,9,87,NA,49.375,45.562,43.625,44.906
15047.0,17815,0,4,8.25,90,86,NA,47.906,45.187,43.468,44.625
15155.0,17815,0,4,8.25,90,98,NA,48.125,45.25,43.625,44.5
15265.0,17815,0,4,9.0,90,98,NA,48.031,45.031,43.468,44.531
15374.0,17815,0,4,7.42,81,98,NA,47.968,45.187,43.593,44.5
15481.0,17815,0,4,7.42,80,98,NA,47.687,45.0,43.5,44.437
15589.0,17815,0,4,8.33,100,99,NA,49.687,45.343,43.593,44.812
15697.0,17815,0,4,7.58,72,99,NA,50.312,45.593,43.562,44.937
15805.0,17815,0,4,3.0,36,98,NA,48.781,45.562,43.593,44.843
15913.0,17815,0,4,8.25,90,98,NA,48.156,45.468,43.468,44.656
16021.0,17815,0,4,6.92,83,98,NA,48.0,45.187,43.593,44.625
16128.0,17815,0,4,6.75,81,98,NA,48.093,45.312,43.687,44.562
16236.0,17815,0,4,8.17,90,98,NA,48.093,45.125,43.562,44.531
16343.0,17815,0,4,6.75,81,62,NA,48.031,45.187,43.625,44.562
16451.0,17815,0,4,8.33,100,99,NA,49.687,45.687,43.562,44.875
16561.0,17815,0,4,4.5,54,99,NA,50.625,45.687,43.687,45.125
16668.0,17815,0,4,6.0,63,98,NA,48.406,45.562,43.843,44.906
16777.0,17815,0,4,6.75,81,98,NA,48.125,45.343,43.687,44.781
16885.0,17815,0,4,7.33,80,98,NA,48.312,45.375,43.875,44.656
16993.0,17815,0,4,6.75,81,87,NA,48.093,45.281,43.625,44.687
17101.0,17815,0,4,7.5,90,86,NA,48.25,45.312,43.75,44.593
17209.0,17815,0,4,7.5,90,62,NA,48.125,45.156,43.593,44.562
17317.0,17815,0,4,9.0,100,99,NA,50.156,45.718,43.812,45.062
17428.0,17815,0,4,2.83,18,99,NA,50.531,45.843,43.687,45.218
17537.0,17815,0,4,6.67,80,98,NA,48.218,45.687,43.875,45.062
17645.0,17815,0,4,6.92,83,98,NA,48.093,45.437,43.687,44.843
17754.0,17815,0,4,7.5,90,98,NA,48.25,45.375,43.718,44.843
17862.0,17815,0,4,9.58,90,98,NA,48.437,45.375,43.718,44.718
17971.0,17815,0,4,8.25,90,98,NA,48.312,45.343,43.812,44.812
18080.0,17815,0,4,6.75,81,87,NA,49.593,45.468,43.75,44.937
18189.0,17815,0,4,8.33,100,99,NA,50.625,45.875,43.875,45.281
18296.0,17815,0,4,1.5,18,87,NA,49.406,45.812,44.031,45.312
18405.0,17815,0,4,8.17,90,96,NA,48.437,45.625,43.875,45.0
18513.0,17815,0,4,6.92,83,98,NA,48.656,45.562,43.812,44.937
18622.0,17815,0,4,8.17,90,98,NA,48.25,45.531,43.875,44.843
18730.0,17815,0,4,7.5,81,98,NA,48.343,45.468,44.031,44.812
18839.0,17815,0,4,6.75,81,98,NA,48.187,45.343,43.843,44.843
18948.0,17815,0,4,8.33,100,99,NA,49.937,45.781,44.062,45.093
19058.0,17815,0,4,5.92,63,99,NA,50.812,45.937,43.843,45.406
19166.0,17815,0,4,5.17,45,98,NA,49.125,45.937,44.125,45.25
19275.0,17815,0,4,8.33,90,98,NA,48.437,45.593,43.937,45.062
19383.0,17815,0,4,7.5,81,98,NA,48.625,45.687,44.125,45.0
19492.0,17815,0,4,6.67,80,98,NA,48.312,45.437,43.906,45.031
19600.0,17815,0,4,7.5,90,87,NA,48.375,45.5,44.031,44.968
19708.0,17815,0,4,7.58,91,47,NA,48.5,45.437,43.968,44.937
19816.0,17815,0,4,9.67,100,99,NA,50.343,45.968,44.031,45.343
19926.0,17815,0,4,3.75,36,99,NA,50.812,46.062,44.0,45.531
20035.0,17815,0,4,8.0,72,98,NA,48.781,45.906,44.062,45.406
20144.0,17815,0,4,6.67,72,98,NA,48.718,45.718,44.031,45.156
20253.0,17815,0,4,8.17,90,86,NA,48.468,45.656,44.156,45.156
20360.0,17815,0,4,7.5,90,98,NA,48.562,45.625,44.125,45.062
20467.0,17815,0,4,9.17,90,98,NA,48.531,45.593,44.062,45.062
20577.0,17815,0,4,7.67,83,63,NA,49.031,45.75,44.218,45.062
20686.0,17815,0,4,9.75,100,99,NA,50.843,46.125,44.093,45.5
20793.0,17815,0,4,3.0,10,99,NA,51.093,46.375,44.187,45.687
20902.0,17815,0,4,6.75,81,86,NA,48.687,45.875,44.156,45.281
21010.0,17815,0,4,7.5,90,88,NA,48.656,45.843,44.187,45.281
21125.0,17815,0,4,8.25,90,98,NA,48.625,45.687,44.25,45.156
21240.0,17815,0,4,6.92,83,98,NA,48.593,45.687,44.187,45.218
21349.0,17815,0,4,6.67,80,98,NA,48.468,45.562,44.093,45.093
21457.0,17815,0,4,9.0,100,99,NA,49.906,46.031,44.281,45.468
21566.0,17815,0,4,7.5,72,99,NA,50.906,46.468,44.187,45.562
21674.0,17815,0,4,4.17,41,98,NA,49.531,46.156,44.218,45.531
21782.0,17815,0,4,7.5,90,98,NA,48.906,46.062,44.406,45.343
21889.0,17815,0,4,8.25,90,98,NA,48.718,45.812,44.125,45.312
21997.0,17815,0,4,6.0,72,98,NA,48.75,45.875,44.281,45.25
22106.0,17815,0,4,7.5,90,98,NA,48.718,45.687,44.187,45.218
22214.0,17815,0,4,7.42,81,42,NA,48.656,45.781,44.281,45.187
22323.0,17815,0,4,8.33,100,99,NA,50.593,46.156,44.187,45.5
22432.0,17815,0,4,4.92,50,99,NA,51.25,46.375,44.281,45.781
22541.0,17815,0,4,5.25,63,98,NA,49.406,46.156,44.281,45.562
22649.0,17816,0,4,6.67,80,98,NA,49.031,45.968,44.281,45.406
22757.0,17816,0,4,6.75,81,98,NA,48.875,46.125,44.406,45.312
22865.0,17816,0,4,7.5,90,87,NA,48.75,45.906,44.281,45.312
22973.0,17816,0,4,8.25,81,98,NA,48.812,45.968,44.312,45.406
23082.0,17816,0,4,8.92,90,57,NA,48.812,45.781,44.281,45.343
23190.0,17816,0,4,8.33,100,99,NA,50.781,46.406,44.406,45.718
23300.0,17816,0,4,2.25,18,99,NA,51.25,46.468,44.375,45.906
23409.0,17816,0,4,8.25,81,98,NA,49.031,46.343,44.5,45.593
23518.0,17816,0,4,8.17,90,87,NA,48.75,46.062,44.406,45.437
23626.0,17816,0,4,9.75,90,87,NA,48.906,46.093,44.5,45.343
23735.0,17816,0,4,6.92,83,98,NA,48.875,45.812,44.25,45.437
23843.0,17816,0,4,8.17,90,98,NA,48.906,45.906,44.5,45.437
23951.0,17816,0,4,7.5,90,99,NA,50.125,46.156,44.406,45.531
24059.0,17816,0,4,9.0,90,99,NA,51.406,46.5,44.468,45.875
24166.0,17816,0,4,1.5,18,99,NA,50.187,46.656,44.468,45.906
24273.0,17816,0,4,7.5,90,98,NA,48.906,46.281,44.531,45.593
24380.0,17816,0,4,7.5,90,98,NA,48.968,46.218,44.593,45.625
24487.0,17816,0,4,8.17,83,98,NA,49.281,46.0,44.437,45.437
24594.0,17816,0,4,8.83,90,98,NA,48.906,46.062,44.5,45.437
24701.0,17816,0,4,6.67,80,98,NA,48.875,46.125,44.562,45.437
24809.0,17816,0,4,8.33,92,99,NA,50.531,46.281,44.437,45.812
24920.0,17816,0,4,6.67,72,99,NA,51.281,46.656,44.531,45.937
25029.0,17816,0,4,4.08,40,98,NA,49.75,46.468,44.468,45.906
25138.0,17816,0,4,7.5,90,98,NA,49.093,46.343,44.593,45.812
25246.0,17816,0,4,7.42,81,98,NA,49.0,46.187,44.531,45.593
25355.0,17816,0,4,8.0,81,98,NA,49.0,46.25,44.656,45.625
25463.0,17816,0,4,7.42,81,98,NA,49.093,46.062,44.562,45.437
25572.0,17816,0,4,8.25,90,49,NA,49.062,46.187,44.656,45.625
25680.0,17816,0,4,9.75,100,99,NA,51.093,46.437,44.531,45.968
25788.0,17816,0,4,4.08,40,99,NA,51.531,46.718,44.656,46.156
25897.0,17816,0,4,8.67,63,31,NA,48.875,46.343,44.781,45.843
26005.0,17816,0,4,8.33,100,73,NA,48.781,46.156,44.656,45.687
26111.0,17816,0,4,8.83,90,98,NA,48.968,46.218,44.75,45.75
26221.0,17816,0,4,8.92,90,98,NA,49.062,46.156,44.593,45.656
26329.0,17816,0,4,7.33,88,98,NA,49.156,46.312,44.656,45.656
26436.0,17816,0,4,7.5,81,98,NA,49.0,46.156,44.593,45.562
26545.0,17816,0,4,10.33,100,99,NA,50.5,46.531,44.687,46.031
26654.0,17816,0,4,6.92,66,99,NA,51.125,46.656,44.625,46.093
26763.0,17816,0,4,6.83,45,56,NA,49.375,46.656,44.812,46.0
26872.0,17816,0,4,10.33,100,78,NA,48.906,46.343,44.656,45.781
26982.0,17816,0,4,11.17,91,98,NA,49.25,46.312,44.843,45.75
27090.0,17816,0,4,9.83,90,98,NA,49.406,46.218,44.656,45.656
27199.0,17816,0,4,8.83,90,98,NA,49.187,46.281,44.812,45.593
27307.0,17816,0,4,7.42,81,98,NA,49.031,46.156,44.687,45.625
27415.0,17816,0,4,9.08,100,99,NA,50.937,46.562,44.75,45.937
27524.0,17816,0,4,7.33,70,99,NA,51.375,46.906,44.718,46.156
27632.0,17816,0,4,3.42,41,68,NA,49.906,46.687,44.75,46.062
27742.0,17816,0,4,11.08,100,76,NA,49.312,46.531,44.718,45.75
27850.0,17816,0,4,10.42,100,98,NA,49.0,46.375,44.812,45.812
27961.0,17816,0,4,9.58,83,98,NA,49.343,46.343,44.75,45.781
28068.0,17816,0,4,8.25,90,98,NA,49.187,46.343,44.843,45.75
28182.0,17816,0,4,8.33,83,98,NA,49.468,46.281,44.843,45.75
28289.0,17816,0,4,9.17,100,99,NA,50.5,46.593,44.875,46.062
28399.0,17816,0,4,8.67,72,99,NA,51.531,46.812,44.812,46.25
28510.0,17816,0,4,8.0,45,56,NA,49.718,46.906,44.968,46.187
28619.0,17816,0,4,8.33,91,73,NA,48.968,46.468,44.843,45.906
28726.0,17816,0,4,9.92,100,88,NA,49.218,46.437,45.0,45.906
28833.0,17816,0,4,8.25,90,98,NA,49.625,46.375,44.812,45.875
28942.0,17816,0,4,10.17,90,98,NA,49.468,46.5,44.843,45.843
29050.0,17816,0,4,7.58,83,98,NA,49.281,46.593,44.843,45.781
29160.0,17816,0,4,8.25,90,99,NA,50.5,46.656,44.937,46.125
29269.0,17816,0,4,8.08,81,99,NA,51.593,46.875,44.843,46.281
29378.0,17816,0,4,4.5,36,79,NA,50.156,46.968,44.937,46.375
29486.0,17816,0,4,10.58,100,97,NA,49.218,46.812,44.937,45.968
29593.0,17816,0,4,7.5,90,98,NA,49.343,46.562,44.937,45.968
29700.0,17816,0,4,8.17,90,98,NA,49.531,46.562,45.125,46.031
29809.0,17816,0,4,6.75,81,98,NA,49.625,46.437,44.875,45.937
29917.0,17816,0,4,9.5,81,98,NA,49.281,46.531,45.031,45.906
30027.0,17816,0,4,9.83,100,99,NA,50.843,46.687,44.906,46.187
30135.0,17816,0,4,6.67,72,99,NA,51.562,47.093,45.062,46.5
30243.0,17816,0,4,5.25,45,51,NA,49.781,46.875,45.062,46.281
30355.0,17816,0,4,8.25,81,76,NA,48.968,46.656,45.093,46.062
30463.0,17816,0,4,8.33,91,92,NA,49.625,46.468,45.0,45.906
30570.0,17816,0,4,8.25,90,98,NA,49.437,46.531,45.062,46.031
30679.0,17816,0,4,9.0,90,98,NA,49.468,46.5,45.031,45.906
30786.0,17816,0,4,7.5,90,98,NA,49.437,46.5,45.031,46.0
30897.0,17816,0,4,8.17,90,98,NA,50.562,46.656,45.031,46.031
31006.0,17816,0,4,9.67,90,99,NA,51.437,47.062,45.031,46.5
31114.0,17816,0,4,3.58,18,76,NA,50.468,47.343,45.218,46.406
31223.0,17816,0,4,9.08,100,77,NA,49.25,46.781,45.187,46.156
31332.0,17816,0,4,8.92,90,98,NA,49.437,46.656,45.281,45.968
31442.0,17816,0,4,8.25,90,88,NA,49.468,46.656,45.156,46.031
31550.0,17816,0,4,7.5,90,98,NA,49.843,46.656,45.031,46.031
31658.0,17816,0,4,9.0,90,98,NA,49.375,46.562,45.156,45.968
31766.0,17816,0,4,8.83,90,84,NA,50.406,46.843,45.25,46.125
31874.0,17816,0,4,9.83,100,99,NA,51.687,47.125,45.156,46.5
31982.0,17816,0,4,2.08,16,99,NA,51.468,47.375,45.281,46.625
32091.0,17816,0,4,8.33,100,67,NA,49.531,46.781,45.156,46.218
32198.0,17816,0,4,11.42,100,98,NA,49.562,46.812,45.187,46.25
32305.0,17816,0,4,6.92,83,98,NA,49.593,46.843,45.156,46.093
32412.0,17816,0,4,8.33,90,87,NA,49.531,46.625,45.125,46.156
32521.0,17816,0,4,8.25,90,98,NA,49.781,46.812,45.406,45.968
32628.0,17816,0,4,10.08,90,56,NA,49.625,46.781,45.156,46.062
32738.0,17816,0,4,9.0,100,99,NA,52.125,47.25,45.281,46.468
32846.0,17816,0,4,3.67,27,99,NA,52.281,47.343,45.187,46.687
32953.0,17816,0,4,7.58,81,66,NA,49.343,46.968,45.281,46.375
33062.0,17816,0,4,12.42,100,98,NA,49.75,46.968,45.25,46.156
33169.0,17816,0,4,8.33,100,98,NA,49.531,46.718,45.187,46.187
33277.0,17816,0,4,7.17,70,98,NA,49.625,46.843,45.437,46.218
33384.0,17816,0,4,9.0,90,98,NA,49.593,46.718,45.25,46.093
33493.0,17816,0,4,8.25,90,50,NA,49.5,46.781,45.343,46.281
33600.0,17816,0,4,8.33,100,99,NA,51.593,47.156,45.156,46.562
33709.0,17816,0,4,4.0,40,99,NA,52.343,47.406,45.375,46.781
33818.0,17816,0,4,8.08,72,61,NA,49.437,47.093,45.375,46.437
33925.0,17816,0,4,8.17,90,94,NA,49.531,46.906,45.375,46.406
34036.0,17816,0,4,9.75,100,98,NA,49.875,46.781,45.312,46.218
34144.0,17816,0,4,8.42,83,98,NA,49.656,46.906,45.343,46.312
34252.0,17816,0,4,7.5,81,98,NA,49.625,47.0,45.312,46.218
34360.0,17816,0,4,8.25,90,74,NA,49.625,46.812,45.468,46.312
34468.0,17816,0,4,8.33,100,99,NA,51.406,47.343,45.468,46.625
34578.0,17816,0,4,7.0,50,99,NA,52.0,47.437,45.375,46.875
34688.0,17816,0,4,5.25,63,63,NA,50.093,47.375,45.625,46.531
34796.0,17816,0,4,10.42,90,98,NA,49.656,47.093,45.437,46.5
34906.0,17816,0,4,11.08,100,98,NA,49.843,47.125,45.625,46.343
35015.0,17816,0,4,6.67,72,98,NA,49.656,46.875,45.468,46.281
35123.0,17816,0,4,9.67,91,92,NA,49.906,47.062,45.562,46.312
35234.0,17816,0,4,10.25,90,48,NA,49.843,46.937,45.531,46.281
35342.0,17816,0,4,9.67,100,99,NA,51.718,47.437,45.562,46.656
35449.0,17816,0,4,6.75,40,99,NA,52.375,47.562,45.468,46.906
35561.0,17816,0,4,6.0,72,74,NA,50.25,47.468,45.437,46.687
35669.0,17816,0,4,9.75,91,98,NA,49.812,47.125,45.531,46.562
35777.0,17816,0,4,8.75,80,98,NA,49.937,47.187,45.656,46.406
35888.0,17816,0,4,9.0,91,98,NA,49.875,47.062,45.531,46.468
36004.0,17816,0,4,7.5,90,98,NA,50.031,46.937,45.531,46.468
36113.0,17816,0,4,9.17,83,55,NA,50.062,47.187,45.5,46.406
36220.0,17816,0,4,9.75,100,99,NA,51.718,47.5,45.468,46.875
36335.0,17816,0,4,3.5,18,99,NA,52.656,47.75,45.531,47.0
36444.0,17816,0,4,8.33,91,79,NA,49.75,47.406,45.656,46.625
36552.0,17816,0,4,8.33,90,98,NA,49.75,47.187,45.593,46.593
36659.0,17816,0,4,11.0,90,87,NA,50.125,47.093,45.625,46.656
36768.0,17816,0,4,7.5,90,98,NA,50.156,47.125,45.5,46.5
36875.0,17816,0,4,9.0,90,98,NA,50.0,47.125,45.562,46.656
36985.0,17816,0,4,9.0,90,61,NA,50.593,47.187,45.468,46.625
37093.0,17816,0,4,9.83,100,99,NA,52.031,47.562,45.687,46.937
37201.0,17816,0,4,2.17,9,99,NA,52.5,47.906,45.687,47.062
37310.0,17816,0,4,9.83,100,87,NA,50.031,47.406,45.562,46.718
37419.0,17816,0,4,8.92,91,98,NA,50.187,47.437,45.781,46.687
37527.0,17816,0,4,10.25,90,87,NA,50.437,47.125,45.593,46.687
37635.0,17816,0,4,9.08,90,98,NA,50.125,47.218,45.718,46.625
37742.0,17816,0,4,7.5,90,98,NA,50.156,47.062,45.625,46.593
37849.0,17816,0,4,8.83,90,89,NA,51.0,47.25,45.687,46.718
37956.0,17816,0,4,9.67,100,99,NA,52.312,47.812,45.75,47.062
38065.0,17816,0,4,2.17,9,99,NA,51.781,47.812,45.687,47.187
38175.0,17816,0,4,11.17,100,83,NA,49.937,47.562,45.906,46.781
38282.0,17816,0,4,9.08,90,88,NA,50.093,47.343,45.625,46.656
38389.0,17816,0,4,8.92,91,98,NA,50.156,47.312,45.75,46.75
38497.0,17816,0,4,7.5,90,98,NA,50.5,47.375,45.625,46.625
38605.0,17816,0,4,8.25,90,98,NA,50.343,47.187,45.687,46.687
38712.0,17816,0,4,9.58,90,82,NA,50.843,47.468,45.843,46.781
38818.0,17816,0,4,9.08,100,99,NA,52.406,47.656,45.656,47.093
38930.0,17816,0,4,2.75,16,99,NA,51.781,47.968,45.812,47.187
39037.0,17816,0,4,10.33,100,76,NA,50.062,47.468,45.75,46.843
39145.0,17816,0,4,9.75,90,98,NA,50.093,47.468,45.812,46.781
39252.0,17816,0,4,8.25,90,88,NA,50.125,47.218,45.75,46.718
39360.0,17816,0,4,9.0,90,86,NA,50.156,47.312,45.718,46.656
39467.0,17816,0,4,7.58,91,98,NA,50.406,47.375,45.906,46.656
39575.0,17816,0,4,7.5,90,59,NA,50.75,47.343,45.718,46.812
39686.0,17816,0,4,9.0,100,99,NA,52.562,47.875,46.0,47.187
39794.0,17816,0,4,3.5,16,99,NA,52.75,47.906,45.718,47.375
39901.0,17816,0,4,8.33,100,69,NA,49.968,47.625,45.843,46.968
40012.0,17816,0,4,9.0,100,93,NA,49.75,47.312,45.812,46.75
40120.0,17816,0,4,8.17,81,98,NA,50.187,47.437,45.937,46.875
40230.0,17816,0,4,8.92,90,96,NA,49.937,47.312,45.812,46.718
40339.0,17816,0,4,8.25,90,87,NA,50.0,47.437,45.937,46.781
40446.0,17816,0,4,8.92,81,48,NA,50.281,47.437,45.812,46.718
40557.0,17816,0,4,10.42,100,99,NA,52.281,47.75,46.062,47.218
40667.0,17816,0,4,4.67,30,99,NA,52.75,48.031,45.875,47.375
40775.0,17816,0,4,9.08,83,73,NA,50.406,47.781,46.031,47.093
40886.0,17816,0,4,10.33,100,98,NA,49.906,47.593,46.0,46.875
40994.0,17816,0,4,7.42,80,98,NA,50.187,47.625,46.156,46.812
41103.0,17816,0,4,9.75,92,88,NA,50.125,47.468,45.968,46.843
41212.0,17816,0,4,8.33,83,92,NA,50.218,47.593,46.093,46.875
41319.0,17816,0,4,9.67,90,52,NA,50.093,47.437,45.937,46.875
41430.0,17816,0,4,9.75,100,99,NA,52.406,47.937,46.156,47.281
41541.0,17816,0,4,2.25,27,99,NA,53.125,48.093,46.031,47.562
41649.0,17816,0,4,9.67,90,84,NA,50.312,47.968,45.968,47.125
41759.0,17816,0,4,9.67,90,98,NA,50.156,47.625,46.125,47.062
41867.0,17816,0,4,7.5,90,98,NA,50.562,47.75,46.0,46.906
41974.0,17816,0,4,6.75,81,98,NA,50.125,47.531,46.031,46.937
42083.0,17816,0,4,8.25,90,98,NA,50.25,47.625,46.187,46.875
42191.0,17816,0,4,9.75,91,66,NA,50.937,47.593,46.093,47.093
42300.0,17816,0,4,8.33,100,99,NA,52.75,48.093,46.218,47.531
42407.0,17816,0,4,2.92,18,99,NA,52.718,48.187,46.125,47.531
42517.0,17816,0,4,9.08,100,73,NA,50.031,47.843,46.218,47.156
42625.0,17816,0,4,8.83,90,98,NA,50.218,47.625,46.093,47.0
42733.0,17816,0,4,7.5,90,98,NA,50.187,47.593,46.125,47.093
42842.0,17816,0,4,9.0,83,87,NA,50.343,47.531,46.093,46.906
42949.0,17816,0,4,9.0,90,86,NA,50.187,47.625,46.093,47.031
43060.0,17816,0,4,8.92,90,60,NA,50.843,47.625,46.125,47.031
43167.0,17816,0,4,10.42,100,99,NA,52.75,48.156,46.125,47.437
43275.0,17816,0,4,3.75,27,99,NA,53.218,48.343,46.312,47.625
43384.0,17816,0,4,8.92,90,71,NA,50.656,47.875,46.125,47.281
43491.0,17816,0,4,7.58,91,98,NA,50.375,47.812,46.281,47.187
43600.0,17816,0,4,10.42,90,98,NA,50.187,47.625,46.125,47.062
43708.0,17816,0,4,6.75,81,88,NA,50.375,47.625,46.281,47.062
43816.0,17816,0,4,9.08,90,89,NA,50.531,47.75,46.125,47.062
43922.0,17816,0,4,7.5,90,52,NA,50.625,47.718,46.156,47.093
44032.0,17816,0,4,9.08,100,99,NA,52.656,48.312,46.406,47.468
44149.0,17816,0,4,4.33,27,99,NA,53.625,48.343,46.375,47.656
44260.0,17816,0,4,8.92,90,77,NA,50.562,47.968,46.375,47.343
44368.0,17816,0,4,9.75,90,98,NA,50.5,47.812,46.406,47.25
44478.0,17816,0,4,8.17,81,88,NA,50.343,47.843,46.312,47.218
44585.0,17816,0,4,7.5,90,88,NA,50.75,47.718,46.281,47.062
44693.0,17816,0,4,10.33,90,98,NA,50.375,47.75,46.281,47.156
44802.0,17816,0,4,8.92,90,59,NA,51.218,47.937,46.312,47.218
44910.0,17816,0,4,9.83,100,99,NA,52.781,48.187,46.218,47.562
45020.0,17816,0,4,3.0,18,99,NA,53.406,48.593,46.531,47.718
45128.0,17816,0,4,9.0,90,78,NA,50.656,48.031,46.343,47.375
45236.0,17816,0,4,10.42,90,98,NA,50.781,48.0,46.375,47.218
45345.0,17816,0,4,8.33,91,98,NA,50.375,47.843,46.343,47.25
45452.0,17816,0,4,8.33,90,98,NA,50.406,47.906,46.437,47.281
45562.0,17816,0,4,8.25,90,98,NA,50.656,47.718,46.281,47.218
45669.0,17816,0,4,8.83,90,61,NA,51.187,47.906,46.25,47.343
45779.0,17816,0,4,9.08,100,99,NA,52.906,48.343,46.312,47.687
45888.0,17816,0,4,2.83,16,99,NA,53.125,48.5,46.437,47.843
45995.0,17816,0,4,10.75,100,73,NA,50.437,48.093,46.312,47.375
46106.0,17816,0,4,11.0,100,98,NA,50.437,48.0,46.406,47.25
46213.0,17816,0,4,7.42,80,98,NA,50.812,47.843,46.312,47.25
46322.0,17816,0,4,9.5,90,92,NA,50.625,47.843,46.5,47.375
46430.0,17816,0,4,8.33,90,88,NA,50.562,47.968,46.343,47.281
46539.0,17816,0,4,8.17,90,59,NA,50.5,47.937,46.406,47.281
46647.0,17816,0,4,8.33,100,99,NA,53.093,48.468,46.5,47.687
46754.0,17816,0,4,2.92,27,99,NA,53.531,48.593,46.5,47.843
46864.0,17816,0,4,6.75,81,66,NA,51.031,48.281,46.5,47.5
46970.0,17816,0,4,9.83,100,98,NA,50.718,48.062,46.375,47.468
47080.0,17816,0,4,8.17,81,98,NA,50.687,48.031,46.5,47.437
47187.0,17816,0,4,9.58,90,91,NA,50.718,47.906,46.375,47.312
47297.0,17816,0,4,9.5,90,87,NA,50.593,48.0,46.531,47.375
47404.0,17816,0,4,7.5,90,51,NA,50.593,47.937,46.593,47.343
47512.0,17816,0,4,11.58,100,99,NA,53.093,48.406,46.468,47.843
47619.0,17816,0,4,3.0,36,99,NA,53.187,48.656,46.656,47.906
47729.0,17816,0,4,8.58,58,70,NA,51.125,48.187,46.562,47.593
47837.0,17816,0,4,9.83,100,98,NA,50.562,48.281,46.593,47.5
47944.0,17816,0,4,8.33,100,98,NA,50.468,48.031,46.5,47.437
48052.0,17816,0,4,6.25,75,98,NA,50.625,48.093,46.625,47.437
48162.0,17816,0,4,9.5,90,98,NA,50.656,48.0,46.531,47.343
48270.0,17816,0,4,9.08,63,53,NA,50.718,48.093,46.531,47.468
48377.0,17816,0,4,9.0,100,99,NA,52.718,48.687,46.718,47.812
48487.0,17816,0,4,3.0,36,99,NA,53.406,48.593,46.562,48.031
48595.0,17816,0,4,11.5,72,76,NA,51.187,48.562,46.687,47.75
48703.0,17816,0,4,9.08,100,98,NA,50.781,48.218,46.593,47.687
48813.0,17816,0,4,8.0,81,98,NA,50.937,48.156,46.656,47.531
48920.0,17816,0,4,8.33,90,87,NA,50.687,48.0,46.531,47.5
49032.0,17816,0,4,8.58,85,98,NA,50.812,48.062,46.781,47.468
49141.0,17816,0,4,8.25,90,55,NA,51.281,48.156,46.562,47.531
49248.0,17816,0,4,8.33,100,99,NA,53.125,48.656,46.75,47.968
49356.0,17816,0,4,3.17,20,99,NA,53.906,48.812,46.625,48.125
49465.0,17816,0,4,9.67,90,75,NA,50.843,48.531,46.781,47.843
49575.0,17816,0,4,9.67,90,98,NA,50.687,48.281,46.687,47.656
49683.0,17816,0,4,8.25,90,98,NA,50.906,48.281,46.781,47.656
49794.0,17816,0,4,8.92,81,94,NA,50.875,48.156,46.75,47.625
49902.0,17816,0,4,8.25,90,98,NA,51.093,48.343,46.843,47.593
50010.0,17816,0,4,10.25,90,60,NA,51.687,48.218,46.656,47.531
50120.0,17816,0,4,9.0,100,99,NA,52.968,48.781,46.781,48.0
50228.0,17816,0,4,3.58,18,99,NA,53.5,48.75,46.718,48.125
50338.0,17816,0,4,11.17,100,89,NA,50.968,48.687,46.843,47.843
50445.0,17816,0,4,6.92,83,98,NA,51.156,48.281,46.75,47.75
50553.0,17816,0,4,9.5,90,88,NA,50.906,48.343,46.718,47.781
50661.0,17816,0,4,7.5,90,98,NA,50.875,48.187,46.656,47.625
50769.0,17816,0,4,9.58,88,98,NA,50.843,48.156,46.75,47.562
50878.0,17816,0,4,9.58,90,87,NA,51.843,48.562,46.718,47.687
50985.0,17816,0,4,9.75,100,99,NA,53.25,48.781,46.687,48.156
51095.0,17816,0,4,3.75,16,99,NA,53.0,49.093,47.031,48.125
51204.0,17816,0,4,11.92,100,59,NA,50.687,48.406,46.843,47.781
51312.0,17816,0,4,10.5,100,98,NA,50.875,48.468,46.937,47.562
51419.0,17816,0,4,8.25,81,98,NA,50.843,48.312,46.812,47.625
51527.0,17816,0,4,10.17,90,92,NA,50.968,48.343,46.843,47.687
51637.0,17816,0,4,8.17,90,87,NA,50.75,48.25,46.781,47.687
51744.0,17816,0,4,9.0,90,49,NA,50.968,48.406,46.875,47.75
51854.0,17816,0,4,9.08,100,99,NA,53.343,48.593,46.718,48.093
51960.0,17816,0,4,3.0,27,99,NA,53.718,49.0,46.843,48.343
52068.0,17816,0,4,8.92,81,84,NA,51.312,48.656,47.093,47.937
52175.0,17816,0,4,9.08,100,98,NA,51.156,48.531,46.812,47.843
52283.0,17816,0,4,9.67,81,98,NA,51.062,48.5,46.843,47.843
52392.0,17816,0,4,8.25,90,87,NA,50.937,48.406,46.875,47.812
52499.0,17816,0,4,8.25,90,98,NA,51.031,48.375,46.968,47.843
52607.0,17816,0,4,9.0,90,61,NA,51.406,48.281,47.062,47.75
52714.0,17816,0,4,13.42,100,99,NA,53.25,48.812,46.937,48.218
52824.0,17816,0,4,2.25,18,99,NA,53.906,49.187,47.0,48.375
52932.0,17816,0,4,8.33,90,77,NA,51.406,48.625,46.937,48.0
53041.0,17816,0,4,11.08,90,98,NA,51.25,48.656,47.062,47.843
53148.0,17816,0,4,7.5,90,86,NA,51.343,48.5,46.906,47.843
53261.0,17816,0,4,8.92,90,91,NA,51.062,48.593,46.906,47.812
53375.0,17816,0,4,10.25,75,98,NA,51.281,48.593,47.093,47.718
53484.0,17816,0,4,7.5,90,79,NA,52.187,48.531,46.875,47.937
53591.0,17816,0,4,10.42,100,99,NA,53.5,48.968,47.031,48.343
53725.0,17816,0,4,3.58,28,99,NA,52.25,49.093,47.093,48.343
53841.0,17816,0,4,10.42,100,76,NA,51.343,48.843,47.093,47.968
53948.0,17816,0,4,9.42,70,88,NA,51.187,48.437,47.0,47.875
54056.0,17816,0,4,9.0,90,86,NA,51.031,48.5,47.062,47.937
54172.0,17816,0,4,8.92,91,98,NA,51.187,48.625,47.093,47.906
54279.0,17816,0,4,8.25,90,98,NA,51.25,48.468,46.937,47.843
54395.0,17816,0,4,8.17,90,99,NA,53.187,48.687,47.031,48.093
54512.0,17816,0,4,7.67,76,99,NA,53.843,49.0,46.968,48.343
54620.0,17816,0,4,3.0,36,57,NA,51.75,49.062,47.062,48.312
54728.0,17816,0,4,9.83,100,74,NA,51.156,48.812,46.937,48.0
54835.0,17816,0,4,8.83,90,87,NA,51.093,48.562,47.093,47.906
54942.0,17816,0,4,8.25,90,98,NA,51.281,48.656,47.125,48.0
55051.0,17816,0,4,8.25,90,98,NA,51.531,48.562,47.062,47.906
55158.0,17816,0,4,9.75,90,98,NA,51.156,48.5,47.125,47.906
55268.0,17816,0,4,8.17,90,99,NA,52.875,48.781,47.031,48.125
55374.0,17816,0,4,9.75,90,99,NA,53.906,49.093,47.093,48.468
55498.0,17816,0,4,3.83,30,74,NA,52.281,49.281,47.093,48.312
55621.0,17816,0,4,11.92,100,81,NA,51.156,48.687,47.125,48.093
55728.0,17816,0,4,7.5,90,98,NA,51.187,48.687,47.25,48.093
55844.0,17816,0,4,8.33,91,98,NA,51.281,48.75,47.187,48.062
55951.0,17816,0,4,9.0,90,98,NA,51.281,48.531,47.093,47.968
56068.0,17816,0,4,7.5,75,98,NA,51.156,48.562,47.062,47.937
56185.0,17816,0,4,9.08,100,99,NA,53.093,48.906,47.093,48.343
56315.0,17816,0,4,6.0,50,99,NA,53.906,49.218,47.062,48.625
56433.0,17816,0,4,6.58,71,61,NA,51.25,48.937,47.187,48.25
56541.0,17816,0,4,8.33,100,98,NA,51.187,48.812,47.187,48.062
56649.0,17815,0,4,8.92,90,98,NA,51.156,48.562,47.156,48.093
56758.0,17815,0,4,8.25,90,98,NA,51.375,48.687,47.281,48.062
56867.0,17815,0,4,8.42,83,98,NA,51.375,48.531,47.093,48.031
56983.0,17815,0,4,9.5,90,77,NA,51.562,48.687,47.218,48.062
57100.0,17815,0,4,9.08,100,99,NA,53.593,49.062,47.156,48.437
57208.0,17815,0,4,5.0,36,99,NA,54.062,49.406,47.25,48.687
57341.0,17815,0,4,8.08,76,61,NA,51.312,49.062,47.281,48.187
57456.0,17815,0,4,9.67,100,98,NA,51.312,48.937,47.312,48.187
57562.0,17815,0,4,8.92,81,98,NA,51.406,48.843,47.281,48.125
57679.0,17815,0,4,8.17,90,88,NA,51.437,48.656,47.5,48.125
57793.0,17815,0,4,8.92,90,98,NA,51.531,48.843,47.406,48.125
57900.0,17815,0,4,10.33,90,60,NA,52.406,48.687,47.25,48.218
58016.0,17815,0,4,8.33,100,99,NA,53.937,49.187,47.281,48.593
58124.0,17815,0,4,2.17,9,99,NA,53.75,49.468,47.468,48.812
58233.0,17815,0,4,10.58,100,78,NA,51.687,49.0,47.312,48.312
58342.0,17815,0,4,8.33,91,98,NA,51.343,48.906,47.406,48.25
58449.0,17815,0,4,8.25,90,87,NA,51.687,48.781,47.468,48.156
58559.0,17815,0,4,8.25,90,98,NA,51.531,48.843,47.375,48.187
58665.0,17815,0,4,8.33,90,98,NA,51.625,48.875,47.437,48.093
58775.0,17815,0,4,8.25,83,60,NA,52.312,48.937,47.312,48.312
58883.0,17815,0,4,11.33,100,99,NA,53.656,49.437,47.468,48.781
58990.0,17815,0,4,3.5,15,99,NA,54.437,49.468,47.218,48.843
59098.0,17815,0,4,9.08,100,73,NA,51.375,49.093,47.406,48.437
59205.0,17815,0,4,9.75,90,98,NA,51.75,49.093,47.312,48.218
59314.0,17815,0,4,9.58,91,98,NA,51.437,48.843,47.343,48.312
59422.0,17815,0,4,8.75,90,88,NA,51.687,49.031,47.531,48.218
59531.0,17815,0,4,8.42,83,98,NA,51.5,48.937,47.406,48.312
59639.0,17815,0,4,8.25,90,61,NA,52.125,49.062,47.531,48.312
59746.0,17815,0,4,11.08,100,99,NA,53.687,49.343,47.437,48.687
59858.0,17815,0,4,2.83,25,99,NA,54.375,49.687,47.656,48.875
59967.0,17815,0,4,9.08,100,70,NA,51.687,49.156,47.468,48.531
60075.0,17815,0,4,10.42,90,98,NA,51.781,49.093,47.562,48.343
60183.0,17815,0,4,8.33,81,98,NA,51.531,49.0,47.375,48.312
60292.0,17815,0,4,8.25,90,87,NA,51.781,49.031,47.5,48.312
60399.0,17815,0,4,9.42,90,98,NA,51.687,48.906,47.437,48.25
60507.0,17815,0,4,9.0,90,56,NA,52.125,49.062,47.437,48.343
60614.0,17815,0,4,9.08,100,99,NA,54.25,49.562,47.406,48.781
60722.0,17815,0,4,2.33,18,99,NA,54.406,49.593,47.468,48.937
60833.0,17815,0,4,10.92,90,79,NA,51.687,49.375,47.437,48.5
60939.0,17815,0,4,11.25,90,98,NA,51.843,49.062,47.5,48.437
61062.0,17815,0,4,8.33,91,98,NA,51.812,49.093,47.593,48.593
61177.0,17815,0,4,7.58,91,98,NA,51.593,49.031,47.718,48.406
61283.0,17815,0,4,8.25,90,98,NA,51.593,49.125,47.5,48.343
61390.0,17815,0,4,7.5,90,98,NA,52.812,49.25,47.468,48.562
61499.0,17815,0,4,8.42,91,99,NA,53.968,49.562,47.687,48.812
61606.0,17815,0,4,0.83,10,99,NA,53.312,49.718,47.5,48.968
61716.0,17815,0,4,10.58,100,71,NA,51.5,49.406,47.687,48.5
61822.0,17815,0,4,8.92,90,98,NA,51.5,49.125,47.5,48.5
61930.0,17815,0,4,10.17,90,86,NA,51.656,49.062,47.593,48.468
62037.0,17815,0,4,8.25,90,96,NA,51.75,49.156,47.75,48.375
62148.0,17815,0,4,8.25,90,98,NA,51.718,49.187,47.625,48.531
62256.0,17815,0,4,9.08,90,60,NA,52.468,49.093,47.781,48.437
62364.0,17815,0,4,9.0,100,99,NA,54.093,49.562,47.531,48.968
62474.0,17815,0,4,2.67,16,99,NA,54.625,49.687,47.468,49.062
62606.0,17815,0,4,10.83,100,77,NA,51.625,49.281,47.5,48.625
62712.0,17815,0,4,7.5,90,98,NA,51.656,49.062,47.656,48.5
62822.0,17815,0,4,9.58,90,98,NA,51.937,49.312,47.812,48.468
62930.0,17815,0,4,8.25,81,98,NA,52.062,49.062,47.562,48.593
63038.0,17815,0,4,7.5,90,98,NA,51.781,49.218,47.718,48.531
63150.0,17815,0,4,9.58,90,84,NA,53.062,49.312,47.656,48.687
63256.0,17815,0,4,9.75,100,99,NA,54.562,49.843,47.781,48.968
63366.0,17815,0,4,2.25,18,85,NA,53.25,49.718,47.625,49.031
63476.0,17815,0,4,9.5,90,91,NA,51.906,49.531,47.812,48.656
63583.0,17815,0,4,9.83,100,87,NA,51.718,49.281,47.687,48.656
63693.0,17815,0,4,8.75,81,98,NA,51.906,49.343,47.812,48.593
63801.0,17815,0,4,9.58,90,98,NA,51.843,49.125,47.718,48.5
63908.0,17815,0,4,9.75,90,98,NA,51.781,49.125,47.75,48.593
64016.0,17815,0,4,8.83,90,99,NA,53.375,49.375,47.656,48.718
64122.0,17815,0,4,8.25,90,99,NA,54.343,49.75,47.781,49.062
64233.0,17815,0,4,2.75,25,87,NA,53.218,49.937,47.625,49.031
64340.0,17815,0,4,12.17,100,80,NA,51.781,49.375,47.781,48.75
64449.0,17815,0,4,9.67,90,97,NA,52.093,49.5,47.906,48.718
64556.0,17815,0,4,9.0,90,98,NA,52.25,49.281,47.687,48.656
64663.0,17815,0,4,7.5,90,98,NA,52.062,49.312,47.75,48.718
64770.0,17815,0,4,9.75,90,98,NA,52.031,49.343,47.656,48.625
64878.0,17815,0,4,8.17,90,99,NA,53.781,49.406,47.812,48.812
64985.0,17815,0,4,7.5,90,99,NA,54.406,49.968,47.906,49.312
65091.0,17815,0,4,5.5,18,99,NA,53.218,49.843,47.75,49.218
65199.0,17815,0,4,9.08,100,87,NA,52.187,49.5,47.843,48.781
65304.0,17815,0,4,11.08,90,89,NA,52.0,49.468,47.906,48.843
65412.0,17815,0,4,7.5,90,98,NA,52.093,49.343,47.75,48.687
65519.0,17815,0,4,9.67,90,98,NA,51.937,49.343,47.843,48.718
65627.0,17815,0,4,7.67,83,98,NA,51.937,49.468,48.0,48.656
65733.0,17815,0,4,8.83,90,80,NA,53.437,49.375,47.781,48.843
65843.0,17815,0,4,9.0,100,99,NA,54.343,49.968,47.906,49.312
65950.0,17815,0,4,1.58,10,80,NA,53.687,49.968,47.812,49.218
66059.0,17815,0,4,10.58,100,76,NA,51.781,49.562,48.062,48.906
66167.0,17815,0,4,9.75,90,98,NA,51.906,49.406,47.875,48.781
66274.0,17815,0,4,9.42,90,92,NA,51.906,49.406,47.906,48.812
66382.0,17815,0,4,8.92,90,88,NA,52.125,49.437,48.031,48.687
66489.0,17815,0,4,7.67,83,98,NA,52.281,49.343,47.937,48.781
66598.0,17815,0,4,8.92,90,71,NA,52.75,49.562,48.062,48.812
66705.0,17815,0,4,8.33,100,99,NA,54.312,49.843,47.937,49.218
66813.0,17815,0,4,0.83,10,99,NA,55.281,50.062,47.968,49.437
66921.0,17818,0,4,9.17,90,49,NA,51.906,49.5,48.062,48.812
67030.0,17818,0,4,12.42,100,80,NA,51.656,49.437,47.968,48.75
67137.0,17818,0,4,10.0,100,98,NA,52.031,49.531,48.125,48.718
67244.0,17818,0,4,8.75,81,98,NA,51.968,49.375,47.968,48.781
67352.0,17818,0,4,7.5,90,98,NA,52.125,49.406,48.093,48.781
67459.0,17818,0,4,8.17,81,98,NA,52.125,49.343,48.187,48.687
67568.0,17818,0,4,9.83,100,99,NA,53.812,49.781,48.031,49.125
67675.0,17818,0,4,6.67,63,99,NA,54.968,50.156,48.156,49.312
67783.0,17818,0,4,5.33,45,91,NA,52.843,49.875,48.0,49.312
67890.0,17818,0,4,9.75,100,98,NA,52.062,49.625,48.125,49.062
67997.0,17818,0,4,8.83,90,98,NA,52.281,49.5,47.875,48.843
68104.0,17818,0,4,7.5,90,98,NA,52.093,49.468,48.062,48.843
68211.0,17818,0,4,8.83,81,98,NA,52.125,49.562,48.093,48.937
68318.0,17818,0,4,8.17,90,95,NA,52.093,49.5,48.031,48.781
68424.0,17818,0,4,9.75,100,99,NA,54.0,49.875,48.031,49.187
68532.0,17818,0,4,6.25,66,99,NA,54.875,50.156,48.156,49.468
68639.0,17818,0,4,4.5,45,64,NA,52.593,49.75,48.062,49.25
68748.0,17818,0,4,10.58,100,77,NA,51.968,49.75,48.187,49.062
68855.0,17818,0,4,8.92,90,98,NA,52.156,49.562,48.031,48.968
68965.0,17818,0,4,9.58,90,98,NA,52.218,49.625,48.125,49.031
69072.0,17818,0,4,9.0,90,98,NA,52.406,49.687,48.062,48.843
69181.0,17818,0,4,8.17,63,98,NA,52.093,49.562,48.125,48.937
69288.0,17818,0,4,9.08,100,99,NA,54.0,49.937,48.218,49.218
69396.0,17818,0,4,6.67,72,99,NA,54.656,50.156,48.125,49.468
69505.0,17818,0,4,4.75,40,65,NA,53.125,50.062,48.187,49.281
69612.0,17818,0,4,9.17,100,71,NA,52.187,49.75,48.125,49.031
69722.0,17818,0,4,9.67,91,90,NA,52.187,49.687,48.187,49.093
69829.0,17818,0,4,7.5,90,98,NA,52.093,49.562,48.062,48.906
69938.0,17818,0,4,8.92,90,98,NA,52.281,49.562,48.156,49.031
70045.0,17818,0,4,8.08,81,98,NA,52.375,49.687,48.25,48.937
70152.0,17818,0,4,7.5,90,99,NA,53.687,49.843,48.187,49.093
70262.0,17818,0,4,9.58,90,99,NA,55.0,50.25,48.281,49.468
70371.0,17818,0,4,4.08,33,56,NA,53.281,50.093,48.218,49.375
70480.0,17818,0,4,10.5,63,74,NA,52.093,49.968,48.343,49.031
70589.0,17818,0,4,8.83,90,98,NA,52.062,49.656,48.187,49.0
70696.0,17818,0,4,10.33,90,90,NA,52.437,49.718,48.312,49.093
70806.0,17818,0,4,11.25,90,86,NA,52.625,49.625,48.218,48.906
70913.0,17818,0,4,8.25,90,98,NA,52.468,49.718,48.312,49.0
71023.0,17818,0,4,8.83,90,58,NA,53.156,49.718,48.218,49.093
71131.0,17818,0,4,9.75,100,99,NA,54.593,50.125,48.312,49.625
71237.0,17818,0,4,2.0,16,99,NA,55.437,50.531,48.156,49.625
71348.0,17818,0,4,13.58,100,71,NA,52.187,49.937,48.312,49.312
71456.0,17818,0,4,10.58,100,98,NA,52.218,49.937,48.187,49.156
71566.0,17818,0,4,8.67,81,98,NA,52.437,49.812,48.343,49.218
71675.0,17818,0,4,9.75,91,89,NA,52.468,49.687,48.156,49.031
71782.0,17818,0,4,9.75,90,98,NA,52.375,49.687,48.218,49.062
71894.0,17818,0,4,7.42,81,56,NA,52.781,49.781,48.281,49.125
72001.0,17818,0,4,8.33,100,99,NA,54.625,50.312,48.312,49.593
72109.0,17818,0,4,3.75,27,99,NA,55.25,50.531,48.25,49.718
72219.0,17818,0,4,9.42,80,89,NA,52.593,50.093,48.343,49.5
72327.0,17818,0,4,9.08,54,98,NA,52.75,50.125,48.25,49.281
72435.0,17818,0,4,7.5,90,98,NA,52.875,49.75,48.406,49.25
72552.0,17818,0,4,8.92,91,98,NA,52.968,49.843,48.375,49.25
72669.0,17818,0,4,8.17,90,98,NA,53.062,49.875,48.343,49.25
72785.0,17818,0,4,9.08,84,99,NA,54.093,50.062,48.343,49.531
72891.0,17818,0,4,8.25,90,99,NA,54.843,50.531,48.5,49.718
73008.0,17818,0,4,4.67,33,79,NA,53.656,50.468,48.531,49.625
73125.0,17818,0,4,9.75,100,83,NA,53.062,50.125,48.593,49.406
73233.0,17818,0,4,9.58,90,98,NA,52.968,49.937,48.468,49.343
73340.0,17818,0,4,8.92,90,98,NA,53.125,49.937,48.531,49.375
73448.0,17818,0,4,8.67,72,98,NA,53.031,49.812,48.375,49.218
73568.0,17818,0,4,8.92,91,98,NA,52.906,49.875,48.343,49.312
73675.0,17818,0,4,9.75,100,99,NA,54.718,50.343,48.468,49.718
73792.0,17818,0,4,4.42,45,99,NA,55.156,50.625,48.531,50.0
73921.0,17818,0,4,8.33,78,69,NA,52.75,50.218,48.5,49.625
74028.0,17818,0,4,9.67,90,98,NA,52.875,50.031,48.406,49.406
74145.0,17818,0,4,9.0,83,89,NA,53.0,49.968,48.437,49.343
74260.0,17818,0,4,9.42,90,88,NA,53.25,50.125,48.406,49.343
74366.0,17818,0,4,8.25,90,98,NA,53.031,49.875,48.375,49.312
74473.0,17818,0,4,7.5,90,74,NA,53.531,50.156,48.562,49.5
74583.0,17818,0,4,10.5,100,99,NA,55.187,50.375,48.406,49.781
74690.0,17818,0,4,2.08,9,99,NA,55.062,50.687,48.437,50.031
74800.0,17818,0,4,11.33,100,78,NA,52.593,50.156,48.531,49.562
74907.0,17818,0,4,19.67,90,96,NA,53.031,50.062,48.531,49.5
75016.0,17818,0,4,7.5,90,88,NA,53.375,49.937,48.437,49.343
75123.0,17818,0,4,8.92,90,98,NA,53.031,50.093,48.531,49.437
75231.0,17818,0,4,10.33,90,98,NA,53.25,50.093,48.625,49.312
75337.0,17818,0,4,7.5,90,60,NA,53.593,50.031,48.531,49.468
75444.0,17818,0,4,9.83,100,99,NA,55.281,50.5,48.531,49.843
75556.0,17818,0,4,3.33,16,99,NA,54.687,50.625,48.531,50.0
75663.0,17818,0,4,10.42,100,69,NA,52.75,50.218,48.656,49.531
75772.0,17818,0,4,9.83,100,98,NA,52.968,50.062,48.531,49.406
75879.0,17818,0,4,7.58,81,98,NA,52.968,50.0,48.593,49.468
75988.0,17818,0,4,8.92,90,98,NA,53.343,50.156,48.531,49.375
76096.0,17818,0,4,8.17,80,98,NA,53.312,50.031,48.5,49.375
76205.0,17818,0,4,8.25,90,54,NA,53.656,50.25,48.687,49.468
76312.0,17818,0,4,9.83,100,99,NA,54.906,50.5,48.5,49.875
76420.0,17818,0,4,2.75,33,99,NA,55.218,50.687,48.687,50.093
76530.0,17818,0,4,9.25,84,60,NA,53.093,50.281,48.531,49.656
76639.0,17818,0,4,9.08,100,95,NA,53.375,50.375,48.718,49.562
76747.0,17818,0,4,9.0,100,98,NA,53.75,50.062,48.562,49.562
76855.0,17818,0,4,7.0,75,98,NA,53.281,50.156,48.687,49.562
76963.0,17818,0,4,9.0,90,98,NA,53.75,50.0,48.593,49.468
77072.0,17821,0,4,9.92,90,58,NA,53.625,50.093,48.531,49.468
77179.0,17818,0,4,10.42,90,99,NA,54.75,50.656,48.781,49.781
77290.0,17818,0,4,5.17,54,99,NA,55.687,50.75,48.687,50.125
77398.0,17818,0,4,8.08,63,76,NA,53.093,50.656,48.531,49.812
77505.0,17818,0,4,9.92,91,98,NA,53.156,50.218,48.656,49.687
77613.0,17818,0,4,8.25,90,98,NA,53.281,50.343,48.781,49.5
77720.0,17818,0,4,9.33,80,98,NA,53.0,50.125,48.593,49.562
77830.0,17818,0,4,8.17,90,88,NA,53.312,50.187,48.781,49.593
77937.0,17818,0,4,9.58,90,49,NA,53.437,50.125,48.625,49.5
78047.0,17818,0,4,10.33,100,99,NA,54.968,50.625,48.718,49.937
78156.0,17818,0,4,4.42,36,99,NA,55.468,50.875,48.687,50.187
78264.0,17818,0,4,7.58,72,69,NA,53.156,50.562,48.843,49.906
78374.0,17818,0,4,9.67,100,98,NA,53.218,50.281,48.687,49.687
78482.0,17818,0,4,8.92,90,98,NA,53.312,50.25,48.718,49.75
78592.0,17818,0,4,6.75,81,98,NA,53.375,50.218,48.656,49.593
78702.0,17818,0,4,9.67,90,96,NA,53.343,50.25,48.812,49.656
78810.0,17818,0,4,7.5,90,53,NA,53.312,50.187,48.625,49.625
78920.0,17818,0,4,9.08,100,99,NA,55.093,50.656,48.843,50.031
79030.0,17818,0,4,5.0,27,99,NA,55.5,50.875,48.718,50.25
79137.0,17818,0,4,6.75,81,71,NA,53.093,50.562,48.875,49.875
79247.0,17818,0,4,11.75,100,98,NA,53.562,50.406,48.75,49.718
79356.0,17818,0,4,7.42,80,98,NA,53.25,50.343,48.843,49.781
79464.0,17818,0,4,7.5,90,98,NA,53.375,50.312,48.812,49.687
79575.0,17818,0,4,9.58,90,87,NA,53.5,50.343,49.0,49.656
79683.0,17818,0,4,7.5,81,57,NA,53.437,50.218,48.718,49.656
79793.0,17818,0,4,11.08,100,99,NA,55.281,50.875,49.031,50.0
79904.0,17818,0,4,3.58,20,99,NA,55.656,50.968,48.75,50.312
80011.0,17818,0,4,9.0,90,71,NA,53.25,50.656,49.0,49.906
80121.0,17818,0,4,9.0,100,98,NA,53.281,50.375,48.843,49.718
80229.0,17818,0,4,7.75,84,98,NA,53.468,50.437,48.968,49.781
80339.0,17818,0,4,8.92,90,98,NA,53.312,50.25,48.843,49.718
80447.0,17818,0,4,7.5,81,87,NA,53.437,50.406,48.968,49.656
80555.0,17818,0,4,9.5,90,56,NA,53.406,50.343,48.812,49.687
80667.0,17818,0,4,9.0,100,99,NA,55.343,51.0,48.781,50.125
80779.0,17818,0,4,4.33,27,99,NA,55.531,51.093,49.031,50.375
80888.0,17818,0,4,9.67,90,80,NA,53.343,50.687,48.875,49.937
80996.0,17818,0,4,8.25,90,98,NA,53.5,50.531,49.031,49.875
81106.0,17818,0,4,8.92,81,98,NA,53.312,50.406,48.906,49.781
81214.0,17818,0,4,8.92,90,88,NA,53.562,50.531,48.968,49.843
81324.0,17818,0,4,7.5,90,98,NA,53.437,50.312,48.875,49.843
81436.0,17818,0,4,9.5,90,61,NA,53.812,50.593,49.093,49.843
81544.0,17818,0,4,9.08,100,99,NA,55.468,50.875,48.937,50.25
81653.0,17818,0,4,2.17,9,99,NA,55.656,51.218,49.125,50.375
81764.0,17818,0,4,9.75,100,63,NA,52.968,50.625,49.0,49.937
81872.0,17818,0,4,9.17,100,98,NA,53.5,50.562,49.093,49.75
81981.0,17818,0,4,9.58,90,98,NA,53.312,50.468,49.031,49.812
82090.0,17818,0,4,8.92,81,98,NA,53.687,50.531,49.156,49.687
82197.0,17818,0,4,9.67,90,98,NA,53.5,50.437,48.968,49.812
82307.0,17818,0,4,8.25,90,54,NA,53.5,50.5,49.093,49.75
82416.0,17818,0,4,9.75,100,99,NA,55.312,50.781,49.031,50.25
82523.0,17818,0,4,2.75,33,99,NA,55.656,51.187,49.093,50.562
82633.0,17818,0,4,7.42,80,75,NA,53.437,50.781,48.937,50.062
82740.0,17818,0,4,12.0,100,98,NA,53.625,50.656,49.093,50.0
82851.0,17818,0,4,6.75,81,98,NA,53.437,50.5,49.031,49.875
82959.0,17818,0,4,7.5,90,88,NA,53.687,50.625,49.125,49.937
83065.0,17818,0,4,9.67,90,97,NA,53.812,50.437,49.0,49.843
83171.0,17818,0,4,10.58,84,53,NA,53.937,50.531,49.0,49.906
83278.0,17818,0,4,11.25,100,99,NA,55.281,50.937,49.125,50.343
83387.0,17818,0,4,4.25,27,99,NA,55.687,51.156,49.031,50.468
83494.0,17818,0,4,9.42,90,82,NA,53.281,50.906,49.156,50.218
83604.0,17818,0,4,8.25,90,98,NA,53.843,50.593,49.062,49.937
83712.0,17818,0,4,8.92,90,98,NA,53.562,50.531,49.062,49.968
83821.0,17818,0,4,8.33,83,88,NA,53.593,50.531,49.031,49.843
83930.0,17818,0,4,7.5,90,98,NA,53.656,50.531,49.093,49.906
84036.0,17818,0,4,10.25,90,61,NA,53.812,50.718,49.187,50.031
84144.0,17818,0,4,9.75,100,99,NA,55.375,51.093,49.031,50.406
84252.0,17818,0,4,2.83,18,99,NA,56.0,51.25,49.187,50.687
84363.0,17818,0,4,11.25,100,74,NA,53.531,50.812,49.093,50.187
84471.0,17818,0,4,9.08,83,98,NA,53.625,50.843,49.25,50.062
84579.0,17818,0,4,9.58,90,88,NA,53.625,50.593,49.125,49.968
84688.0,17818,0,4,8.33,90,95,NA,53.562,50.656,49.187,50.031
84795.0,17818,0,4,7.5,90,98,NA,53.968,50.5,49.062,49.906
84905.0,17818,0,4,10.25,90,61,NA,54.062,50.687,49.187,50.062
85012.0,17818,0,4,8.33,100,99,NA,55.468,50.968,49.031,50.468
85119.0,17818,0,4,2.25,9,99,NA,55.875,51.312,49.156,50.593
85228.0,17818,0,4,8.33,100,73,NA,53.468,51.062,49.343,50.156
85335.0,17818,0,4,8.33,100,98,NA,53.843,50.656,49.156,50.062
85446.0,17818,0,4,8.25,81,98,NA,53.531,50.781,49.375,50.062
85554.0,17818,0,4,8.92,90,88,NA,53.593,50.656,49.156,50.031
85662.0,17818,0,4,8.25,90,98,NA,53.875,50.687,49.312,50.062
85771.0,17818,0,4,8.92,83,59,NA,53.781,50.656,49.187,50.062
85879.0,17818,0,4,8.33,100,99,NA,55.687,51.125,49.25,50.562
85988.0,17818,0,4,4.92,27,99,NA,56.312,51.375,49.187,50.562
86097.0,17818,0,4,9.08,90,77,NA,53.656,50.906,49.281,50.312
86205.0,17818,0,4,9.75,100,98,NA,53.781,50.781,49.312,50.156
86315.0,17818,0,4,9.5,81,98,NA,53.625,50.906,49.312,50.187
86423.0,17818,0,4,8.25,90,87,NA,54.0,50.625,49.156,50.093
86533.0,17818,0,4,8.17,81,97,NA,53.781,50.687,49.406,50.093
86640.0,17818,0,4,8.83,90,59,NA,53.718,50.625,49.218,50.093
86750.0,17818,0,4,9.75,100,99,NA,55.562,51.343,49.218,50.562
86859.0,17818,0,4,2.92,18,99,NA,56.062,51.312,49.187,50.687
86968.0,17818,0,4,9.75,100,63,NA,53.375,51.0,49.375,50.343
87076.0,17818,0,4,11.08,100,98,NA,53.531,50.843,49.281,50.156
87187.0,17818,0,4,8.83,81,98,NA,53.656,50.812,49.281,50.218
87294.0,17818,0,4,7.5,90,89,NA,53.937,50.656,49.187,50.062
87403.0,17818,0,4,9.5,90,88,NA,53.75,50.875,49.281,50.218
87512.0,17818,0,4,8.25,83,50,NA,54.031,50.781,49.093,50.125
87620.0,17818,0,4,10.33,100,99,NA,55.906,51.125,49.25,50.656
87729.0,17818,0,4,3.75,27,99,NA,56.062,51.375,49.312,50.718
87840.0,17818,0,4,7.42,63,74,NA,53.656,51.093,49.343,50.406
87948.0,17818,0,4,10.42,100,98,NA,54.031,50.875,49.312,50.218
88057.0,17818,0,4,8.75,81,98,NA,53.781,50.906,49.312,50.281
88166.0,17818,0,4,10.25,90,88,NA,53.906,50.906,49.218,50.187
88273.0,17818,0,4,7.5,90,88,NA,53.843,50.781,49.281,50.281
88384.0,17818,0,4,8.83,90,51,NA,54.093,51.0,49.312,50.25
88492.0,17818,0,4,9.08,100,99,NA,55.687,51.281,49.406,50.687
88600.0,17818,0,4,3.0,20,99,NA,56.062,51.562,49.5,50.812
88713.0,17818,0,4,8.33,83,64,NA,53.687,51.062,49.468,50.406
88820.0,17818,0,4,9.08,100,97,NA,53.812,50.875,49.406,50.281
88930.0,17818,0,4,8.92,90,98,NA,53.937,51.0,49.375,50.312
89041.0,17818,0,4,8.25,84,98,NA,53.875,50.812,49.343,50.25
89149.0,17818,0,4,7.5,90,88,NA,54.0,50.843,49.5,50.25
89259.0,17818,0,4,8.25,90,49,NA,53.906,50.875,49.406,50.218
89367.0,17818,0,4,7.58,91,99,NA,55.625,51.281,49.437,50.625
89476.0,17818,0,4,3.75,36,99,NA,56.093,51.5,49.437,50.843
89587.0,17818,0,4,9.0,81,68,NA,53.687,51.25,49.531,50.406
89694.0,17818,0,4,9.08,100,98,NA,54.187,50.843,49.437,50.343
89805.0,17818,0,4,9.0,83,98,NA,53.906,51.062,49.5,50.343
89913.0,17818,0,4,9.0,90,88,NA,53.937,50.843,49.375,50.281
90021.0,17818,0,4,8.92,90,88,NA,54.156,51.0,49.5,50.218
90130.0,17818,0,4,6.92,83,51,NA,54.093,51.0,49.468,50.281
90238.0,17818,0,4,9.08,100,99,NA,55.75,51.5,49.468,50.75
90348.0,17818,0,4,2.5,30,99,NA,56.468,51.5,49.437,50.906
90458.0,17818,0,4,10.25,81,77,NA,53.625,51.312,49.593,50.656
90564.0,17818,0,4,9.08,100,98,NA,54.187,51.093,49.468,50.375
90674.0,17818,0,4,8.25,83,98,NA,53.937,51.0,49.531,50.406
90781.0,17818,0,4,9.5,90,98,NA,54.25,50.968,49.468,50.281
90891.0,17818,0,4,7.5,90,98,NA,54.156,50.968,49.5,50.281
90998.0,17818,0,4,8.25,83,55,NA,54.187,51.0,49.687,50.343
91104.0,17818,0,4,9.75,100,99,NA,56.156,51.406,49.468,50.718
91215.0,17818,0,4,3.0,36,99,NA,56.218,51.718,49.656,51.093
91323.0,17818,0,4,9.0,81,74,NA,53.656,51.312,49.531,50.687
91431.0,17818,0,4,10.42,100,98,NA,54.093,51.187,49.718,50.406
91538.0,17818,0,4,7.5,81,98,NA,53.906,51.031,49.5,50.406
91646.0,17818,0,4,8.33,81,88,NA,54.062,51.0,49.562,50.468
91754.0,17818,0,4,7.58,91,87,NA,54.343,51.0,49.5,50.312
91861.0,17818,0,4,8.83,90,51,NA,54.187,51.093,49.5,50.5
91970.0,17818,0,4,10.5,100,99,NA,56.062,51.625,49.75,50.875
92079.0,17818,0,4,2.42,20,99,NA,56.281,51.718,49.562,51.062
92185.0,17818,0,4,8.33,81,81,NA,54.0,51.5,49.718,50.718
92293.0,17818,0,4,9.75,100,98,NA,54.468,51.218,49.5,50.531
92399.0,17818,0,4,9.58,81,98,NA,54.062,51.156,49.593,50.5
92506.0,17818,0,4,8.25,90,88,NA,54.25,51.156,49.687,50.593
92613.0,17818,0,4,9.5,90,98,NA,54.25,51.031,49.562,50.437
92723.0,17818,0,4,7.5,81,55,NA,54.281,51.187,49.625,50.562
92830.0,17818,0,4,9.08,100,99,NA,56.25,51.687,49.5,50.812
92938.0,17818,0,4,2.42,20,99,NA,56.468,51.812,49.687,51.187
93047.0,17818,0,4,8.17,90,82,NA,54.312,51.531,49.843,50.625
93154.0,17818,0,4,9.08,90,98,NA,54.125,51.156,49.625,50.593
93264.0,17818,0,4,8.83,90,92,NA,54.437,51.218,49.812,50.468
93372.0,17818,0,4,7.5,81,98,NA,54.312,51.062,49.625,50.5
93480.0,17818,0,4,8.25,90,98,NA,54.343,51.281,49.781,50.437
93588.0,17818,0,4,9.75,91,71,NA,55.125,51.218,49.593,50.593
93697.0,17818,0,4,9.08,100,99,NA,56.218,51.656,49.687,51.093
93807.0,17818,0,4,2.83,16,99,NA,55.968,51.843,49.656,51.156
93915.0,17818,0,4,10.0,100,66,NA,53.718,51.468,49.718,50.75
94024.0,17818,0,4,10.5,100,98,NA,54.593,51.218,49.718,50.656
94135.0,17818,0,4,6.75,81,98,NA,54.156,51.218,49.937,50.5
94244.0,17818,0,4,8.92,90,91,NA,54.156,51.093,49.687,50.531
94353.0,17818,0,4,7.5,90,98,NA,54.406,51.187,49.937,50.5
94461.0,17818,0,4,9.5,90,60,NA,54.312,51.125,49.687,50.562
94569.0,17818,0,4,11.0,100,99,NA,56.0,51.718,49.656,51.031
94678.0,17818,0,4,2.83,25,99,NA,56.437,51.812,49.718,51.25
94786.0,17818,0,4,8.25,90,65,NA,54.031,51.562,49.75,50.75
94893.0,17818,0,4,9.75,100,98,NA,54.468,51.312,49.656,50.625
95001.0,17818,0,4,6.75,81,98,NA,54.062,51.312,49.812,50.656
95108.0,17818,0,4,9.0,90,87,NA,54.25,51.375,49.906,50.625
95217.0,17818,0,4,8.25,90,98,NA,54.25,51.281,49.75,50.531
95325.0,17818,0,4,8.25,90,54,NA,54.468,51.343,49.906,50.562
95433.0,17818,0,4,9.08,100,99,NA,55.875,51.656,49.718,51.031
95541.0,17818,0,4,4.42,27,99,NA,56.75,51.968,49.718,51.281
95652.0,17818,0,4,8.42,83,78,NA,54.312,51.468,49.781,50.812
95761.0,17818,0,4,9.67,90,98,NA,54.406,51.406,49.843,50.75
95870.0,17818,0,4,8.75,90,98,NA,54.312,51.343,49.75,50.687
95982.0,17818,0,4,9.58,90,98,NA,54.531,51.25,50.0,50.593
96090.0,17818,0,4,8.33,91,98,NA,54.468,51.312,49.718,50.625
96198.0,17818,0,4,6.75,81,59,NA,54.562,51.531,49.812,50.656
96309.0,17818,0,4,9.75,100,99,NA,56.218,51.718,49.875,51.218
96421.0,17818,0,4,1.5,10,99,NA,55.812,51.937,49.812,51.281
96528.0,17818,0,4,9.75,100,63,NA,53.812,51.562,49.781,50.781
96636.0,17818,0,4,9.0,100,98,NA,54.468,51.625,49.781,50.687
96746.0,17818,0,4,8.83,81,98,NA,54.281,51.437,49.875,50.625
96856.0,17818,0,4,8.25,90,87,NA,54.343,51.281,49.843,50.687
96965.0,17818,0,4,6.92,83,87,NA,54.468,51.375,49.843,50.718
97075.0,17818,0,4,9.58,90,52,NA,54.312,51.312,49.781,50.656
97184.0,17818,0,4,10.92,100,99,NA,56.343,51.843,49.906,51.156
97292.0,17818,0,4,3.75,27,99,NA,56.656,51.968,49.812,51.312
97402.0,17818,0,4,8.25,90,68,NA,54.031,51.656,50.0,51.0
97513.0,17818,0,4,9.0,100,98,NA,54.312,51.5,49.875,50.718
97621.0,17818,0,4,9.0,81,98,NA,54.437,51.5,49.937,50.875
97731.0,17818,0,4,9.0,90,86,NA,54.406,51.343,49.906,50.718
97839.0,17818,0,4,7.67,83,98,NA,54.468,51.5,50.0,50.687
97947.0,17818,0,4,7.5,90,54,NA,54.375,51.406,49.906,50.687
98057.0,17818,0,4,8.33,100,99,NA,56.031,51.937,50.0,51.281
98166.0,17818,0,4,3.75,27,99,NA,56.593,51.968,49.875,51.375
98274.0,17818,0,4,9.67,90,78,NA,54.156,51.718,50.062,51.156
98382.0,17818,0,4,9.0,90,98,NA,54.843,51.5,49.843,50.812
98490.0,17818,0,4,7.58,81,98,NA,54.531,51.5,50.0,50.906
98601.0,17818,0,4,8.25,90,89,NA,54.468,51.375,49.937,50.75
98708.0,17818,0,4,8.25,90,98,NA,54.468,51.468,49.906,50.75
98818.0,17818,0,4,8.83,90,61,NA,54.781,51.5,49.937,50.843
98927.0,17818,0,4,9.0,100,99,NA,56.25,51.968,50.093,51.343
99037.0,17818,0,4,3.58,18,99,NA,56.593,52.093,50.0,51.406
99145.0,17818,0,4,9.5,90,85,NA,54.343,51.781,50.062,51.093
99253.0,17818,0,4,8.25,90,98,NA,54.531,51.5,49.937,50.875
99365.0,17818,0,4,9.0,90,88,NA,54.781,51.625,50.125,50.875
99473.0,17818,0,4,8.33,90,98,NA,54.875,51.5,49.968,50.875
99581.0,17819,0,4,9.58,90,98,NA,54.75,51.5,50.062,50.812
99690.0,17819,0,4,7.67,83,86,NA,55.218,51.593,49.906,51.0
99798.0,17819,0,4,9.83,100,99,NA,56.812,52.0,50.0,51.375
99908.0,17819,0,4,2.92,18,99,NA,55.843,52.125,50.0,51.468
100016.0,17819,0,4,10.5,100,76,NA,54.125,51.75,50.062,51.093
100123.0,17819,0,4,8.25,90,98,NA,54.375,51.718,49.968,50.937
100233.0,17819,0,4,9.67,90,88,NA,54.75,51.625,50.156,50.968
100342.0,17819,0,4,8.25,90,98,NA,54.843,51.718,50.0,50.812
100451.0,17819,0,4,8.33,83,98,NA,54.687,51.562,50.062,50.937
100559.0,17819,0,4,9.67,90,88,NA,55.093,51.875,50.218,51.0
100667.0,17819,0,4,10.5,100,99,NA,56.468,52.093,50.0,51.406
100780.0,17819,0,4,4.17,18,99,NA,55.781,52.125,50.0,51.406
100888.0,17819,0,4,9.75,100,58,NA,54.25,51.75,50.156,50.968
100997.0,17819,0,4,11.25,100,98,NA,54.687,51.562,50.0,50.75
101106.0,17819,0,4,7.58,83,98,NA,54.531,51.593,50.125,50.937
101215.0,17819,0,4,8.25,90,98,NA,54.468,51.468,50.0,50.875
101324.0,17819,0,4,8.92,90,88,NA,54.75,51.562,50.062,50.968
101433.0,17819,0,4,7.75,84,49,NA,54.781,51.593,50.093,50.937
101541.0,17819,0,4,9.0,100,99,NA,56.375,52.0,50.062,51.375
101651.0,17819,0,4,5.08,36,99,NA,56.718,52.218,50.062,51.5
101758.0,17819,0,4,9.58,80,72,NA,54.656,51.906,50.156,51.218
101866.0,17819,0,4,11.08,100,98,NA,54.75,51.718,50.375,51.062
101974.0,17819,0,4,7.5,81,98,NA,54.468,51.687,50.125,51.062
102082.0,17819,0,4,8.33,81,88,NA,54.875,51.781,50.281,51.0
102191.0,17819,0,4,8.92,90,98,NA,54.875,51.656,50.125,50.937
102299.0,17819,0,4,9.0,90,54,NA,54.781,51.687,50.25,51.125
102409.0,17819,0,4,8.33,100,99,NA,56.375,52.093,50.062,51.468
102519.0,17819,0,4,4.33,27,99,NA,56.718,52.468,50.375,51.593
102627.0,17819,0,4,7.75,84,69,NA,54.312,51.875,50.156,51.218
102736.0,17819,0,4,10.58,100,98,NA,55.0,51.843,50.312,51.093
102843.0,17819,0,4,9.0,90,98,NA,54.718,51.718,50.156,51.062
102954.0,17819,0,4,9.42,81,98,NA,54.812,51.75,50.281,50.937
103062.0,17819,0,4,9.67,90,96,NA,54.781,51.656,50.093,51.093
103170.0,17819,0,4,8.17,90,53,NA,54.75,51.687,50.218,51.031
103279.0,17819,0,4,9.67,100,99,NA,56.187,52.125,50.093,51.437
103387.0,17819,0,4,4.42,27,99,NA,56.968,52.375,50.312,51.625
103496.0,17819,0,4,7.67,81,67,NA,54.25,51.968,50.187,51.343
103603.0,17819,0,4,9.08,100,98,NA,54.812,51.812,50.281,51.187
103713.0,17819,0,4,8.17,81,98,NA,54.906,51.75,50.218,51.093
103822.0,17819,0,4,8.83,90,98,NA,54.843,51.718,50.281,51.156
103930.0,17819,0,4,8.25,90,88,NA,54.781,51.843,50.156,51.031
104038.0,17819,0,4,8.33,90,49,NA,54.843,51.687,50.281,51.156
104145.0,17819,0,4,9.08,100,99,NA,56.406,52.406,50.406,51.5
104255.0,17819,0,4,3.5,33,99,NA,57.312,52.406,50.312,51.687
104364.0,17819,0,4,9.67,80,64,NA,54.656,52.093,50.343,51.343
104470.0,17819,0,4,9.08,100,97,NA,54.656,51.75,50.218,51.156
104579.0,17819,0,4,9.0,90,98,NA,55.0,51.812,50.312,51.25
104686.0,17819,0,4,7.58,81,98,NA,54.875,51.843,50.156,51.125
104795.0,17819,0,4,8.17,90,86,NA,54.843,51.718,50.375,51.125
104903.0,17819,0,4,8.25,81,44,NA,55.125,51.75,50.406,51.187
105012.0,17819,0,4,9.67,100,99,NA,56.718,52.156,50.25,51.531
105125.0,17819,0,4,5.75,45,99,NA,57.156,52.5,50.281,51.718
105234.0,17819,0,4,9.25,75,80,NA,54.843,52.218,50.468,51.5
105342.0,17819,0,4,10.42,100,98,NA,55.093,51.875,50.312,51.25
105452.0,17819,0,4,7.5,81,98,NA,54.75,51.906,50.437,51.281
105559.0,17819,0,4,8.33,83,88,NA,54.968,51.812,50.218,51.187
105668.0,17819,0,4,7.5,90,98,NA,55.031,51.937,50.406,51.312
105777.0,17819,0,4,8.83,90,58,NA,55.062,51.875,50.343,51.187
105885.0,17819,0,4,8.33,100,99,NA,56.687,52.343,50.375,51.687
105994.0,17819,0,4,3.75,20,99,NA,57.031,52.687,50.343,51.781
106104.0,17819,0,4,8.42,83,74,NA,54.531,52.156,50.468,51.468
106211.0,17819,0,4,11.08,100,98,NA,55.031,51.843,50.531,51.25
106320.0,17819,0,4,6.75,81,98,NA,54.843,51.937,50.375,51.312
106428.0,17819,0,4,7.5,90,98,NA,55.187,52.0,50.468,51.156
106535.0,17819,0,4,11.0,90,87,NA,55.218,51.812,50.312,51.281
106643.0,17819,0,4,8.92,90,50,NA,55.125,51.937,50.406,51.312
106751.0,17819,0,4,9.75,100,99,NA,56.531,52.343,50.312,51.687
106860.0,17819,0,4,2.42,20,99,NA,57.093,52.625,50.437,51.875
106972.0,17819,0,4,7.58,81,63,NA,54.593,52.031,50.375,51.406
107077.0,17819,0,4,9.67,100,96,NA,54.906,51.968,50.5,51.343
107188.0,17819,0,4,8.92,91,98,NA,54.906,51.812,50.312,51.218
107296.0,17819,0,4,7.08,77,98,NA,54.937,51.968,50.437,51.343
107404.0,17819,0,4,7.5,90,87,NA,55.187,51.812,50.375,51.312
107511.0,17819,0,4,9.67,90,41,NA,55.125,51.937,50.406,51.312
107618.0,17819,0,4,8.33,100,99,NA,56.531,52.406,50.468,51.562
107729.0,17819,0,4,4.08,41,99,NA,57.0,52.531,50.406,51.968
107836.0,17819,0,4,7.58,72,71,NA,54.843,52.406,50.531,51.656
107945.0,17819,0,4,11.17,100,98,NA,55.093,52.093,50.406,51.437
108053.0,17819,0,4,9.67,90,98,NA,55.25,52.125,50.437,51.437
108161.0,17819,0,4,6.75,81,98,NA,55.281,51.968,50.468,51.375
108273.0,17819,0,4,8.83,90,89,NA,55.125,52.0,50.562,51.312
108380.0,17819,0,4,7.5,90,53,NA,55.031,51.968,50.406,51.375
108488.0,17819,0,4,8.33,100,99,NA,56.75,52.406,50.562,51.812
108600.0,17819,0,4,3.58,27,99,NA,57.406,52.687,50.5,52.0
108707.0,17819,0,4,8.33,83,74,NA,54.687,52.437,50.593,51.687
108816.0,17819,0,4,8.92,80,98,NA,54.968,52.125,50.437,51.5
108924.0,17819,0,4,8.83,81,98,NA,55.093,52.093,50.562,51.437
109031.0,17819,0,4,9.0,91,98,NA,55.031,52.125,50.375,51.312
109139.0,17819,0,4,8.25,90,87,NA,55.062,51.937,50.5,51.437
109245.0,17819,0,4,8.17,90,48,NA,54.968,52.156,50.562,51.281
109355.0,17819,0,4,8.33,100,99,NA,57.062,52.5,50.468,51.718
109466.0,17819,0,4,6.08,33,99,NA,57.093,52.781,50.781,52.062
109573.0,17819,0,4,7.42,80,70,NA,55.156,52.25,50.531,51.593
109682.0,17819,0,4,9.0,100,98,NA,55.187,52.25,50.687,51.406
109789.0,17819,0,4,9.5,90,98,NA,55.312,52.093,50.468,51.375
109899.0,17819,0,4,8.17,81,92,NA,54.968,52.093,50.593,51.406
110006.0,17819,0,4,8.25,90,86,NA,55.156,52.031,50.5,51.375
110114.0,17819,0,4,8.42,83,50,NA,55.031,52.093,50.593,51.531
110221.0,17819,0,4,8.33,100,99,NA,56.625,52.531,50.437,51.781
110329.0,17819,0,4,4.5,45,99,NA,57.093,52.625,50.562,52.093
110439.0,17819,0,4,8.17,72,72,NA,55.031,52.531,50.812,51.625
110545.0,17819,0,4,9.0,100,98,NA,55.125,52.187,50.593,51.5
110653.0,17819,0,4,7.67,83,98,NA,55.187,52.187,50.656,51.562
110761.0,17819,0,4,8.25,90,98,NA,55.281,52.062,50.5,51.437
110867.0,17819,0,4,8.25,83,88,NA,55.187,52.031,50.625,51.468
110974.0,17819,0,4,9.58,90,50,NA,55.25,52.093,50.656,51.531
111081.0,17819,0,4,9.83,100,99,NA,56.843,52.468,50.593,51.843
111193.0,17819,0,4,3.67,36,99,NA,57.218,52.937,50.687,52.0
111300.0,17819,0,4,8.25,80,65,NA,54.968,52.468,50.625,51.718
111407.0,17819,0,4,9.83,100,98,NA,55.062,52.343,50.718,51.625
111514.0,17819,0,4,8.92,90,98,NA,55.187,52.468,50.906,51.531
111622.0,17819,0,4,8.42,75,98,NA,55.031,52.156,50.593,51.562
111730.0,17819,0,4,9.08,90,98,NA,55.25,52.156,50.875,51.531
111837.0,17819,0,4,7.5,90,51,NA,55.406,52.125,50.625,51.437
111945.0,17819,0,4,8.33,100,99,NA,56.937,52.562,50.718,51.875
112054.0,17819,0,4,6.58,45,99,NA,57.656,52.75,50.625,52.156
112162.0,17819,0,4,8.33,72,74,NA,55.406,52.531,50.625,51.875
112269.0,17819,0,4,9.67,90,98,NA,55.437,52.468,50.875,51.625
112381.0,17819,0,4,8.08,81,98,NA,55.156,52.281,50.718,51.625
112488.0,17819,0,4,9.08,91,88,NA,55.625,52.406,50.687,51.531
112596.0,17819,0,4,8.25,90,98,NA,55.281,52.156,50.781,51.562
112704.0,17819,0,4,9.08,90,55,NA,55.406,52.375,50.875,51.656
112811.0,17819,0,4,10.5,100,99,NA,56.937,52.593,50.656,52.062
112921.0,17819,0,4,2.92,27,99,NA,57.5,52.937,50.75,52.218
113032.0,17819,0,4,8.42,83,82,NA,55.187,52.531,50.812,51.875
113140.0,17819,0,4,8.25,90,98,NA,55.375,52.468,50.843,51.625
113249.0,17819,0,4,8.83,90,98,NA,55.25,52.25,50.718,51.562
113358.0,17819,0,4,9.75,90,87,NA,55.437,52.406,50.843,51.718
113466.0,17819,0,4,8.25,90,98,NA,55.5,52.25,50.687,51.625
113576.0,17819,0,4,9.75,91,62,NA,55.531,52.437,50.843,51.593
113683.0,17819,0,4,10.5,91,99,NA,57.531,52.75,50.687,52.093
113792.0,17819,0,4,2.25,18,99,NA,57.5,53.0,50.781,52.375
113901.0,17819,0,4,9.08,100,75,NA,54.968,52.5,50.812,51.781
114007.0,17819,0,4,9.83,91,98,NA,55.218,52.406,50.843,51.781
114119.0,17819,0,4,8.83,90,87,NA,55.218,52.312,50.718,51.593
114226.0,17819,0,4,10.92,90,92,NA,55.343,52.343,50.875,51.718
114335.0,17819,0,4,9.75,90,98,NA,55.562,52.218,50.781,51.656
114443.0,17819,0,4,8.25,81,59,NA,55.781,52.406,50.843,51.625
114551.0,17819,0,4,10.42,100,99,NA,57.531,52.937,51.031,52.093
114665.0,17819,0,4,2.75,15,99,NA,57.093,53.031,50.906,52.343
114773.0,17819,0,4,9.83,100,72,NA,54.968,52.562,50.75,51.75
114881.0,17819,0,4,9.75,90,98,NA,55.25,52.437,50.937,51.718
114991.0,17819,0,4,8.25,90,88,NA,55.375,52.375,50.812,51.718
115099.0,17819,0,4,8.25,90,97,NA,55.375,52.375,50.906,51.687
115209.0,17819,0,4,9.67,90,98,NA,55.718,52.125,50.906,51.718
115317.0,17819,0,4,8.25,81,60,NA,56.0,52.5,50.843,51.781
115424.0,17819,0,4,8.33,100,99,NA,57.312,53.031,50.843,52.187
115534.0,17819,0,4,0.83,10,99,NA,57.5,52.937,50.937,52.312
115641.0,17819,0,4,9.08,100,83,NA,55.406,52.75,51.031,51.812
115751.0,17819,0,4,11.17,91,98,NA,55.5,52.468,50.906,51.75
115859.0,17819,0,4,7.5,90,86,NA,55.468,52.5,51.125,51.718
115967.0,17819,0,4,7.5,81,98,NA,55.406,52.375,50.906,51.75
116079.0,17819,0,4,8.92,90,98,NA,55.656,52.312,50.781,51.687
116186.0,17819,0,4,7.5,90,80,NA,56.0,52.5,50.937,51.843
116295.0,17819,0,4,9.08,100,99,NA,57.531,53.0,50.812,52.218
116405.0,17819,0,4,2.92,16,87,NA,56.906,53.062,50.968,52.375
116513.0,17819,0,4,9.0,91,85,NA,55.156,52.75,50.937,51.812
116621.0,17819,0,4,9.08,100,93,NA,55.343,52.531,50.875,51.906
116731.0,17819,0,4,7.58,83,88,NA,55.656,52.656,51.093,51.718
116839.0,17819,0,4,8.92,90,98,NA,55.812,52.437,50.968,51.812
116949.0,17819,0,4,8.25,90,98,NA,55.468,52.531,51.093,51.718
117057.0,17819,0,4,8.17,90,98,NA,56.343,52.562,50.875,51.937
117165.0,17819,0,4,9.58,90,99,NA,57.468,53.031,50.968,52.406
117275.0,17819,0,4,1.5,18,99,NA,56.812,53.0,50.968,52.343
117385.0,17819,0,4,10.42,100,83,NA,55.75,52.812,50.906,52.0
117493.0,17819,0,4,8.92,90,98,NA,55.468,52.593,50.968,51.843
117603.0,17819,0,4,8.25,90,98,NA,55.718,52.625,50.937,51.843
117711.0,17819,0,4,9.5,90,98,NA,55.625,52.468,50.937,51.875
117819.0,17819,0,4,7.42,80,98,NA,55.718,52.562,51.125,51.718
117928.0,17819,0,4,8.33,91,99,NA,56.687,52.687,50.968,52.062
118035.0,17824,0,4,11.92,81,99,NA,57.5,53.125,51.062,52.406
118144.0,17824,0,4,3.92,30,69,NA,55.906,52.937,51.0,52.312
118253.0,17824,0,4,10.58,100,82,NA,55.406,52.718,51.031,51.968
118360.0,17824,0,4,9.83,90,98,NA,55.718,52.562,51.0,51.875
118469.0,17824,0,4,8.17,90,98,NA,55.625,52.531,51.062,51.875
118575.0,17824,0,4,8.83,90,98,NA,55.625,52.625,51.218,51.75
118683.0,17824,0,4,6.92,83,98,NA,55.562,52.406,50.968,51.843
118791.0,17824,0,4,9.0,90,99,NA,56.656,52.75,51.125,52.156
118901.0,17824,0,4,9.08,90,99,NA,57.718,53.031,51.0,52.343
119008.0,17824,0,4,3.83,27,88,NA,56.437,53.125,51.125,52.375
119119.0,17824,0,4,12.25,100,86,NA,55.531,52.687,51.062,52.062
119226.0,17824,0,4,7.5,90,98,NA,55.687,52.687,51.125,52.093
119335.0,17824,0,4,10.33,90,98,NA,55.687,52.531,50.968,51.906
119443.0,17824,0,4,7.42,81,98,NA,55.75,52.687,51.093,51.906
119553.0,17824,0,4,8.83,80,98,NA,55.843,52.468,51.0,51.906
119659.0,17824,0,4,9.83,100,99,NA,57.25,52.906,51.062,52.218
119768.0,17824,0,4,6.67,72,99,NA,57.843,53.187,51.218,52.468
119875.0,17824,0,4,4.83,41,89,NA,55.968,53.031,51.062,52.406
119985.0,17824,0,4,11.92,100,82,NA,55.75,52.781,51.281,52.0
120092.0,17824,0,4,8.17,90,98,NA,55.656,52.687,51.031,52.093
120199.0,17824,0,4,8.25,90,98,NA,55.875,52.687,51.125,52.062
120309.0,17824,0,4,7.5,90,98,NA,55.562,52.625,51.031,51.937
120417.0,17824,0,4,8.08,80,98,NA,55.5,52.593,51.125,51.968
120527.0,17824,0,4,10.33,100,99,NA,56.968,52.75,51.125,52.218
120636.0,17824,0,4,7.33,63,99,NA,57.843,53.218,51.156,52.625
120744.0,17824,0,4,5.58,50,58,NA,55.656,53.031,51.031,52.312
120852.0,17824,0,4,9.08,100,76,NA,55.156,52.781,51.187,52.125
120961.0,17824,0,4,10.25,90,89,NA,55.875,52.656,51.156,51.968
121069.0,17824,0,4,8.17,90,98,NA,55.687,52.718,51.281,52.031
121180.0,17824,0,4,8.83,90,98,NA,55.718,52.656,51.0,51.968
121288.0,17824,0,4,8.17,81,98,NA,55.593,52.75,51.156,51.968
121398.0,17824,0,4,9.83,100,99,NA,56.625,52.937,51.062,52.25
121507.0,17824,0,4,7.33,72,99,NA,57.781,53.218,51.218,52.562
121616.0,17824,0,4,3.0,36,63,NA,55.937,53.062,51.218,52.406
121725.0,17824,0,4,9.92,100,80,NA,55.437,52.937,51.25,52.218
121832.0,17824,0,4,8.33,91,98,NA,55.656,52.687,51.156,52.156
121940.0,17824,0,4,7.5,90,98,NA,55.781,52.656,51.156,51.968
122049.0,17824,0,4,8.25,90,98,NA,56.031,52.625,51.343,52.0
122156.0,17824,0,4,9.67,80,98,NA,55.625,52.687,51.156,52.093
122265.0,17824,0,4,10.92,100,99,NA,56.968,53.0,51.312,52.281
122372.0,17824,0,4,7.0,75,99,NA,57.75,53.281,51.125,52.593
122481.0,17824,0,4,3.17,30,69,NA,56.375,53.281,51.25,52.5
122591.0,17824,0,4,10.33,100,85,NA,55.406,52.812,51.218,52.187
122698.0,17824,0,4,8.25,90,98,NA,55.781,52.843,51.218,52.156
122809.0,17824,0,4,10.25,90,98,NA,55.75,52.656,51.187,52.093
122917.0,17824,0,4,8.83,90,98,NA,55.843,52.781,51.281,52.156
123025.0,17824,0,4,8.0,80,98,NA,55.781,52.718,51.156,52.062
123133.0,17824,0,4,8.25,90,99,NA,56.531,53.093,51.218,52.375
123240.0,17824,0,4,7.5,90,99,NA,57.718,53.406,51.375,52.531
123349.0,17824,0,4,3.67,27,91,NA,56.375,53.281,51.281,52.625
123456.0,17824,0,4,9.92,100,82,NA,55.562,53.031,51.343,52.187
123572.0,17824,0,4,9.67,90,98,NA,55.968,52.937,51.437,52.218
123679.0,17824,0,4,8.83,90,98,NA,55.937,52.781,51.312,52.062
123787.0,17824,0,4,7.5,90,98,NA,55.875,52.875,51.375,52.218
123894.0,17824,0,4,7.42,72,98,NA,56.062,52.906,51.187,52.156
124004.0,17824,0,4,9.75,100,99,NA,57.437,53.125,51.343,52.343
124113.0,17824,0,4,6.58,70,99,NA,57.656,53.437,51.281,52.625
124220.0,17824,0,4,5.83,45,81,NA,56.062,53.281,51.25,52.531
124331.0,17824,0,4,9.08,100,97,NA,56.062,53.093,51.25,52.218
124437.0,17824,0,4,9.0,90,98,NA,55.812,52.75,51.281,52.187
124547.0,17824,0,4,8.25,90,98,NA,56.125,52.875,51.531,52.125
124654.0,17824,0,4,6.33,76,98,NA,55.812,52.843,51.281,52.093
124763.0,17824,0,4,10.25,90,75,NA,55.968,52.906,51.406,52.218
124870.0,17824,0,4,9.75,100,99,NA,57.156,53.031,51.218,52.437
124979.0,17824,0,4,6.42,60,99,NA,58.0,53.437,51.312,52.687
125089.0,17824,0,4,5.67,50,78,NA,56.343,53.218,51.281,52.406
125196.0,17824,0,4,9.08,100,98,NA,55.843,53.031,51.375,52.375
125305.0,17824,0,4,8.92,90,98,NA,56.156,52.812,51.218,52.25
125413.0,17824,0,4,8.25,90,98,NA,56.0,52.781,51.343,52.281
125522.0,17824,0,4,9.42,80,98,NA,55.812,52.968,51.25,52.187
125633.0,17824,0,4,8.92,90,77,NA,55.906,52.875,51.343,52.218
125741.0,17824,0,4,9.08,100,99,NA,57.281,53.125,51.343,52.625
125850.0,17824,0,4,5.17,45,99,NA,58.093,53.468,51.437,52.781
125959.0,17824,0,4,7.83,63,66,NA,56.125,53.25,51.281,52.531
126070.0,17824,0,4,10.5,41,97,NA,55.531,53.062,51.406,52.343
126178.0,17824,0,4,8.83,90,98,NA,55.593,52.906,51.406,52.25
126289.0,17824,0,4,8.17,81,98,NA,55.718,52.937,51.437,52.343
126398.0,17824,0,4,9.0,90,98,NA,55.593,52.75,51.343,52.25
126507.0,17824,0,4,9.58,90,60,NA,55.562,53.0,51.468,52.312
126617.0,17824,0,4,9.08,100,99,NA,57.5,53.218,51.375,52.531
126729.0,17824,0,4,3.42,41,99,NA,57.968,53.75,51.343,52.75
126839.0,17824,0,4,7.5,72,65,NA,55.781,53.25,51.437,52.5
126949.0,17824,0,4,10.42,100,98,NA,55.531,53.0,51.343,52.343
127060.0,17824,0,4,8.17,90,98,NA,55.906,53.031,51.5,52.375
127169.0,17824,0,4,6.75,81,98,NA,55.875,52.906,51.375,52.312
127279.0,17824,0,4,9.42,90,88,NA,55.687,52.937,51.562,52.218
127389.0,17824,0,4,9.67,90,55,NA,55.562,52.937,51.437,52.343
127497.0,17824,0,4,11.08,100,99,NA,58.0,53.468,51.562,52.687
127605.0,17824,0,4,5.42,33,99,NA,58.187,53.531,51.5,52.906
127714.0,17824,0,4,9.0,80,61,NA,55.375,53.375,51.562,52.468
127821.0,17824,0,4,9.5,90,95,NA,56.187,52.937,51.406,52.343
127933.0,17824,0,4,8.25,90,98,NA,56.156,53.093,51.687,52.312
128041.0,17824,0,4,8.17,81,98,NA,55.968,52.875,51.406,52.312
128149.0,17824,0,4,8.83,90,98,NA,56.218,53.0,51.468,52.312
128259.0,17826,0,4,8.92,90,68,NA,56.156,52.906,51.437,52.25
128367.0,17825,0,4,10.42,100,99,NA,57.375,53.437,51.562,52.718
128475.0,17825,0,4,5.08,45,99,NA,58.062,53.531,51.468,52.843
128585.0,17825,0,4,5.92,63,62,NA,56.125,53.437,51.593,52.5
128693.0,17825,0,4,10.58,100,98,NA,56.281,53.062,51.437,52.375
128803.0,17825,0,4,7.58,91,98,NA,56.187,53.125,51.593,52.312
128913.0,17825,0,4,7.33,80,98,NA,55.937,52.968,51.5,52.375
129022.0,17825,0,4,11.08,90,98,NA,56.218,53.156,51.593,52.312
129132.0,17825,0,4,7.5,90,54,NA,56.156,53.031,51.468,52.312
129240.0,17825,0,4,8.92,90,99,NA,57.75,53.531,51.625,52.656
129349.0,17825,0,4,4.75,40,99,NA,57.937,53.531,51.5,52.937
129459.0,17825,0,4,6.75,72,58,NA,55.593,53.406,51.437,52.593
129568.0,17825,0,4,10.33,100,85,NA,55.718,53.125,51.562,52.375
129676.0,17825,0,4,8.33,91,98,NA,56.343,53.156,51.593,52.375
129785.0,17825,0,4,10.25,90,98,NA,56.281,53.0,51.656,52.437
129892.0,17825,0,4,8.58,77,98,NA,56.125,53.031,51.562,52.343
130001.0,17825,0,4,8.42,83,98,NA,56.156,53.031,51.437,52.375
130108.0,17825,0,4,8.33,100,99,NA,57.218,53.406,51.593,52.75
130216.0,17825,0,4,5.25,63,99,NA,58.0,53.718,51.531,52.843
130324.0,17825,0,4,6.92,50,64,NA,56.125,53.437,51.5,52.718
130431.0,17825,0,4,9.83,100,98,NA,56.062,53.218,51.656,52.531
130539.0,17825,0,4,9.58,90,98,NA,56.312,53.062,51.468,52.437
130646.0,17825,0,4,9.0,90,98,NA,56.437,53.093,51.593,52.406
130754.0,17825,0,4,7.08,76,98,NA,56.187,53.0,51.437,52.375
130863.0,17825,0,4,8.92,90,98,NA,56.187,52.968,51.562,52.5
130972.0,17825,0,4,10.92,100,99,NA,57.531,53.406,51.5,52.687
131083.0,17825,0,4,5.5,58,99,NA,58.406,53.906,51.625,53.125
131192.0,17825,0,4,7.25,60,62,NA,56.062,53.406,51.562,52.687
131299.0,17825,0,4,9.0,91,92,NA,55.937,53.156,51.656,52.5
131408.0,17825,0,4,11.75,100,98,NA,56.437,53.062,51.5,52.437
131514.0,17825,0,4,7.5,81,98,NA,56.25,53.093,51.625,52.437
131626.0,17825,0,4,7.75,84,98,NA,55.968,53.25,51.531,52.406
131735.0,17825,0,4,7.5,90,98,NA,56.25,53.062,51.656,52.437
131844.0,17825,0,4,11.0,100,99,NA,57.5,53.437,51.437,52.718
131952.0,17825,0,4,5.67,58,99,NA,58.0,53.687,51.593,53.156
132061.0,17825,0,4,5.58,50,62,NA,56.125,53.531,51.875,52.75
132172.0,17825,0,4,9.08,100,94,NA,56.031,53.281,51.718,52.625
132279.0,17825,0,4,8.25,90,98,NA,56.281,53.031,51.531,52.5
132389.0,17825,0,4,8.83,90,98,NA,56.312,53.281,51.625,52.562
132498.0,17825,0,4,7.42,81,98,NA,56.437,53.125,51.562,52.437
132607.0,17825,0,4,8.83,90,98,NA,56.25,53.125,51.656,52.562
132718.0,17825,0,4,9.0,100,99,NA,57.75,53.437,51.562,52.781
132826.0,17825,0,4,5.92,54,99,NA,58.218,53.781,51.718,53.156
132937.0,17825,0,4,6.08,54,59,NA,56.375,53.5,51.625,52.718
133044.0,17825,0,4,9.75,100,95,NA,56.062,53.312,51.812,52.593
133153.0,17825,0,4,9.17,90,98,NA,56.593,53.25,51.562,52.5
133260.0,17825,0,4,8.92,90,98,NA,56.375,53.25,51.625,52.531
133369.0,17825,0,4,7.67,83,98,NA,56.343,53.093,51.812,52.437
133477.0,17825,0,4,9.67,83,82,NA,56.281,53.125,51.656,52.468
133584.0,17825,0,4,9.75,100,99,NA,57.468,53.625,51.843,52.843
133694.0,17825,0,4,7.42,63,99,NA,58.031,53.75,51.593,53.125
133802.0,17825,0,4,4.92,50,61,NA,56.0,53.625,51.906,52.781
133912.0,17825,0,4,10.33,100,93,NA,56.0,53.312,51.718,52.593
134018.0,17825,0,4,9.75,90,98,NA,56.562,53.281,51.906,52.625
134124.0,17825,0,4,7.5,90,98,NA,56.625,53.125,51.625,52.468
134234.0,17825,0,4,8.92,90,98,NA,56.343,53.187,51.75,52.562
134341.0,17825,0,4,7.0,75,98,NA,56.281,53.312,51.937,52.5
134448.0,17825,0,4,9.17,100,99,NA,57.187,53.437,51.656,52.812
134556.0,17825,0,4,8.0,70,99,NA,58.093,53.781,51.781,53.187
134663.0,17825,0,4,5.33,45,52,NA,56.531,53.656,51.718,52.937
134772.0,17825,0,4,11.25,100,77,NA,55.843,53.375,51.781,52.562
134879.0,17825,0,4,8.83,90,91,NA,56.281,53.437,51.875,52.5
134986.0,17825,0,4,8.33,90,88,NA,56.437,53.187,51.687,52.625
135095.0,17825,0,4,8.92,90,98,NA,56.5,53.25,51.937,52.468
135202.0,17825,0,4,10.33,90,98,NA,56.625,53.156,51.656,52.531
135310.0,17825,0,4,8.25,81,98,NA,57.031,53.406,51.75,52.718
135419.0,17825,0,4,9.08,100,99,NA,58.343,53.75,51.625,53.093
135529.0,17825,0,4,3.08,18,99,NA,57.312,53.968,51.781,53.187
135635.0,17825,0,4,10.5,100,83,NA,56.187,53.343,52.0,52.687
135744.0,17825,0,4,8.83,54,98,NA,55.968,53.343,51.718,52.781
135854.0,17825,0,4,9.67,100,98,NA,56.281,53.25,51.687,52.687
135962.0,17825,0,4,9.0,90,98,NA,56.031,53.312,51.781,52.875
136073.0,17825,0,4,8.25,90,98,NA,55.937,53.187,51.812,52.75
136181.0,17825,0,4,8.17,90,75,NA,56.906,53.468,51.781,53.062
136292.0,17825,0,4,8.33,91,99,NA,58.062,53.781,51.687,53.375
136400.0,17825,0,4,1.5,18,88,NA,57.187,53.968,51.875,53.218
136511.0,17825,0,4,9.75,100,95,NA,55.906,53.531,51.843,53.0
136618.0,17825,0,4,8.83,90,98,NA,56.156,53.468,51.906,52.968
136728.0,17825,0,4,9.17,100,98,NA,56.093,53.281,51.687,52.968
136836.0,17825,0,4,8.17,90,98,NA,56.125,53.406,51.875,53.062
136944.0,17825,0,4,8.25,90,98,NA,56.437,53.281,51.75,52.937
137055.0,17825,0,4,8.92,90,99,NA,57.5,53.593,51.906,53.218
137162.0,17825,0,4,7.75,83,99,NA,58.281,53.875,51.75,53.312
137272.0,17825,0,4,4.58,30,83,NA,56.906,53.968,51.875,53.343
137380.0,17825,0,4,8.25,90,85,NA,56.312,53.562,51.812,53.0
137490.0,17825,0,4,10.92,100,98,NA,56.187,53.468,51.937,53.093
137597.0,17825,0,4,7.5,90,98,NA,56.156,53.5,51.843,52.937
137704.0,17825,0,4,7.5,90,98,NA,56.062,53.343,51.843,53.031
137813.0,17825,0,4,7.42,81,98,NA,56.25,53.5,52.0,52.843
137922.0,17825,0,4,9.67,100,99,NA,57.468,53.656,51.906,53.312
138031.0,17825,0,4,7.42,72,99,NA,58.468,54.125,52.062,53.343
138140.0,17825,0,4,3.33,40,67,NA,56.812,53.937,51.906,53.187
138248.0,17825,0,4,9.08,100,98,NA,56.25,53.625,51.937,53.031
138357.0,17825,0,4,8.92,91,98,NA,56.125,53.437,51.875,53.156
138464.0,17825,0,4,9.0,90,98,NA,56.187,53.531,52.0,53.062
138572.0,17828,0,4,10.5,90,98,NA,56.5,53.343,51.843,52.937
138680.0,17828,0,4,7.5,90,98,NA,56.187,53.343,51.906,52.968
138788.0,17828,0,4,9.0,100,99,NA,57.843,53.875,51.875,53.25
138898.0,17828,0,4,6.25,66,99,NA,58.312,54.062,51.937,53.406
139006.0,17828,0,4,4.5,45,71,NA,56.843,53.937,51.843,53.187
139117.0,17828,0,4,11.08,100,98,NA,56.281,53.562,52.0,53.218
139224.0,17828,0,4,9.0,90,98,NA,56.156,53.687,51.812,53.125
139333.0,17828,0,4,8.83,90,98,NA,56.156,53.5,51.968,53.125
139442.0,17828,0,4,8.08,88,98,NA,56.375,53.437,52.031,52.906
139550.0,17828,0,4,7.5,90,70,NA,56.187,53.375,51.875,53.0
139660.0,17828,0,4,8.33,100,99,NA,58.0,53.781,52.125,53.343
139768.0,17828,0,4,5.17,53,99,NA,58.75,54.031,51.968,53.468
139879.0,17828,0,4,7.17,60,66,NA,56.187,53.781,51.875,53.125
139987.0,17828,0,4,8.33,100,98,NA,56.125,53.593,51.968,53.125
140095.0,17828,0,4,8.25,90,98,NA,56.562,53.656,52.093,53.187
140204.0,17828,0,4,9.0,90,98,NA,56.281,53.5,51.937,53.0
140312.0,17828,0,4,8.25,90,87,NA,56.312,53.593,52.125,52.937
140421.0,17828,0,4,8.83,90,41,NA,56.281,53.468,52.0,53.0
140529.0,17828,0,4,9.08,100,99,NA,58.0,53.906,51.968,53.468
140638.0,17828,0,4,5.42,40,99,NA,58.531,54.062,51.968,53.437
140746.0,17828,0,4,7.58,63,75,NA,56.375,53.937,52.0,53.187
140854.0,17828,0,4,9.08,100,98,NA,56.281,53.687,51.937,53.156
140964.0,17828,0,4,8.25,90,98,NA,56.437,53.687,52.031,53.187
141072.0,17828,0,4,9.0,90,98,NA,56.406,53.531,51.937,53.062
141181.0,17828,0,4,9.75,91,96,NA,56.218,53.5,52.031,53.125
141290.0,17828,0,4,7.5,90,50,NA,56.625,53.5,51.937,53.093
141397.0,17828,0,4,9.83,100,99,NA,58.468,53.937,51.968,53.593
141507.0,17828,0,4,4.67,40,99,NA,58.531,54.093,52.0,53.531
141614.0,17828,0,4,8.33,72,71,NA,56.156,53.937,52.031,53.187
141722.0,17828,0,4,9.17,100,98,NA,56.531,53.75,52.218,53.218
141831.0,17828,0,4,8.83,90,98,NA,56.375,53.562,52.031,53.187
141939.0,17828,0,4,6.75,81,98,NA,56.343,53.656,52.281,53.218
142050.0,17828,0,4,8.25,90,88,NA,56.375,53.531,52.062,53.156
142157.0,17828,0,4,9.0,90,48,NA,56.437,53.687,52.187,53.062
142265.0,17828,0,4,9.08,100,99,NA,58.156,53.937,51.937,53.5
142374.0,17828,0,4,4.5,36,99,NA,58.625,54.218,52.093,53.687
142481.0,17828,0,4,8.92,80,71,NA,56.281,53.843,52.093,53.218
142592.0,17828,0,4,7.67,92,98,NA,56.437,53.812,52.156,53.312
142699.0,17828,0,4,9.17,100,98,NA,56.531,53.625,52.0,53.187
142810.0,17828,0,4,8.0,80,98,NA,56.406,53.718,52.125,53.187
142917.0,17828,0,4,7.0,84,84,NA,56.718,53.531,52.0,53.062
143025.0,17828,0,4,8.83,90,49,NA,56.718,53.625,52.093,53.125
143136.0,17828,0,4,10.33,100,99,NA,58.156,53.968,52.093,53.437
143244.0,17828,0,4,3.25,30,99,NA,58.781,54.25,52.093,53.656
143356.0,17828,0,4,6.33,76,62,NA,56.375,53.937,52.156,53.281
143463.0,17828,0,4,10.58,100,98,NA,56.562,53.781,52.156,53.187
143573.0,17828,0,4,10.33,100,98,NA,56.593,53.687,52.062,53.031
143681.0,17828,0,4,8.08,80,98,NA,56.531,53.75,52.125,53.25
143787.0,17828,0,4,8.25,90,85,NA,56.562,53.562,52.218,53.093
143898.0,17828,0,4,10.25,90,47,NA,56.406,53.562,52.187,53.218
144006.0,17828,0,4,9.67,100,99,NA,57.937,53.968,52.062,53.406
144118.0,17828,0,4,4.67,40,99,NA,58.625,54.25,52.25,53.687
144227.0,17828,0,4,7.5,72,61,NA,56.25,53.968,52.125,53.187
144335.0,17828,0,4,9.75,72,91,NA,57.093,53.875,52.187,53.093
144446.0,17828,0,4,8.83,90,98,NA,56.843,53.687,52.156,53.031
144557.0,17828,0,4,9.67,91,98,NA,57.125,53.593,52.343,53.0
144665.0,17828,0,4,6.0,72,98,NA,56.656,53.593,52.156,52.968
144773.0,17828,0,4,7.5,90,80,NA,56.906,53.718,52.343,52.906
144884.0,17828,0,4,9.67,100,99,NA,58.187,54.031,52.25,53.343
144995.0,17828,0,4,5.92,54,99,NA,58.625,54.25,52.031,53.5
145107.0,17828,0,4,6.0,54,73,NA,56.687,54.156,52.375,53.281
145215.0,17828,0,4,9.08,100,98,NA,56.781,53.812,52.218,53.187
145323.0,17828,0,4,9.0,90,98,NA,57.0,53.843,52.281,53.125
145432.0,17828,0,4,8.17,80,98,NA,56.718,53.718,52.125,53.0
145539.0,17828,0,4,9.58,90,88,NA,56.875,53.625,52.218,53.125
145648.0,17828,0,4,7.5,90,50,NA,57.156,53.718,52.187,53.062
145756.0,17828,0,4,9.75,91,99,NA,58.312,54.093,52.156,53.531
145866.0,17828,0,4,4.42,45,99,NA,58.718,54.343,52.156,53.593
145974.0,17828,0,4,6.75,72,98,NA,56.812,54.125,52.187,53.375
146084.0,17828,0,4,7.42,81,98,NA,57.062,53.843,52.125,53.25
146193.0,17828,0,4,10.92,90,92,NA,56.968,53.812,52.343,53.187
146301.0,17828,0,4,7.5,90,87,NA,56.968,53.937,52.125,53.125
146410.0,17828,0,4,7.5,90,98,NA,57.125,53.812,52.187,53.125
146521.0,17828,0,4,8.83,81,73,NA,57.406,53.843,52.187,53.187
146630.0,17828,0,4,9.08,100,99,NA,58.468,54.343,52.406,53.687
146739.0,17828,0,4,3.5,18,99,NA,58.312,54.406,52.281,53.718
146847.0,17828,0,4,9.0,100,81,NA,56.625,54.031,52.312,53.343
146957.0,17828,0,4,9.0,90,92,NA,56.812,53.875,52.281,53.187
147066.0,17828,0,4,7.5,90,87,NA,57.093,53.843,52.343,53.187
147174.0,17828,0,4,9.75,83,98,NA,57.25,53.75,52.156,53.093
147283.0,17828,0,4,8.83,90,98,NA,57.062,53.906,52.375,53.187
147392.0,17828,0,4,7.5,90,98,NA,57.437,53.906,52.187,53.25
147500.0,17828,0,4,10.5,100,99,NA,58.593,54.281,52.312,53.656
147606.0,17828,0,4,0.75,9,99,NA,58.437,54.593,52.437,53.656
147715.0,17828,0,4,9.67,100,90,NA,56.656,53.968,52.312,53.343
147823.0,17828,0,4,10.25,90,98,NA,56.906,54.031,52.468,53.343
147930.0,17828,0,4,9.0,91,88,NA,57.062,53.812,52.25,53.156
148042.0,17828,0,4,8.17,90,98,NA,57.218,53.937,52.437,53.25
148150.0,17828,0,4,7.5,90,98,NA,57.062,53.812,52.312,53.156
148257.0,17828,0,4,8.75,81,94,NA,57.375,53.968,52.343,53.343
148365.0,17828,0,4,8.33,100,99,NA,58.5,54.25,52.281,53.656
148476.0,17828,0,4,3.5,18,99,NA,58.0,54.5,52.437,53.625
148583.0,17828,0,4,14.08,100,85,NA,56.687,53.937,52.343,53.25
148691.0,17828,0,4,9.67,91,88,NA,56.937,53.875,52.375,53.187
148799.0,17835,0,4,7.5,90,86,NA,57.312,54.0,52.312,53.187
148905.0,17835,0,4,8.17,90,98,NA,57.375,53.781,52.312,53.187
149014.0,17836,0,4,7.67,83,98,NA,57.25,53.875,52.406,53.25
149122.0,17836,0,4,9.67,90,99,NA,57.625,53.968,52.281,53.343
149230.0,17836,0,4,9.0,100,99,NA,58.593,54.406,52.375,53.656
149337.0,17836,0,4,2.17,16,99,NA,58.187,54.437,52.312,53.687
149446.0,17836,0,4,10.5,100,72,NA,56.656,54.093,52.343,53.281
149552.0,17836,0,4,8.25,90,98,NA,57.093,53.968,52.531,53.218
149663.0,17836,0,4,9.0,90,98,NA,56.843,53.906,52.406,53.281
149771.0,17836,0,4,7.67,83,94,NA,57.187,53.968,52.562,53.156
149878.0,17836,0,4,8.25,90,98,NA,57.25,53.812,52.343,53.125
149987.0,17836,0,4,8.83,90,61,NA,57.062,53.968,52.343,53.281
150098.0,17836,0,4,9.0,100,99,NA,58.875,54.312,52.406,53.687
150205.0,17835,0,4,2.33,10,99,NA,59.062,54.593,52.5,53.843
150313.0,17835,0,4,8.92,90,96,NA,57.0,54.125,52.281,53.406
150424.0,17835,0,4,8.08,70,86,NA,57.875,54.093,52.593,53.468
150540.0,17835,0,4,8.92,91,95,NA,57.656,54.031,52.468,53.406
150649.0,17835,0,4,9.58,90,98,NA,57.781,53.906,52.406,53.343
150756.0,17835,0,4,8.33,83,98,NA,57.843,54.0,52.437,53.343
150865.0,17835,0,4,10.17,90,99,NA,57.781,54.062,52.343,53.437
150975.0,17835,0,4,8.25,90,99,NA,58.937,54.468,52.5,53.843
151083.0,17835,0,4,3.08,20,74,NA,57.687,54.437,52.343,53.718
151191.0,17835,0,4,10.58,100,79,NA,57.125,54.125,52.593,53.437
151301.0,17835,0,4,7.5,90,88,NA,57.562,53.937,52.437,53.281
151410.0,17835,0,4,9.58,45,98,NA,57.343,53.937,52.437,53.343
151517.0,17835,0,4,8.17,90,98,NA,57.375,53.843,52.437,53.25
151627.0,17835,0,4,8.83,90,98,NA,57.218,53.875,52.5,53.281
151736.0,17835,0,4,8.92,90,99,NA,57.656,54.093,52.343,53.375
151843.0,17835,0,4,6.75,81,99,NA,58.562,54.406,52.437,53.75
151951.0,17835,0,4,4.25,27,86,NA,57.937,54.687,52.562,53.75
152063.0,17835,0,4,9.08,100,82,NA,56.781,54.125,52.562,53.437
152171.0,17835,0,4,7.5,90,91,NA,57.375,54.25,52.406,53.281
152279.0,17835,0,4,10.42,90,98,NA,57.218,53.937,52.437,53.406
152388.0,17835,0,4,7.5,90,98,NA,57.406,53.875,52.625,53.25
152497.0,17835,0,4,8.92,90,98,NA,57.187,53.937,52.5,53.312
152605.0,17835,0,4,7.42,81,99,NA,58.125,54.281,52.531,53.468
152713.0,17835,0,4,8.25,90,99,NA,58.75,54.437,52.437,53.812
152822.0,17835,0,4,5.67,27,86,NA,57.468,54.718,52.625,53.75
152930.0,17835,0,4,10.42,100,86,NA,57.093,54.187,52.437,53.5
153037.0,17835,0,4,10.75,90,98,NA,57.343,54.125,52.562,53.531
153147.0,17835,0,4,7.5,90,98,NA,57.375,53.968,52.531,53.343
153256.0,17835,0,4,8.75,81,98,NA,57.375,54.062,52.531,53.343
153364.0,17835,0,4,8.83,80,98,NA,57.031,53.968,52.437,53.343
153473.0,17835,0,4,9.08,100,99,NA,58.437,54.312,52.468,53.687
153583.0,17835,0,4,7.5,66,99,NA,59.187,54.5,52.437,53.843
153692.0,17835,0,4,6.0,45,76,NA,57.375,54.468,52.5,53.781
153799.0,17835,0,4,10.5,100,98,NA,57.5,54.406,52.437,53.468
153909.0,17835,0,4,8.92,90,98,NA,57.343,54.156,52.625,53.468
154017.0,17835,0,4,9.0,90,98,NA,57.218,54.062,52.5,53.375
154125.0,17835,0,4,7.42,80,98,NA,57.062,54.062,52.468,53.437
154238.0,17835,0,4,8.33,84,59,NA,57.281,53.968,52.5,53.375
154346.0,17835,0,4,8.33,100,99,NA,58.468,54.468,52.562,53.812
154470.0,17835,0,4,5.08,46,99,NA,59.218,54.687,52.531,54.0
154595.0,17835,0,4,7.58,83,80,NA,56.968,54.5,52.781,53.625
154704.0,17835,0,4,8.92,90,98,NA,57.156,54.218,52.468,53.5
154812.0,17835,0,4,8.25,81,87,NA,57.406,54.218,52.625,53.375
154920.0,17835,0,4,8.83,90,98,NA,57.375,54.093,52.562,53.437
155034.0,17835,0,4,9.5,90,98,NA,57.562,54.093,52.468,53.375
155148.0,17835,0,4,9.5,90,94,NA,57.656,54.375,52.687,53.531
155257.0,17835,0,4,8.92,90,99,NA,58.781,54.593,52.562,53.937
155368.0,17835,0,4,1.5,18,99,NA,57.968,54.687,52.718,53.875
155476.0,17835,0,4,10.58,100,87,NA,57.0,54.281,52.625,53.5
155583.0,17835,0,4,9.0,90,88,NA,57.5,54.343,52.718,53.406
155691.0,17835,0,4,7.5,90,86,NA,57.656,54.187,52.562,53.468
155806.0,17835,0,4,8.92,91,98,NA,57.375,54.156,52.562,53.437
155916.0,17835,0,4,7.5,90,98,NA,57.5,54.187,52.687,53.531
156025.0,17835,0,4,8.17,81,99,NA,57.843,54.281,52.531,53.593
156131.0,17835,0,4,9.0,90,99,NA,58.968,54.531,52.593,53.968
156239.0,17835,0,4,2.33,20,78,NA,58.0,54.875,52.562,54.0
156347.0,17835,0,4,8.33,100,89,NA,56.906,54.343,52.718,53.531
156453.0,17835,0,4,10.42,90,87,NA,57.375,54.343,52.781,53.593
156563.0,17835,0,4,8.92,90,98,NA,57.343,54.156,52.625,53.5
156670.0,17835,0,4,8.25,90,98,NA,57.406,54.156,52.687,53.468
156777.0,17835,0,4,6.75,81,98,NA,57.593,54.031,52.562,53.406
156887.0,17835,0,4,8.75,90,82,NA,57.906,54.312,52.656,53.656
156997.0,17835,0,4,8.92,90,99,NA,59.218,54.656,52.562,53.968
157106.0,17835,0,4,3.67,20,85,NA,58.156,54.812,52.718,54.0
157213.0,17835,0,4,9.83,91,92,NA,57.312,54.312,52.562,53.593
157323.0,17835,0,4,8.92,90,88,NA,57.343,54.406,52.718,53.625
157431.0,17835,0,4,9.67,90,98,NA,57.437,54.218,52.687,53.468
157539.0,17835,0,4,9.67,90,98,NA,57.375,54.156,52.656,53.531
157648.0,17835,0,4,6.75,81,98,NA,57.562,54.281,52.687,53.5
157758.0,17835,0,4,10.58,100,99,NA,58.218,54.437,52.718,53.75
157867.0,17835,0,4,6.67,72,99,NA,59.343,54.656,52.625,54.0
157975.0,17835,0,4,4.33,36,76,NA,57.593,54.687,52.781,54.0
158086.0,17835,0,4,9.67,100,82,NA,57.093,54.375,52.656,53.593
158194.0,17835,0,4,8.25,91,98,NA,57.406,54.281,52.625,53.593
158302.0,17835,0,4,9.67,90,98,NA,57.718,54.187,52.625,53.5
158410.0,17835,0,4,8.33,84,98,NA,57.5,54.156,52.656,53.593
158521.0,17835,0,4,6.67,80,98,NA,57.156,54.156,52.625,53.468
158628.0,17835,0,4,9.0,100,99,NA,58.312,54.468,52.656,53.781
158736.0,17835,0,4,6.58,70,99,NA,59.062,54.812,52.906,54.093
158845.0,17835,0,4,5.42,40,93,NA,57.5,54.687,52.656,53.937
158953.0,17835,0,4,9.08,92,98,NA,57.468,54.468,52.75,53.656
159061.0,17837,0,4,9.08,91,98,NA,57.468,54.25,52.625,53.625
159170.0,17837,0,4,8.25,90,98,NA,57.593,54.375,52.718,53.687
159281.0,17837,0,4,9.5,81,98,NA,57.187,54.25,52.687,53.5
159389.0,17837,0,4,8.17,90,59,NA,57.656,54.281,52.875,53.593
159496.0,17837,0,4,9.75,100,99,NA,58.656,54.562,52.625,53.812
159605.0,17837,0,4,5.92,54,99,NA,59.187,54.875,52.843,54.187
159712.0,17837,0,4,6.5,54,73,NA,57.5,54.625,52.968,53.906
159819.0,17837,0,4,9.08,100,98,NA,57.406,54.437,52.812,53.718
159928.0,17837,0,4,7.5,90,98,NA,57.781,54.468,52.906,53.656
160035.0,17837,0,4,6.75,81,98,NA,57.906,54.218,52.718,53.531
160142.0,17837,0,4,8.08,81,98,NA,57.5,54.343,52.781,53.687
160252.0,17837,0,4,8.92,90,57,NA,57.406,54.281,52.687,53.437
160368.0,17837,0,4,10.25,100,99,NA,58.656,54.687,52.687,53.968
160483.0,17837,0,4,3.42,41,99,NA,59.218,54.906,52.937,54.156
160592.0,17837,0,4,8.75,80,65,NA,57.031,54.625,52.875,53.875
160699.0,17837,0,4,9.0,90,98,NA,57.812,54.593,52.687,53.593
160805.0,17837,0,4,8.92,90,98,NA,57.531,54.25,52.75,53.687
160916.0,17837,0,4,8.83,81,98,NA,57.468,54.468,52.937,53.625
161023.0,17837,0,4,7.5,90,88,NA,57.531,54.25,52.718,53.593
161129.0,17837,0,4,8.25,90,43,NA,57.468,54.343,52.812,53.593
161236.0,17837,0,4,8.33,100,99,NA,58.906,54.906,52.75,54.031
161344.0,17837,0,4,5.58,41,99,NA,59.437,54.875,52.812,54.156
161452.0,17837,0,4,7.92,70,98,NA,57.468,54.812,52.906,53.875
161560.0,17837,0,4,8.25,90,98,NA,57.75,54.468,52.781,53.843
161667.0,17837,0,4,6.75,81,98,NA,57.593,54.468,52.812,53.812
161776.0,17837,0,4,9.0,90,88,NA,57.5,54.343,52.75,53.656
161886.0,17837,0,4,9.67,90,98,NA,57.812,54.312,52.875,53.718
161994.0,17837,0,4,7.58,91,68,NA,57.718,54.562,52.718,53.687
162101.0,17837,0,4,9.83,100,99,NA,59.125,54.843,52.812,54.156
162211.0,17837,0,4,1.33,16,99,NA,59.562,55.031,52.875,54.218
162319.0,17837,0,4,10.58,100,81,NA,57.281,54.531,52.843,53.937
162427.0,17837,0,4,9.58,90,98,NA,57.625,54.593,52.968,53.75
162537.0,17837,0,4,8.92,90,87,NA,57.562,54.406,52.906,53.75
162645.0,17837,0,4,9.75,90,98,NA,57.875,54.531,53.0,53.687
162754.0,17837,0,4,7.67,83,98,NA,57.687,54.312,52.843,53.843
162861.0,17837,0,4,8.25,90,63,NA,57.593,54.531,52.906,53.843
162971.0,17837,0,4,9.0,100,99,NA,59.093,54.781,52.812,54.187
163082.0,17837,0,4,3.0,10,99,NA,58.937,55.25,53.031,54.312
163188.0,17837,0,4,8.33,91,89,NA,57.312,54.625,52.875,53.906
163299.0,17837,0,4,10.25,90,87,NA,57.937,54.687,53.0,53.687
163407.0,17837,0,4,8.75,90,91,NA,57.531,54.406,52.843,53.812
163514.0,17837,0,4,9.67,90,98,NA,57.843,54.437,52.937,53.843
163623.0,17837,0,4,8.83,90,98,NA,57.781,54.375,52.906,53.687
163732.0,17837,0,4,9.0,90,99,NA,58.093,54.656,52.968,54.0
163839.0,17837,0,4,8.17,90,99,NA,59.406,54.875,52.906,54.281
163947.0,17837,0,4,2.25,18,99,NA,58.562,54.968,52.875,54.25
164055.0,17837,0,4,9.67,100,90,NA,57.593,54.781,52.843,53.937
164164.0,17837,0,4,10.33,90,98,NA,57.75,54.437,52.875,53.843
164271.0,17837,0,4,7.5,90,98,NA,57.937,54.531,53.062,53.875
164381.0,17837,0,4,7.67,83,98,NA,57.781,54.406,52.906,53.781
164491.0,17837,0,4,8.17,81,98,NA,57.562,54.562,53.062,53.687
164599.0,17837,0,4,9.67,100,99,NA,58.531,54.656,52.906,54.031
164708.0,17837,0,4,7.5,72,99,NA,59.375,55.062,53.0,54.281
164818.0,17837,0,4,3.0,36,91,NA,57.531,54.937,53.0,54.156
164927.0,17837,0,4,9.08,100,97,NA,57.906,54.812,53.156,53.843
165035.0,17837,0,4,9.58,90,98,NA,57.687,54.468,52.906,53.843
165143.0,17837,0,4,11.5,90,98,NA,57.937,54.625,52.937,53.875
165253.0,17837,0,4,6.67,80,98,NA,57.468,54.437,52.937,53.812
165361.0,17837,0,4,9.0,83,98,NA,57.843,54.5,53.062,53.843
165468.0,17837,0,4,9.83,100,99,NA,58.906,54.812,52.812,54.125
165577.0,17837,0,4,5.75,60,99,NA,59.125,55.093,53.0,54.343
165684.0,17837,0,4,5.17,54,54,NA,57.531,54.875,52.906,54.093
165794.0,17837,0,4,12.0,100,75,NA,57.25,54.656,52.968,53.875
165902.0,17837,0,4,9.0,90,98,NA,57.875,54.656,52.906,53.718
166009.0,17837,0,4,8.83,90,98,NA,57.875,54.437,52.906,53.781
166119.0,17837,0,4,8.92,90,98,NA,57.656,54.531,52.937,53.687
166228.0,17837,0,4,8.75,72,98,NA,57.625,54.406,52.906,53.718
166338.0,17837,0,4,11.0,100,99,NA,58.687,54.937,52.875,54.062
166448.0,17837,0,4,6.67,72,99,NA,59.156,55.062,52.937,54.375
166557.0,17837,0,4,6.25,40,64,NA,57.531,54.906,52.906,54.125
166667.0,17837,0,4,9.75,100,76,NA,57.406,54.656,53.031,53.968
166777.0,17837,0,4,9.0,90,97,NA,57.687,54.562,52.937,53.875
166885.0,17837,0,4,8.92,90,98,NA,57.625,54.531,53.062,53.906
166994.0,17837,0,4,7.58,83,98,NA,58.031,54.406,52.937,53.843
167103.0,17837,0,4,7.5,90,98,NA,57.75,54.5,53.0,53.843
167211.0,17837,0,4,9.0,90,99,NA,58.375,54.812,52.937,54.062
167322.0,17837,0,4,8.17,75,99,NA,59.343,55.093,53.062,54.312
167431.0,17837,0,4,3.67,36,79,NA,57.781,54.968,52.906,54.218
167538.0,17837,0,4,9.83,100,80,NA,57.375,54.75,53.093,54.031
167649.0,17837,0,4,8.25,90,98,NA,57.968,54.531,53.0,53.875
167756.0,17837,0,4,9.5,90,98,NA,57.781,54.625,53.0,53.906
167866.0,17837,0,4,9.5,90,98,NA,57.687,54.437,52.968,53.812
167975.0,17837,0,4,6.67,80,98,NA,57.781,54.468,53.031,53.906
168082.0,17837,0,4,8.33,100,99,NA,59.093,54.75,52.937,54.125
168194.0,17837,0,4,6.67,72,99,NA,59.406,55.125,53.093,54.437
168301.0,17837,0,4,5.25,36,58,NA,57.406,55.0,53.0,54.218
168409.0,17837,0,4,9.75,100,78,NA,57.406,54.687,53.031,53.968
168517.0,17837,0,4,10.42,90,89,NA,57.75,54.75,53.093,53.843
168624.0,17837,0,4,7.58,91,98,NA,57.812,54.593,53.0,53.875
168736.0,17837,0,4,8.17,90,98,NA,58.062,54.718,53.281,53.875
168843.0,17837,0,4,8.25,90,98,NA,57.75,54.437,52.937,53.843
168952.0,17837,0,4,9.5,90,91,NA,58.25,54.843,53.156,54.093
169062.0,17837,0,4,7.5,81,99,NA,59.406,55.031,53.0,54.406
169170.0,17837,0,4,2.42,20,87,NA,58.625,55.281,53.25,54.375
169280.0,17845,0,4,13.25,100,83,NA,57.531,54.75,53.031,54.125
169387.0,17845,0,4,10.5,90,88,NA,57.875,54.75,53.187,54.0
169495.0,17845,0,4,8.83,90,98,NA,57.843,54.593,53.0,53.937
169606.0,17845,0,4,9.58,90,98,NA,58.0,54.843,53.25,53.937
169714.0,17845,0,4,7.5,81,98,NA,57.718,54.625,52.968,53.843
169823.0,17845,0,4,8.92,90,99,NA,58.687,54.937,53.187,54.062
169931.0,17845,0,4,6.75,81,99,NA,59.437,55.187,53.031,54.375
170039.0,17845,0,4,4.5,30,78,NA,58.062,55.156,53.125,54.343
170150.0,17845,0,4,10.5,100,84,NA,57.531,54.718,53.031,54.093
170257.0,17845,0,4,8.25,90,98,NA,57.812,54.75,53.156,54.031
170365.0,17845,0,4,9.0,90,98,NA,58.187,54.656,52.968,53.968
170474.0,17845,0,4,8.25,83,98,NA,57.875,54.5,53.156,53.968
170582.0,17845,0,4,7.42,81,98,NA,57.625,54.593,53.062,53.937
170692.0,17845,0,4,9.67,100,99,NA,58.812,54.906,53.187,54.25
170800.0,17845,0,4,7.5,72,99,NA,59.937,55.156,53.093,54.5
170908.0,17845,0,4,5.08,36,62,NA,57.75,55.125,53.25,54.281
171019.0,17845,0,4,8.33,100,84,NA,57.468,54.718,53.031,54.031
171126.0,17845,0,4,10.42,90,98,NA,58.0,54.718,53.093,54.031
171236.0,17845,0,4,8.83,90,98,NA,57.937,54.656,53.093,54.031
171346.0,17845,0,4,9.0,90,98,NA,57.937,54.625,53.187,54.031
171453.0,17845,0,4,7.67,83,98,NA,58.062,54.781,53.093,53.875
171564.0,17845,0,4,9.0,100,99,NA,58.5,54.937,53.218,54.187
171672.0,17845,0,4,7.5,72,99,NA,59.5,55.125,53.156,54.375
171779.0,17845,0,4,4.5,36,69,NA,57.875,55.156,53.062,54.406
171891.0,17845,0,4,10.5,100,81,NA,57.656,54.687,53.093,54.031
171998.0,17845,0,4,7.5,90,98,NA,57.937,54.781,53.187,54.062
172107.0,17845,0,4,7.5,90,98,NA,58.281,54.781,53.093,53.875
172216.0,17845,0,4,8.83,90,98,NA,57.843,54.687,53.187,54.0
172323.0,17845,0,4,8.08,81,98,NA,58.218,54.781,53.281,54.0
172433.0,17845,0,4,8.17,90,99,NA,58.968,54.843,53.093,54.218
172540.0,17845,0,4,9.5,88,99,NA,59.625,55.343,53.281,54.593
172648.0,17845,0,4,4.25,33,94,NA,58.406,55.187,53.125,54.437
172757.0,17845,0,4,9.75,100,96,NA,57.968,54.937,53.156,54.218
172864.0,17845,0,4,9.58,90,98,NA,58.093,54.968,53.218,54.093
172974.0,17845,0,4,9.58,90,98,NA,57.937,54.843,53.25,54.156
173081.0,17845,0,4,7.5,81,98,NA,58.281,54.906,53.343,54.093
173191.0,17845,0,4,8.75,81,98,NA,57.843,54.656,53.218,54.062
173299.0,17845,0,4,11.83,100,99,NA,59.062,54.968,53.375,54.25
173407.0,17845,0,4,6.33,60,99,NA,59.437,55.375,53.218,54.656
173517.0,17845,0,4,5.83,45,88,NA,57.781,55.312,53.093,54.375
173624.0,17845,0,4,9.83,100,98,NA,57.875,54.906,53.156,54.218
173732.0,17845,0,4,8.92,90,98,NA,58.093,54.875,53.312,54.125
173842.0,17845,0,4,9.0,90,98,NA,58.093,54.75,53.187,54.156
173949.0,17845,0,4,8.67,80,98,NA,57.906,54.843,53.25,54.093
174060.0,17845,0,4,9.67,90,98,NA,57.906,54.718,53.218,54.031
174168.0,17845,0,4,9.08,100,99,NA,59.093,55.187,53.375,54.437
174276.0,17845,0,4,6.58,54,99,NA,59.625,55.281,53.156,54.562
174387.0,17845,0,4,6.92,58,58,NA,57.812,55.25,53.343,54.281
174494.0,17845,0,4,9.17,100,87,NA,57.718,54.906,53.187,54.156
174605.0,17845,0,4,10.75,90,98,NA,58.218,55.031,53.375,54.062
174712.0,17845,0,4,8.33,91,98,NA,58.312,54.812,53.125,54.156
174820.0,17845,0,4,8.08,80,98,NA,57.875,54.812,53.281,54.125
174931.0,17845,0,4,8.33,83,98,NA,57.906,54.656,53.281,54.0
175038.0,17845,0,4,9.0,100,99,NA,59.093,55.125,53.375,54.437
175146.0,17845,0,4,7.25,60,99,NA,59.625,55.343,53.156,54.656
175256.0,17845,0,4,5.17,54,77,NA,58.031,55.25,53.312,54.468
175365.0,17845,0,4,9.92,100,98,NA,57.968,54.875,53.218,54.25
175474.0,17845,0,4,10.25,90,98,NA,58.218,54.968,53.312,54.25
175583.0,17845,0,4,7.75,75,98,NA,57.875,54.843,53.25,54.125
175691.0,17845,0,4,8.92,90,88,NA,58.0,54.843,53.343,54.187
175803.0,17845,0,4,10.17,90,42,NA,57.906,54.875,53.25,54.125
175912.0,17845,0,4,10.42,100,99,NA,59.281,55.218,53.406,54.437
176020.0,17845,0,4,4.08,41,99,NA,59.968,55.375,53.218,54.687
176131.0,17845,0,4,6.58,70,62,NA,57.656,55.281,53.406,54.281
176238.0,17845,0,4,9.75,100,98,NA,57.906,54.906,53.312,54.218
176347.0,17845,0,4,10.33,100,98,NA,58.093,54.968,53.406,54.281
176458.0,17845,0,4,6.67,72,98,NA,58.375,54.781,53.281,54.187
176565.0,17845,0,4,11.75,90,88,NA,58.031,54.875,53.375,54.187
176675.0,17845,0,4,8.17,90,40,NA,58.093,54.75,53.281,54.156
176782.0,17845,0,4,9.08,100,99,NA,59.187,55.281,53.406,54.625
176890.0,17845,0,4,4.08,40,99,NA,59.937,55.406,53.281,54.687
176999.0,17845,0,4,6.25,66,67,NA,57.687,55.25,53.312,54.468
177106.0,17845,0,4,10.42,100,98,NA,58.062,54.968,53.468,54.187
177216.0,17845,0,4,9.08,91,98,NA,58.062,54.937,53.375,54.25
177325.0,17845,0,4,8.83,81,98,NA,58.031,54.781,53.562,54.218
177432.0,17845,0,4,8.17,90,98,NA,58.093,54.875,53.281,54.125
177540.0,17845,0,4,8.42,83,60,NA,58.25,54.937,53.406,54.156
177647.0,17845,0,4,9.08,100,99,NA,59.437,55.156,53.343,54.562
177758.0,17845,0,4,6.5,45,99,NA,59.625,55.562,53.406,54.812
177865.0,17845,0,4,7.83,70,60,NA,57.687,55.093,53.312,54.375
177973.0,17845,0,4,9.0,100,92,NA,57.875,55.031,53.375,54.312
178080.0,17845,0,4,7.5,90,98,NA,58.062,54.843,53.343,54.187
178188.0,17845,0,4,8.25,90,98,NA,58.062,54.843,53.375,54.218
178298.0,17845,0,4,9.58,75,98,NA,58.062,55.031,53.343,54.125
178406.0,17845,0,4,8.17,90,77,NA,58.062,54.843,53.406,54.187
178516.0,17845,0,4,9.0,100,99,NA,59.187,55.375,53.312,54.5
178627.0,17845,0,4,4.92,50,99,NA,59.906,55.531,53.437,54.812
178736.0,17845,0,4,6.67,63,76,NA,58.0,55.25,53.406,54.5
178845.0,17845,0,4,10.25,90,98,NA,58.312,55.031,53.468,54.343
178954.0,17845,0,4,8.17,90,98,NA,58.312,54.968,53.375,54.25
179064.0,17845,0,4,7.42,81,86,NA,58.062,54.906,53.406,54.25
179172.0,17845,0,4,7.5,90,87,NA,58.437,54.875,53.375,54.156
179282.0,17845,0,4,8.92,90,51,NA,58.156,54.968,53.437,54.281
179390.0,17845,0,4,9.83,100,99,NA,59.406,55.312,53.343,54.531
179498.0,17845,0,4,3.5,33,99,NA,59.875,55.468,53.531,54.843
179606.0,17845,0,4,7.5,81,74,NA,57.906,55.375,53.312,54.406
179714.0,17845,0,4,9.08,100,98,NA,58.218,55.062,53.5,54.312
179825.0,17845,0,4,8.17,81,98,NA,58.062,55.125,53.375,54.25
179935.0,17845,0,4,7.5,90,98,NA,58.343,54.968,53.406,54.218
180043.0,17845,0,4,8.33,91,98,NA,58.406,54.843,53.406,54.218
180153.0,17845,0,4,7.67,83,59,NA,58.125,55.0,53.437,54.281
180261.0,17845,0,4,9.67,100,99,NA,59.687,55.375,53.375,54.656
180369.0,17845,0,4,3.17,20,99,NA,60.093,55.562,53.437,54.937
180480.0,17845,0,4,9.0,90,88,NA,57.968,55.187,53.375,54.468
180589.0,17845,0,4,9.5,90,88,NA,58.218,55.187,53.5,54.468
180697.0,17845,0,4,9.17,83,88,NA,58.468,54.906,53.375,54.343
180806.0,17845,0,4,10.08,88,98,NA,58.218,55.031,53.5,54.343
180913.0,17845,0,4,8.25,90,98,NA,58.281,55.125,53.656,54.218
181024.0,17845,0,4,8.92,90,99,NA,58.593,55.125,53.468,54.406
181133.0,17845,0,4,9.08,91,99,NA,59.718,55.437,53.437,54.75
181241.0,17845,0,4,1.58,10,99,NA,58.906,55.593,53.468,54.875
181351.0,17845,0,4,8.33,100,67,NA,58.0,55.062,53.5,54.343
181459.0,17845,0,4,7.5,90,98,NA,57.968,55.062,53.5,54.343
181568.0,17845,0,4,8.92,90,88,NA,58.218,55.093,53.406,54.218
181678.0,17845,0,4,8.83,90,86,NA,58.25,55.031,53.5,54.156
181784.0,17845,0,4,7.5,90,98,NA,58.468,55.218,53.593,54.281
181894.0,17845,0,4,8.92,90,60,NA,58.375,55.125,53.531,54.375
182001.0,17845,0,4,8.33,100,99,NA,59.781,55.593,53.468,54.656
182109.0,17845,0,4,3.17,23,99,NA,59.937,55.625,53.406,54.906
182218.0,17845,0,4,10.25,100,71,NA,58.0,55.281,53.625,54.531
182324.0,17845,0,4,9.08,100,98,NA,58.406,55.218,53.406,54.343
182434.0,17845,0,4,8.83,81,98,NA,58.093,55.093,53.5,54.406
182539.0,17845,0,4,8.25,90,93,NA,58.25,55.062,53.687,54.281
182648.0,17845,0,4,8.17,90,98,NA,58.281,55.0,53.5,54.281
182755.0,17845,0,4,9.0,83,60,NA,58.312,55.125,53.5,54.312
182865.0,17845,0,4,10.5,100,99,NA,59.562,55.468,53.406,54.75
182976.0,17845,0,4,3.0,20,99,NA,60.0,55.812,53.625,54.906
183082.0,17845,0,4,9.67,90,62,NA,57.75,55.218,53.5,54.406
183188.0,17845,0,4,8.33,100,98,NA,58.031,55.062,53.562,54.437
183295.0,17845,0,4,9.0,90,98,NA,58.375,55.281,53.468,54.343
183404.0,17845,0,4,8.83,81,98,NA,58.062,55.0,53.531,54.343
183510.0,17845,0,4,8.17,81,88,NA,58.187,55.062,53.625,54.375
183619.0,17845,0,4,10.25,90,43,NA,58.218,54.937,53.437,54.281
183726.0,17845,0,4,9.0,100,99,NA,59.406,55.312,53.531,54.718
183836.0,17845,0,4,3.75,45,99,NA,60.406,55.531,53.531,54.843
183942.0,17845,0,4,9.42,70,61,NA,57.843,55.406,53.531,54.531
184051.0,17845,0,4,8.33,100,96,NA,58.031,55.343,53.718,54.437
184158.0,17845,0,4,9.58,90,98,NA,58.25,55.093,53.437,54.312
184267.0,17845,0,4,8.92,90,98,NA,58.437,55.093,53.593,54.375
184375.0,17845,0,4,6.75,72,98,NA,58.25,54.937,53.562,54.281
184482.0,17845,0,4,9.58,90,98,NA,58.25,55.031,53.562,54.375
184591.0,17845,0,4,9.75,100,99,NA,59.406,55.5,53.5,54.687
184715.0,17845,0,4,4.83,50,99,NA,60.281,55.656,53.531,55.0
184840.0,17845,0,4,8.58,75,67,NA,57.906,55.312,53.531,54.562
184948.0,17845,0,4,9.5,90,98,NA,58.156,55.156,53.562,54.562
185058.0,17845,0,4,8.83,80,98,NA,58.375,55.031,53.5,54.375
185168.0,17845,0,4,9.0,90,88,NA,58.312,55.187,53.687,54.468
185275.0,17845,0,4,8.25,90,98,NA,58.375,55.031,53.5,54.406
185386.0,17845,0,4,8.83,90,57,NA,58.375,55.25,53.625,54.5
185493.0,17845,0,4,8.33,100,99,NA,59.468,55.437,53.562,54.781
185602.0,17845,0,4,3.25,30,99,NA,60.125,55.687,53.625,55.062
185712.0,17845,0,4,8.33,91,71,NA,58.031,55.281,53.562,54.625
185819.0,17845,0,4,10.58,100,98,NA,58.25,55.312,53.625,54.468
185928.0,17845,0,4,6.75,81,98,NA,58.093,55.062,53.781,54.5
186037.0,17845,0,4,8.92,90,98,NA,58.218,55.218,53.625,54.406
186144.0,17845,0,4,9.0,90,98,NA,58.437,55.25,53.718,54.312
186254.0,17845,0,4,7.5,90,55,NA,58.375,55.25,53.562,54.437
186361.0,17845,0,4,9.0,100,99,NA,59.812,55.562,53.781,54.906
186471.0,17845,0,4,4.83,33,99,NA,59.937,55.718,53.656,55.0
186579.0,17845,0,4,6.75,81,65,NA,57.937,55.5,53.843,54.687
186690.0,17845,0,4,9.92,100,98,NA,58.156,55.218,53.687,54.468
186797.0,17845,0,4,8.83,90,98,NA,58.656,55.343,53.843,54.437
186908.0,17845,0,4,9.42,81,98,NA,58.281,55.218,53.593,54.375
187018.0,17845,0,4,10.25,90,89,NA,58.312,55.031,53.531,54.406
187126.0,17845,0,4,9.58,90,54,NA,58.343,55.218,53.593,54.5
187235.0,17845,0,4,7.58,91,99,NA,59.437,55.75,53.593,54.781
187346.0,17845,0,4,4.42,36,99,NA,60.062,55.75,53.718,55.125
187453.0,17845,0,4,8.58,77,71,NA,58.437,55.593,53.593,54.656
187563.0,17845,0,4,9.67,100,98,NA,58.437,55.343,53.687,54.593
187674.0,17845,0,4,8.75,81,98,NA,58.312,55.187,53.687,54.531
187781.0,17845,0,4,7.5,90,87,NA,58.375,55.25,53.656,54.531
187891.0,17845,0,4,7.5,81,98,NA,58.687,55.187,53.593,54.562
187999.0,17845,0,4,8.25,90,61,NA,58.375,55.218,53.625,54.531
188107.0,17845,0,4,9.08,100,99,NA,59.812,55.5,53.843,54.968
188219.0,17845,0,4,2.75,25,99,NA,60.406,55.906,53.75,55.125
188326.0,17845,0,4,9.08,100,71,NA,58.125,55.375,53.843,54.625
188435.0,17845,0,4,10.33,90,98,NA,58.437,55.312,53.718,54.656
188543.0,17845,0,4,7.5,81,87,NA,58.812,55.187,53.656,54.593
188650.0,17845,0,4,10.33,90,88,NA,58.406,55.25,53.656,54.406
188760.0,17845,0,4,9.5,90,98,NA,58.531,55.312,53.75,54.468
188868.0,17845,0,4,10.25,90,58,NA,58.406,55.218,53.593,54.5
188978.0,17845,0,4,10.42,100,99,NA,59.937,55.875,53.875,54.968
189089.0,17845,0,4,3.58,18,99,NA,60.281,55.875,53.718,55.156
189196.0,17845,0,4,8.25,90,77,NA,58.031,55.656,53.843,54.656
189306.0,17845,0,4,11.75,90,98,NA,58.25,55.375,53.687,54.656
189413.0,17845,0,4,8.17,90,98,NA,58.687,55.406,53.812,54.593
189522.0,17845,0,4,9.0,91,98,NA,58.5,55.281,53.656,54.562
189631.0,17845,0,4,7.5,90,98,NA,58.531,55.343,53.843,54.5
189737.0,17848,0,4,8.83,81,61,NA,58.406,55.312,53.593,54.562
189846.0,17848,0,4,8.33,100,99,NA,59.968,55.75,53.75,55.093
189955.0,17848,0,4,2.92,18,99,NA,60.375,55.875,53.687,55.125
190064.0,17848,0,4,9.08,100,65,NA,57.875,55.5,53.843,54.687
190171.0,17848,0,4,10.75,100,98,NA,58.75,55.281,53.687,54.562
190278.0,17848,0,4,8.92,90,98,NA,58.406,55.312,53.687,54.5
190384.0,17848,0,4,6.67,80,98,NA,58.5,55.375,53.781,54.656
190491.0,17848,0,4,8.83,90,87,NA,58.687,55.187,53.718,54.5
190600.0,17847,0,4,6.92,83,44,NA,58.531,55.312,53.718,54.562
190707.0,17847,0,4,9.83,100,99,NA,59.562,55.75,53.875,54.968
190816.0,17847,0,4,5.08,45,99,NA,60.218,55.875,53.781,55.187
190924.0,17847,0,4,6.83,72,67,NA,58.093,55.687,53.906,54.843
191033.0,17847,0,4,11.08,100,98,NA,58.437,55.375,53.718,54.656
191141.0,17847,0,4,8.17,81,98,NA,58.531,55.437,53.875,54.656
191248.0,17847,0,4,8.75,81,98,NA,58.25,55.281,53.781,54.593
191357.0,17847,0,4,11.25,90,98,NA,58.718,55.281,53.781,54.625
191465.0,17847,0,4,8.25,90,51,NA,58.531,55.437,53.687,54.5
191575.0,17847,0,4,9.83,100,99,NA,59.781,55.781,53.812,55.062
191684.0,17847,0,4,3.75,36,99,NA,60.468,55.843,53.75,55.218
191792.0,17847,0,4,10.42,80,55,NA,58.031,55.531,53.843,54.843
191900.0,17847,0,4,10.5,91,98,NA,58.281,55.375,53.687,54.656
192007.0,17847,0,4,9.83,100,98,NA,58.656,55.343,53.812,54.593
192115.0,17847,0,4,8.92,80,98,NA,58.812,55.375,53.937,54.687
192222.0,17847,0,4,7.5,81,98,NA,58.718,55.281,53.718,54.5
192332.0,17847,0,4,8.92,90,79,NA,58.593,55.375,53.843,54.625
192438.0,17847,0,4,9.67,100,99,NA,59.437,55.625,53.718,55.031
192547.0,17847,0,4,5.25,54,99,NA,60.406,55.937,53.812,55.156
192658.0,17847,0,4,7.42,58,62,NA,58.281,55.718,53.75,54.875
192765.0,17847,0,4,8.33,100,98,NA,58.406,55.437,53.875,54.75
192875.0,17847,0,4,9.75,100,98,NA,58.75,55.375,53.75,54.656
192982.0,17847,0,4,10.17,81,98,NA,58.593,55.312,53.812,54.656
193092.0,17847,0,4,7.5,81,98,NA,58.687,55.437,53.781,54.531
193199.0,17847,0,4,9.58,90,67,NA,58.531,55.25,53.781,54.593
193307.0,17847,0,4,9.17,100,99,NA,59.5,55.781,53.968,54.937
193415.0,17847,0,4,6.5,54,99,NA,60.062,55.875,53.781,55.25
193522.0,17847,0,4,7.33,54,76,NA,58.312,55.812,53.875,55.031
193631.0,17847,0,4,11.42,100,98,NA,58.781,55.5,53.843,54.75
193738.0,17847,0,4,7.5,90,98,NA,58.687,55.437,53.875,54.75
193845.0,17847,0,4,8.83,80,98,NA,58.562,55.593,53.937,54.75
193953.0,17847,0,4,8.25,90,98,NA,58.5,55.406,53.875,54.625
194059.0,17847,0,4,9.0,83,59,NA,58.625,55.437,53.812,54.687
194169.0,17847,0,4,9.0,100,99,NA,59.718,55.593,53.75,55.062
194284.0,17847,0,4,5.17,45,99,NA,60.093,56.093,53.75,55.218
194393.0,17847,0,4,8.17,72,73,NA,58.281,55.718,53.937,55.031
194499.0,17847,0,4,10.58,100,98,NA,58.718,55.562,54.031,54.781
194607.0,17848,0,4,6.67,80,98,NA,58.656,55.468,53.875,54.75
194716.0,17848,0,4,6.75,81,88,NA,58.812,55.5,53.968,54.687
194823.0,17848,0,4,9.58,90,88,NA,59.0,55.25,53.875,54.625
194931.0,17848,0,4,7.5,90,52,NA,58.687,55.437,53.937,54.75
195040.0,17848,0,4,9.08,100,99,NA,59.812,56.0,53.843,55.125
195163.0,17848,0,4,4.92,35,99,NA,60.375,56.0,53.875,55.281
195287.0,17848,0,4,8.83,91,60,NA,58.375,55.562,53.875,54.812
195403.0,17848,0,4,10.33,100,98,NA,58.718,55.656,53.875,54.687
195520.0,17848,0,4,9.92,83,98,NA,58.781,55.406,53.906,54.687
195635.0,17848,0,4,8.75,90,98,NA,58.906,55.625,53.812,54.687
195752.0,17848,0,4,8.92,91,98,NA,59.187,55.375,53.781,54.562
195869.0,17848,0,4,13.0,90,98,NA,59.718,55.593,53.843,54.875
195976.0,17848,0,4,10.33,81,99,NA,60.375,55.875,53.968,55.25
196090.0,17848,0,4,4.83,33,69,NA,58.843,55.875,53.875,55.125
196206.0,17848,0,4,9.0,100,79,NA,58.343,55.531,53.906,54.781
196314.0,17848,0,4,9.0,90,95,NA,58.625,55.562,54.0,54.875
196425.0,17848,0,4,8.83,90,98,NA,59.031,55.375,53.875,54.718
196532.0,17848,0,4,8.25,90,98,NA,58.781,55.406,54.062,54.906
196641.0,17848,0,4,7.5,81,98,NA,58.625,55.343,53.906,54.781
196751.0,17848,0,4,9.58,90,99,NA,59.343,55.812,54.031,55.125
196859.0,17848,0,4,7.33,80,99,NA,60.093,55.968,53.875,55.312
196969.0,17848,0,4,5.0,36,85,NA,58.75,56.0,54.062,55.187
197079.0,17848,0,4,9.75,100,95,NA,58.343,55.625,53.937,54.906
197186.0,17848,0,4,9.0,90,98,NA,58.843,55.625,54.0,54.906
197295.0,17848,0,4,8.25,90,98,NA,58.812,55.375,53.875,54.812
197403.0,17848,0,4,7.67,83,98,NA,58.75,55.5,53.968,54.781
197511.0,17848,0,4,7.5,81,98,NA,58.781,55.406,53.906,54.812
197620.0,17848,0,4,11.08,100,99,NA,59.656,55.781,53.875,55.125
197752.0,17848,0,4,6.08,58,99,NA,60.656,56.187,53.968,55.375
197869.0,17848,0,4,6.5,61,68,NA,58.406,55.843,54.031,55.218
197976.0,17848,0,4,9.08,100,98,NA,58.843,55.625,53.968,54.906
198093.0,17848,0,4,8.83,83,98,NA,58.875,55.437,53.937,54.906
198201.0,17848,0,4,9.0,90,88,NA,58.781,55.531,54.0,54.906
198308.0,17848,0,4,9.5,90,92,NA,58.75,55.687,54.062,54.75
198425.0,17848,0,4,9.5,90,52,NA,58.843,55.468,54.187,54.875
198543.0,17848,0,4,9.0,100,99,NA,60.156,55.875,53.843,55.375
198659.0,17848,0,4,2.67,16,99,NA,59.968,56.125,53.937,55.5
198782.0,17848,0,4,11.33,100,62,NA,58.312,55.656,54.031,55.0
198899.0,17848,0,4,8.17,90,98,NA,58.406,55.625,54.031,54.812
199016.0,17848,0,4,10.25,90,89,NA,58.875,55.562,54.031,54.812
199124.0,17848,0,4,8.92,90,98,NA,58.593,55.625,53.906,54.812
199233.0,17848,0,4,7.5,81,98,NA,58.843,55.5,54.031,54.843
