t_ms,ram_used_mb,swap_used_mb,lfb_mb,cpu_mean_pct,cpu_max_pct,gpu_load_pct,emc_util_pct,temp_tj_c,temp_soc0_c,temp_soc1_c,temp_soc2_c
0.0,11154,0,4,8.33,100,19,NA,49.5,47.25,46.656,45.968
109.0,11154,0,4,7.5,90,99,NA,49.593,47.125,46.5,46.062
217.0,11185,0,4,9.75,100,99,NA,49.843,47.437,46.562,46.312
324.0,11194,0,4,9.67,100,66,NA,49.906,47.218,46.468,46.343
433.0,11194,0,4,8.33,100,99,NA,49.625,47.625,46.593,46.531
541.0,11194,0,4,8.33,100,99,NA,50.593,48.031,46.531,46.968
652.0,11194,0,4,9.08,100,99,NA,51.75,48.437,46.687,47.343
760.0,11194,0,4,1.33,16,99,NA,52.062,48.468,46.593,47.5
869.0,11194,0,4,4.17,50,36,NA,50.031,48.375,46.687,47.406
976.0,11194,0,4,9.67,100,45,NA,50.5,48.375,46.625,47.187
1085.0,11194,0,4,8.33,100,46,NA,50.343,48.031,46.75,47.218
1193.0,11194,0,4,8.33,100,52,NA,50.375,48.156,46.968,47.031
1301.0,11194,0,4,9.08,100,48,NA,50.312,48.031,46.812,47.062
1409.0,11194,0,4,9.08,100,51,NA,50.5,48.0,46.968,46.968
1516.0,11194,0,4,9.0,100,53,NA,50.593,47.906,46.812,47.0
1624.0,11194,0,4,9.0,100,62,NA,50.406,47.968,46.812,47.031
1732.0,11194,0,4,9.75,100,70,NA,50.375,47.843,46.781,46.937
1842.0,11194,0,4,8.17,90,99,NA,51.187,48.187,46.843,47.312
1951.0,11194,0,4,8.33,100,99,NA,52.437,48.562,46.875,47.656
2061.0,11194,0,4,8.33,100,99,NA,52.406,48.75,46.968,48.0
2170.0,11194,0,4,1.5,18,99,NA,53.062,48.937,46.937,48.031
2278.0,11194,0,4,5.17,54,44,NA,50.843,48.812,47.093,47.968
2387.0,11194,0,4,9.0,100,43,NA,50.875,48.562,46.968,47.687
2495.0,11194,0,4,8.33,100,43,NA,50.718,48.531,47.0,47.625
2604.0,11194,0,4,8.33,100,48,NA,51.093,48.406,47.218,47.468
2712.0,11194,0,4,8.33,100,48,NA,50.906,48.343,47.0,47.437
2819.0,11194,0,4,8.33,100,51,NA,50.875,48.531,47.218,47.375
2927.0,11194,0,4,8.33,100,52,NA,50.718,48.312,47.062,47.343
3035.0,11194,0,4,8.33,100,47,NA,50.812,48.375,47.125,47.437
3142.0,11194,0,4,9.08,100,60,NA,51.093,48.218,47.062,47.406
3249.0,11194,0,4,8.33,100,99,NA,52.031,48.687,47.125,47.843
3356.0,11194,0,4,8.33,100,99,NA,53.156,49.0,47.312,48.125
3463.0,11194,0,4,8.33,90,99,NA,52.812,49.062,47.125,48.25
3572.0,11194,0,4,0.75,9,99,NA,53.375,49.281,47.25,48.437
3680.0,11194,0,4,7.42,80,46,NA,51.437,48.875,47.218,48.125
3787.0,11194,0,4,9.0,100,43,NA,51.093,48.812,47.281,47.968
3895.0,11194,0,4,8.17,90,42,NA,51.25,48.843,47.375,47.843
4002.0,11194,0,4,9.08,100,45,NA,51.093,48.625,47.25,47.843
4109.0,11194,0,4,8.33,100,48,NA,51.218,48.593,47.375,47.781
4216.0,11194,0,4,8.33,100,49,NA,51.531,48.812,47.156,47.75
4323.0,11194,0,4,8.33,100,55,NA,51.062,48.562,47.343,47.687
4430.0,11194,0,4,8.33,100,52,NA,51.093,48.562,47.375,47.656
4539.0,11194,0,4,9.0,100,87,NA,51.25,48.593,47.218,47.625
4648.0,11194,0,4,10.42,100,99,NA,52.5,49.031,47.312,48.218
4756.0,11201,0,4,10.42,100,99,NA,53.25,49.156,47.281,48.343
4865.0,11201,0,4,6.0,63,99,NA,53.812,49.375,47.437,48.593
4975.0,11201,0,4,0.75,9,99,NA,53.156,49.406,47.406,48.687
5083.0,11201,0,4,8.33,100,43,NA,51.343,49.156,47.375,48.312
5191.0,11201,0,4,7.58,91,42,NA,51.562,49.125,47.375,48.062
5299.0,11201,0,4,8.33,100,45,NA,51.437,48.968,47.437,48.093
5408.0,11201,0,4,9.0,100,47,NA,51.375,48.781,47.718,48.0
5516.0,11201,0,4,9.75,100,52,NA,51.343,48.812,47.562,47.906
5624.0,11201,0,4,8.33,100,48,NA,51.5,48.937,47.562,47.843
5732.0,11201,0,4,8.33,100,51,NA,51.375,48.656,47.468,47.843
5841.0,11201,0,4,9.75,100,52,NA,51.125,48.687,47.531,47.812
5953.0,11201,0,4,8.33,100,99,NA,51.25,48.875,47.437,47.968
6061.0,11201,0,4,9.67,100,99,NA,53.5,49.406,47.625,48.312
6171.0,11201,0,4,8.33,100,99,NA,53.531,49.5,47.562,48.593
6281.0,11201,0,4,3.67,36,99,NA,53.937,49.656,47.5,48.687
6389.0,11201,0,4,3.0,36,44,NA,52.25,49.562,47.562,48.687
6498.0,11201,0,4,9.0,100,46,NA,51.5,49.437,47.75,48.343
6607.0,11201,0,4,8.33,100,44,NA,51.5,49.156,47.593,48.375
6715.0,11201,0,4,8.33,100,48,NA,51.687,49.218,47.812,48.187
6825.0,11201,0,4,8.33,100,44,NA,51.562,49.031,47.625,48.187
6934.0,11201,0,4,7.67,92,51,NA,51.875,48.906,47.562,48.062
7043.0,11201,0,4,9.08,100,50,NA,51.562,48.906,47.625,48.187
7152.0,11201,0,4,8.33,100,51,NA,51.562,49.0,47.531,47.906
7261.0,11201,0,4,9.08,100,63,NA,51.406,48.937,47.562,48.0
7371.0,11201,0,4,8.33,100,99,NA,52.562,49.375,47.593,48.343
7480.0,11201,0,4,9.08,100,99,NA,53.468,49.468,47.718,48.75
7590.0,11201,0,4,9.67,100,99,NA,53.781,49.656,47.718,48.843
7698.0,11201,0,4,0.67,8,99,NA,54.187,49.937,47.718,48.968
7807.0,11201,0,4,6.0,72,43,NA,51.968,49.531,47.718,48.718
7916.0,11201,0,4,8.33,100,42,NA,51.843,49.375,47.781,48.562
8026.0,11201,0,4,9.0,100,47,NA,52.156,49.25,47.75,48.437
8135.0,11201,0,4,9.08,100,49,NA,51.718,49.218,47.843,48.437
8244.0,11201,0,4,8.33,100,52,NA,51.593,49.093,47.718,48.343
8352.0,11201,0,4,8.33,100,48,NA,51.687,49.187,47.843,48.312
8461.0,11201,0,4,8.33,100,51,NA,51.906,48.968,47.75,48.156
8571.0,11201,0,4,9.0,100,53,NA,51.562,49.093,47.781,48.218
8679.0,11201,0,4,7.58,91,99,NA,51.562,49.062,47.812,48.312
8788.0,11201,0,4,9.0,100,99,NA,53.437,49.562,47.906,48.625
8898.0,11201,0,4,8.33,100,99,NA,53.687,49.75,47.75,48.812
9008.0,11201,0,4,5.25,54,99,NA,54.218,50.031,47.937,49.125
9117.0,11201,0,4,2.17,18,80,NA,53.406,49.906,47.75,49.062
9226.0,11201,0,4,8.33,100,46,NA,51.968,49.656,48.0,48.843
9335.0,11201,0,4,9.08,100,43,NA,51.906,49.312,47.906,48.562
9443.0,11201,0,4,8.33,100,44,NA,51.937,49.437,48.062,48.593
9552.0,11201,0,4,8.33,100,44,NA,51.968,49.281,47.843,48.437
9661.0,11201,0,4,9.0,100,51,NA,51.781,49.218,48.0,48.5
9770.0,11201,0,4,8.33,100,51,NA,51.718,49.156,47.906,48.343
9879.0,11201,0,4,9.0,100,51,NA,51.875,49.218,48.0,48.312
9987.0,11201,0,4,9.08,100,61,NA,51.875,49.093,47.906,48.312
10095.0,11201,0,4,9.67,90,99,NA,52.5,49.406,48.062,48.593
10203.0,11201,0,4,9.75,100,99,NA,53.687,49.75,48.062,48.812
10311.0,11201,0,4,8.33,100,99,NA,53.968,49.906,47.968,49.093
10420.0,11201,0,4,1.67,20,99,NA,54.562,50.156,47.937,49.218
10529.0,11201,0,4,5.5,50,47,NA,52.718,49.875,48.062,49.062
10638.0,11201,0,4,8.33,100,47,NA,52.375,49.781,48.218,48.75
10746.0,11201,0,4,8.33,100,45,NA,52.437,49.562,48.062,48.781
10853.0,11200,0,4,9.0,100,44,NA,52.062,49.593,48.062,48.75
10962.0,11200,0,4,8.33,100,48,NA,51.937,49.406,48.031,48.562
11071.0,11200,0,4,9.0,100,52,NA,52.062,49.468,48.093,48.593
11179.0,11200,0,4,9.08,100,50,NA,52.125,49.281,48.031,48.406
11287.0,11200,0,4,9.08,100,47,NA,52.062,49.312,48.093,48.437
11396.0,11200,0,4,9.08,100,62,NA,51.781,49.5,48.062,48.375
11504.0,11200,0,4,8.33,100,99,NA,53.156,49.656,48.062,48.812
11614.0,11200,0,4,9.08,100,99,NA,54.093,50.062,48.25,49.093
11722.0,11200,0,4,7.5,81,99,NA,54.312,50.156,48.093,49.312
11831.0,11200,0,4,0.75,9,99,NA,54.406,50.343,48.343,49.312
11940.0,11200,0,4,7.5,90,43,NA,52.312,50.031,48.125,49.062
12048.0,11200,0,4,9.67,100,43,NA,52.312,49.906,48.156,48.906
12157.0,11200,0,4,9.08,100,43,NA,52.218,49.625,48.156,48.906
12266.0,11200,0,4,9.0,100,47,NA,52.375,49.687,48.25,48.718
12375.0,11200,0,4,8.25,90,52,NA,52.093,49.5,48.187,48.656
12484.0,11200,0,4,9.0,100,48,NA,52.125,49.562,48.375,48.562
12592.0,11200,0,4,9.75,100,57,NA,52.062,49.375,48.093,48.593
12700.0,11200,0,4,9.0,100,55,NA,52.125,49.562,48.25,48.625
12809.0,11200,0,4,9.67,100,99,NA,52.218,49.5,48.093,48.625
12918.0,11200,0,4,9.08,100,99,NA,53.406,49.968,48.218,49.218
13026.0,11200,0,4,9.08,100,99,NA,54.125,50.093,48.187,49.312
13135.0,11200,0,4,5.58,50,99,NA,54.437,50.312,48.343,49.5
13244.0,11200,0,4,2.42,20,51,NA,53.531,50.187,48.187,49.406
13353.0,11200,0,4,9.08,100,43,NA,52.343,49.875,48.375,49.093
13461.0,11200,0,4,8.33,100,43,NA,52.687,49.718,48.281,48.937
13569.0,11200,0,4,8.33,100,47,NA,52.281,49.718,48.25,48.906
13677.0,11200,0,4,8.33,100,48,NA,52.343,49.687,48.281,48.812
13786.0,11200,0,4,8.33,100,47,NA,52.187,49.625,48.312,48.812
13895.0,11200,0,4,9.58,100,49,NA,52.437,49.75,48.25,48.75
14003.0,11200,0,4,8.33,100,56,NA,52.187,49.468,48.312,48.625
14112.0,11200,0,4,9.08,100,57,NA,52.187,49.656,48.375,48.562
14221.0,11200,0,4,8.17,90,99,NA,52.875,49.906,48.312,48.968
14330.0,11200,0,4,8.33,100,99,NA,54.312,50.312,48.437,49.281
14438.0,11200,0,4,9.0,100,99,NA,54.687,50.281,48.312,49.406
14547.0,11200,0,4,1.58,10,99,NA,54.968,50.468,48.468,49.562
14655.0,11200,0,4,5.17,54,43,NA,52.562,50.187,48.312,49.375
14763.0,11200,0,4,8.33,100,42,NA,52.531,50.031,48.437,49.187
14871.0,11200,0,4,9.0,100,42,NA,52.531,49.875,48.375,49.031
14979.0,11202,0,4,10.42,90,44,NA,52.375,49.843,48.406,48.968
15087.0,11202,0,4,8.33,100,52,NA,52.625,49.656,48.312,48.843
15195.0,11202,0,4,9.0,100,47,NA,52.093,49.75,48.343,48.812
15304.0,11202,0,4,8.33,100,52,NA,52.468,49.75,48.5,48.781
15412.0,11202,0,4,8.33,100,55,NA,52.187,49.531,48.375,48.75
15521.0,11202,0,4,10.42,100,61,NA,52.406,49.656,48.5,48.718
15630.0,11202,0,4,7.67,92,99,NA,53.25,50.0,48.312,49.125
15738.0,11202,0,4,8.33,100,99,NA,54.468,50.375,48.468,49.437
15848.0,11202,0,4,8.83,90,99,NA,54.375,50.375,48.5,49.562
15957.0,11202,0,4,2.83,16,99,NA,54.562,50.656,48.531,49.718
16064.0,11202,0,4,8.17,81,44,NA,52.718,50.125,48.5,49.343
16173.0,11202,0,4,8.33,100,45,NA,52.562,50.125,48.625,49.25
16282.0,11202,0,4,9.67,100,46,NA,52.437,49.968,48.531,49.156
16391.0,11202,0,4,8.33,100,45,NA,52.531,50.0,48.562,49.125
16499.0,11202,0,4,8.33,100,53,NA,52.593,49.875,48.5,49.0
16607.0,11202,0,4,9.08,100,48,NA,52.343,49.843,48.531,48.937
16716.0,11202,0,4,8.33,100,53,NA,52.75,49.625,48.406,48.781
16824.0,11202,0,4,9.17,100,54,NA,52.468,49.687,48.593,48.812
16931.0,11202,0,4,8.33,100,99,NA,52.656,49.937,48.625,48.906
17038.0,11202,0,4,8.33,100,99,NA,54.281,50.25,48.437,49.343
17145.0,11202,0,4,9.08,100,99,NA,54.593,50.437,48.531,49.687
17253.0,11202,0,4,4.92,50,99,NA,55.125,50.531,48.531,49.781
17359.0,11202,0,4,1.67,20,95,NA,53.593,50.562,48.5,49.781
17465.0,11202,0,4,9.08,100,47,NA,52.781,50.312,48.656,49.437
17572.0,11202,0,4,8.33,100,43,NA,52.875,50.125,48.531,49.187
17679.0,11202,0,4,7.5,90,46,NA,52.625,50.031,48.562,49.125
17786.0,11202,0,4,9.08,100,48,NA,52.656,50.093,48.593,49.187
17893.0,11202,0,4,9.92,100,48,NA,52.562,49.906,48.531,49.031
18001.0,11202,0,4,9.83,100,48,NA,52.5,49.937,48.593,49.0
18107.0,11202,0,4,8.33,100,57,NA,52.75,49.906,48.75,49.0
18215.0,11202,0,4,8.33,100,58,NA,52.718,49.781,48.562,48.906
18322.0,11202,0,4,9.08,100,99,NA,53.5,50.062,48.562,49.156
18429.0,11202,0,4,8.33,100,99,NA,54.125,50.312,48.5,49.437
18536.0,11202,0,4,9.0,100,99,NA,54.468,50.531,48.593,49.75
18645.0,11202,0,4,2.25,27,99,NA,55.0,50.781,48.75,49.906
18752.0,11202,0,4,4.42,45,46,NA,53.406,50.531,48.687,49.781
18859.0,11202,0,4,8.33,100,47,NA,52.843,50.281,48.75,49.5
18966.0,11202,0,4,9.75,100,42,NA,52.875,50.343,48.875,49.281
19074.0,11202,0,4,8.33,100,48,NA,52.687,50.062,48.625,49.25
19181.0,11202,0,4,9.08,100,45,NA,52.718,50.156,48.812,49.218
19288.0,11202,0,4,9.08,100,51,NA,52.625,49.968,48.593,49.093
19395.0,11202,0,4,8.33,100,50,NA,52.531,49.968,48.687,49.125
19502.0,11202,0,4,8.17,90,56,NA,52.593,50.0,48.781,48.937
19609.0,11202,0,4,9.08,100,62,NA,52.812,49.812,48.625,49.0
19716.0,11202,0,4,8.33,100,99,NA,53.093,50.218,48.625,49.343
19823.0,11202,0,4,8.33,100,99,NA,54.781,50.656,48.875,49.531
19929.0,11202,0,4,8.33,100,99,NA,54.593,50.593,48.656,49.781
20038.0,11202,0,4,0.75,9,99,NA,55.343,50.781,48.75,49.906
20145.0,11202,0,4,6.75,63,43,NA,53.781,50.5,48.75,49.687
20252.0,11202,0,4,9.08,100,46,NA,52.906,50.343,48.812,49.562
20359.0,11202,0,4,9.08,100,46,NA,52.937,50.375,48.843,49.5
20466.0,11202,0,4,9.67,100,45,NA,52.75,50.218,48.812,49.312
20573.0,11202,0,4,7.58,91,48,NA,52.687,50.187,48.843,49.25
20680.0,11202,0,4,8.33,100,49,NA,52.937,50.218,48.937,49.218
20787.0,11202,0,4,9.08,100,53,NA,52.968,50.062,48.718,49.062
20895.0,11202,0,4,8.33,100,47,NA,52.718,50.031,48.875,49.093
21003.0,11202,0,4,9.0,100,75,NA,52.781,49.968,48.75,49.062
21110.0,11202,0,4,9.0,100,99,NA,53.625,50.406,48.687,49.5
21218.0,11202,0,4,9.0,100,99,NA,54.781,50.781,49.031,49.75
21326.0,11202,0,4,9.42,81,99,NA,54.656,50.718,48.75,50.0
21436.0,11202,0,4,0.75,9,99,NA,54.906,51.031,49.062,50.062
21545.0,11202,0,4,7.5,90,43,NA,52.875,50.531,48.875,49.781
21654.0,11202,0,4,9.75,100,43,NA,53.125,50.562,49.031,49.562
21763.0,11202,0,4,9.0,100,44,NA,52.906,50.281,48.843,49.5
21873.0,11202,0,4,9.0,100,48,NA,53.281,50.343,48.812,49.312
21982.0,11202,0,4,8.33,100,49,NA,52.812,50.156,48.843,49.312
22091.0,11202,0,4,8.33,100,47,NA,53.031,50.25,48.781,49.312
22200.0,11202,0,4,8.33,100,56,NA,52.843,50.218,48.843,49.187
22309.0,11202,0,4,10.42,100,55,NA,53.031,50.156,48.937,49.125
22418.0,11202,0,4,7.67,92,99,NA,53.343,50.25,48.781,49.375
22527.0,11202,0,4,9.08,100,99,NA,54.125,50.812,49.031,49.781
22635.0,11202,0,4,8.33,100,99,NA,55.125,50.75,48.968,50.031
22744.0,11202,0,4,3.67,36,99,NA,55.125,51.062,49.062,50.093
22854.0,11202,0,4,4.17,41,43,NA,53.687,50.781,48.875,49.968
22963.0,11202,0,4,9.75,100,46,NA,53.343,50.718,48.906,49.75
23073.0,11202,0,4,9.08,100,44,NA,53.093,50.406,48.937,49.656
23182.0,11202,0,4,9.58,100,46,NA,53.062,50.5,48.906,49.531
23290.0,11202,0,4,9.08,100,47,NA,52.968,50.312,48.968,49.562
23398.0,11202,0,4,8.33,100,49,NA,53.062,50.437,49.125,49.343
23507.0,11202,0,4,9.0,100,50,NA,53.25,50.187,48.875,49.281
23615.0,11202,0,4,9.0,100,56,NA,52.875,50.343,49.062,49.406
23722.0,11202,0,4,8.33,100,62,NA,52.718,50.031,48.875,49.281
23831.0,11202,0,4,8.33,100,99,NA,53.875,50.531,48.937,49.718
23938.0,11202,0,4,9.0,100,99,NA,55.187,50.843,48.875,49.937
24047.0,11202,0,4,8.17,90,99,NA,54.906,50.937,48.968,50.156
24155.0,11202,0,4,0.0,0,99,NA,55.312,51.281,49.156,50.281
24265.0,11202,0,4,6.75,81,47,NA,53.343,50.687,48.937,49.937
24374.0,11202,0,4,8.92,91,43,NA,53.25,50.531,49.218,49.75
24482.0,11202,0,4,9.0,100,41,NA,53.093,50.437,49.031,49.718
24593.0,11202,0,4,8.33,100,45,NA,53.437,50.437,49.031,49.531
24702.0,11202,0,4,8.33,100,52,NA,53.062,50.343,49.062,49.531
24812.0,11202,0,4,8.33,100,48,NA,53.031,50.312,49.031,49.437
24921.0,11202,0,4,8.33,100,57,NA,53.125,50.312,49.031,49.437
25030.0,11202,0,4,8.33,100,56,NA,53.125,50.093,48.968,49.312
25138.0,11202,0,4,9.0,100,99,NA,52.937,50.406,49.125,49.531
25247.0,11208,0,4,8.92,91,99,NA,54.406,50.718,48.968,49.906
25355.0,11208,0,4,8.33,100,99,NA,54.812,50.968,49.031,50.125
25465.0,11208,0,4,3.75,45,99,NA,55.156,51.031,48.968,50.312
25573.0,11208,0,4,2.25,27,39,NA,54.125,51.031,49.093,50.281
25682.0,11208,0,4,8.33,100,43,NA,53.531,50.75,49.031,49.875
25789.0,11208,0,4,9.83,100,45,NA,53.156,50.593,49.062,49.781
25897.0,11208,0,4,8.33,100,44,NA,53.218,50.656,49.281,49.625
26006.0,11208,0,4,8.33,100,45,NA,53.125,50.468,49.031,49.656
26113.0,11208,0,4,9.0,100,52,NA,53.031,50.562,49.187,49.656
26221.0,11208,0,4,8.33,100,48,NA,53.406,50.343,49.093,49.5
26330.0,11208,0,4,9.08,100,54,NA,53.093,50.375,49.25,49.468
26440.0,11208,0,4,9.08,100,60,NA,52.875,50.312,49.062,49.406
26549.0,11208,0,4,9.08,100,99,NA,53.281,50.593,49.125,49.687
26658.0,11208,0,4,9.08,100,99,NA,54.718,50.843,49.031,50.0
26767.0,11208,0,4,8.33,100,99,NA,55.062,51.187,49.093,50.343
26876.0,11208,0,4,0.0,0,99,NA,55.562,51.093,49.093,50.375
26985.0,11208,0,4,5.67,60,47,NA,53.875,51.0,49.156,50.218
27094.0,11208,0,4,7.58,91,42,NA,53.25,50.687,49.125,49.906
27203.0,11208,0,4,8.33,100,47,NA,53.25,50.718,49.25,49.875
27311.0,11208,0,4,9.0,100,45,NA,53.593,50.593,49.093,49.687
27418.0,11208,0,4,10.25,100,50,NA,53.187,50.562,49.218,49.687
27527.0,11208,0,4,8.33,100,48,NA,53.281,50.437,49.093,49.531
27636.0,11208,0,4,9.08,100,54,NA,53.031,50.375,49.156,49.5
27745.0,11208,0,4,8.33,100,54,NA,53.281,50.531,49.156,49.406
27853.0,11208,0,4,8.33,100,75,NA,53.031,50.468,49.156,49.406
27962.0,11208,0,4,8.33,100,99,NA,54.375,51.0,49.375,49.843
28071.0,11208,0,4,9.75,100,99,NA,55.062,51.156,49.25,50.281
28180.0,11208,0,4,5.83,70,99,NA,55.468,51.312,49.343,50.312
28289.0,11208,0,4,0.67,8,99,NA,55.156,51.281,49.156,50.468
28398.0,11208,0,4,9.08,100,42,NA,53.531,50.968,49.187,50.031
28506.0,11208,0,4,9.0,100,46,NA,53.187,50.718,49.25,49.906
28615.0,11208,0,4,10.58,100,43,NA,53.437,50.843,49.437,49.75
28723.0,11208,0,4,8.33,100,49,NA,53.187,50.687,49.187,49.75
28831.0,11208,0,4,8.33,100,48,NA,53.218,50.593,49.281,49.781
28941.0,11208,0,4,8.33,100,51,NA,53.5,50.593,49.218,49.625
29049.0,11208,0,4,8.33,91,55,NA,53.25,50.562,49.312,49.656
29158.0,11208,0,4,8.33,100,54,NA,53.093,50.406,49.187,49.531
29266.0,11208,0,4,9.0,100,99,NA,53.218,50.687,49.25,49.656
29375.0,11208,0,4,9.0,100,99,NA,54.687,51.0,49.187,50.062
29485.0,11208,0,4,8.33,100,99,NA,55.625,51.25,49.375,50.343
29595.0,11208,0,4,3.75,45,99,NA,56.031,51.312,49.281,50.5
29704.0,11208,0,4,2.75,33,43,NA,54.25,51.375,49.468,50.312
29813.0,11208,0,4,8.33,100,43,NA,53.343,50.906,49.281,50.125
29923.0,11208,0,4,9.67,100,46,NA,53.625,50.968,49.437,49.781
30032.0,11208,0,4,9.0,100,48,NA,53.468,50.718,49.312,49.843
30140.0,11208,0,4,8.33,100,45,NA,53.312,50.75,49.468,49.718
30248.0,11208,0,4,9.08,100,53,NA,53.281,50.625,49.343,49.812
30357.0,11208,0,4,9.0,100,48,NA,53.437,50.687,49.375,49.781
30464.0,11208,0,4,8.33,100,56,NA,53.468,50.531,49.156,49.593
30572.0,11208,0,4,8.33,100,63,NA,53.281,50.625,49.312,49.718
30680.0,11208,0,4,8.25,91,99,NA,54.125,51.062,49.437,50.0
30788.0,11208,0,4,9.0,100,99,NA,55.093,51.125,49.218,50.343
30896.0,11208,0,4,8.33,100,99,NA,55.25,51.468,49.406,50.375
31006.0,11208,0,4,1.33,8,99,NA,55.718,51.468,49.406,50.593
31115.0,11208,0,4,7.33,72,43,NA,53.875,51.218,49.593,50.25
31224.0,11208,0,4,8.33,100,45,NA,53.406,50.968,49.406,50.156
31333.0,11208,0,4,9.08,100,42,NA,53.5,51.0,49.562,49.937
31441.0,11208,0,4,8.33,100,49,NA,53.468,50.843,49.343,49.875
31549.0,11208,0,4,8.33,100,44,NA,53.625,50.843,49.437,49.843
31659.0,11208,0,4,9.0,100,48,NA,53.75,50.781,49.406,49.781
31767.0,11208,0,4,9.0,100,57,NA,53.406,50.687,49.437,49.843
31874.0,11208,0,4,8.33,100,52,NA,53.281,50.593,49.281,49.687
31982.0,11208,0,4,9.83,100,95,NA,53.281,50.687,49.375,49.812
32089.0,11208,0,4,9.08,100,99,NA,54.437,51.25,49.281,50.187
32197.0,11208,0,4,9.0,100,99,NA,55.062,51.312,49.406,50.437
32304.0,11208,0,4,4.83,58,99,NA,56.062,51.468,49.562,50.625
32411.0,11208,0,4,0.83,10,99,NA,55.031,51.468,49.468,50.562
32518.0,11208,0,4,9.08,100,47,NA,53.406,51.062,49.5,50.312
32627.0,11208,0,4,8.33,91,43,NA,53.906,51.156,49.656,50.093
32734.0,11208,0,4,9.08,100,48,NA,53.375,50.875,49.5,50.031
32842.0,11208,0,4,8.33,100,45,NA,53.593,50.968,49.531,50.062
32949.0,11208,0,4,8.33,100,48,NA,53.437,50.718,49.437,49.781
33057.0,11208,0,4,8.33,100,49,NA,53.375,50.812,49.5,49.812
33165.0,11208,0,4,8.33,100,53,NA,53.781,50.843,49.437,49.781
33274.0,11208,0,4,8.33,100,54,NA,53.437,50.75,49.468,49.75
33382.0,11208,0,4,8.33,100,99,NA,53.531,50.968,49.625,49.875
33490.0,11208,0,4,9.0,100,99,NA,55.312,51.187,49.437,50.375
33599.0,11208,0,4,9.0,100,99,NA,55.375,51.5,49.593,50.531
33706.0,11208,0,4,3.0,36,99,NA,56.156,51.5,49.5,50.718
33813.0,11208,0,4,2.5,30,47,NA,54.593,51.5,49.5,50.687
33920.0,11208,0,4,9.0,100,47,NA,53.718,51.125,49.5,50.281
34035.0,11208,0,4,8.33,100,42,NA,53.843,51.156,49.75,50.187
34143.0,11208,0,4,9.67,100,45,NA,53.531,50.968,49.531,50.093
34251.0,11208,0,4,8.33,100,49,NA,53.531,51.0,49.593,50.093
34358.0,11208,0,4,7.58,91,48,NA,53.468,50.781,49.531,49.906
34465.0,11208,0,4,8.33,100,52,NA,53.5,50.75,49.5,49.937
34574.0,11208,0,4,9.0,100,51,NA,53.687,50.906,49.718,49.812
34682.0,11208,0,4,9.0,100,61,NA,53.468,50.687,49.468,49.812
34789.0,11208,0,4,8.33,100,99,NA,54.437,51.031,49.531,50.187
34896.0,11208,0,4,9.0,100,99,NA,55.218,51.281,49.5,50.468
35005.0,11208,0,4,9.67,100,99,NA,55.781,51.562,49.625,50.718
35115.0,11208,0,4,1.5,9,99,NA,55.718,51.562,49.531,50.75
35222.0,11208,0,4,6.67,63,47,NA,54.062,51.468,49.687,50.625
35330.0,11208,0,4,8.33,100,42,NA,54.0,51.125,49.718,50.281
35437.0,11215,0,4,7.58,91,35,NA,53.562,51.031,49.625,50.281
35545.0,11215,0,4,8.33,100,47,NA,53.656,51.0,49.718,50.187
35652.0,11215,0,4,8.33,100,49,NA,53.781,50.906,49.531,50.031
35759.0,11215,0,4,9.08,100,51,NA,53.593,50.968,49.625,49.968
35866.0,11215,0,4,9.0,100,48,NA,53.531,51.031,49.625,49.968
35973.0,11215,0,4,9.08,100,55,NA,53.5,50.843,49.5,49.906
36081.0,11215,0,4,8.33,100,64,NA,53.5,50.812,49.531,49.875
36188.0,11215,0,4,8.33,100,99,NA,54.593,51.125,49.5,50.25
36296.0,11215,0,4,8.33,100,99,NA,55.593,51.531,49.625,50.562
36403.0,11215,0,4,8.17,81,99,NA,55.562,51.718,49.687,50.75
36514.0,11215,0,4,0.67,8,99,NA,55.843,51.718,49.593,50.843
36621.0,11215,0,4,8.33,90,47,NA,54.0,51.5,49.75,50.593
36727.0,11215,0,4,8.33,100,44,NA,54.0,51.281,49.593,50.406
36834.0,11215,0,4,9.08,100,45,NA,53.812,51.093,49.593,50.343
36940.0,11215,0,4,8.33,100,46,NA,53.718,51.156,49.781,50.156
37047.0,11215,0,4,8.33,100,49,NA,53.75,51.0,49.593,50.125
37153.0,11215,0,4,8.33,100,49,NA,53.718,50.968,49.5,50.156
37259.0,11215,0,4,8.25,91,52,NA,53.75,50.968,49.687,50.125
37366.0,11215,0,4,8.33,100,54,NA,53.781,50.937,49.562,49.968
37474.0,11215,0,4,8.33,100,90,NA,53.562,51.0,49.687,50.062
37582.0,11215,0,4,9.08,100,99,NA,54.937,51.5,49.593,50.468
37688.0,11215,0,4,8.33,100,99,NA,55.312,51.5,49.5,50.75
37795.0,11215,0,4,5.25,63,99,NA,55.718,51.718,49.75,50.968
37903.0,11215,0,4,0.75,9,99,NA,55.187,51.75,49.656,50.906
38010.0,11215,0,4,8.33,100,45,NA,53.656,51.5,49.75,50.562
38117.0,11215,0,4,8.33,100,43,NA,53.906,51.406,49.781,50.5
38224.0,11215,0,4,8.33,100,47,NA,54.0,51.218,49.625,50.312
38332.0,11215,0,4,8.33,100,45,NA,53.781,51.125,49.781,50.281
38440.0,11215,0,4,8.33,100,51,NA,54.062,51.218,49.656,50.218
38548.0,11215,0,4,8.33,100,51,NA,53.625,51.031,49.75,50.125
38654.0,11215,0,4,9.08,100,52,NA,53.843,51.062,49.718,50.187
38761.0,11215,0,4,8.33,100,56,NA,53.843,50.906,49.718,50.062
38867.0,11215,0,4,8.17,90,99,NA,53.625,51.125,49.687,50.156
38974.0,11215,0,4,9.67,100,99,NA,55.281,51.5,49.687,50.562
39081.0,11215,0,4,8.33,100,99,NA,55.781,51.625,49.718,50.687
39187.0,11215,0,4,5.67,60,99,NA,55.843,51.812,49.718,50.968
39293.0,11215,0,4,0.75,9,99,NA,55.343,51.937,49.843,51.062
39400.0,11215,0,4,9.0,100,43,NA,54.218,51.406,49.75,50.531
39507.0,11215,0,4,9.08,100,42,NA,53.937,51.312,49.843,50.406
39614.0,11215,0,4,9.0,100,48,NA,54.0,51.375,49.781,50.406
39720.0,11215,0,4,8.33,100,44,NA,53.937,51.093,49.75,50.281
39827.0,11215,0,4,8.33,100,48,NA,53.812,51.156,49.781,50.25
39934.0,11215,0,4,8.33,100,52,NA,53.843,51.093,49.875,50.125
40041.0,11215,0,4,9.08,100,52,NA,53.687,51.0,49.781,50.218
40148.0,11215,0,4,8.33,100,53,NA,53.656,50.937,49.781,50.156
40256.0,11215,0,4,8.33,100,99,NA,54.125,51.281,49.75,50.218
40363.0,11215,0,4,8.33,100,99,NA,55.25,51.593,49.781,50.625
40470.0,11215,0,4,9.08,100,99,NA,55.5,51.812,49.906,50.906
40580.0,11215,0,4,3.75,45,99,NA,56.062,51.843,49.843,51.062
40686.0,11215,0,4,3.0,27,55,NA,54.687,51.906,49.843,51.0
40793.0,11215,0,4,8.33,100,46,NA,54.218,51.593,50.0,50.593
40899.0,11215,0,4,7.58,91,42,NA,54.281,51.375,49.843,50.562
41006.0,11215,0,4,8.33,100,44,NA,54.0,51.375,49.906,50.406
41113.0,11215,0,4,8.33,100,45,NA,54.0,51.406,49.968,50.25
41220.0,11215,0,4,8.33,100,52,NA,53.906,51.156,49.843,50.281
41327.0,11215,0,4,8.33,100,53,NA,53.781,51.125,49.843,50.312
41434.0,11215,0,4,9.08,100,51,NA,54.125,51.0,49.812,50.156
41541.0,11215,0,4,8.33,100,57,NA,53.718,51.062,49.875,50.187
41648.0,11215,0,4,9.08,100,99,NA,53.968,51.281,49.937,50.375
41757.0,11215,0,4,9.67,100,99,NA,55.531,51.531,49.812,50.687
41865.0,11215,0,4,9.75,100,99,NA,55.437,51.781,50.0,50.937
41973.0,11215,0,4,3.0,36,99,NA,55.875,51.875,49.843,51.031
42084.0,11215,0,4,4.92,36,20,NA,54.312,51.843,50.0,50.968
42191.0,11215,0,4,12.0,100,30,NA,53.625,51.281,49.875,50.5
42300.0,11215,0,4,9.83,100,45,NA,53.937,51.375,49.906,50.531
42408.0,11215,0,4,9.58,90,44,NA,54.187,51.406,49.875,50.343
42515.0,11215,0,4,9.08,100,47,NA,53.968,51.218,49.937,50.375
42625.0,11215,0,4,9.08,100,52,NA,53.968,51.125,50.031,50.312
42732.0,11215,0,4,8.33,100,50,NA,53.843,51.093,49.906,50.281
42842.0,11215,0,4,9.08,100,52,NA,54.093,51.25,50.062,50.156
42949.0,11215,0,4,9.08,100,50,NA,54.0,51.062,49.781,50.125
43060.0,11215,0,4,9.75,100,65,NA,53.843,51.125,50.0,50.125
43167.0,11215,0,4,9.83,100,99,NA,54.875,51.468,49.875,50.531
43275.0,11215,0,4,10.5,100,99,NA,55.375,51.812,49.906,50.906
43385.0,11215,0,4,8.42,83,99,NA,55.718,51.968,49.843,51.093
43492.0,11215,0,4,0.75,9,99,NA,55.937,52.062,49.968,51.187
43602.0,11215,0,4,8.25,90,21,NA,53.593,51.593,49.937,50.718
43708.0,11215,0,4,7.5,90,39,NA,53.906,51.437,50.0,50.531
43815.0,11215,0,4,9.83,100,44,NA,54.125,51.406,50.093,50.437
43924.0,11215,0,4,9.83,100,50,NA,54.062,51.375,49.906,50.375
44031.0,11215,0,4,10.5,100,48,NA,53.968,51.343,49.968,50.406
44140.0,11215,0,4,10.25,100,54,NA,53.906,51.187,49.906,50.312
44246.0,11215,0,4,9.75,100,53,NA,54.0,51.187,49.906,50.312
44354.0,11215,0,4,8.33,100,56,NA,54.062,51.312,50.093,50.187
44462.0,11215,0,4,9.75,100,58,NA,53.843,51.062,49.968,50.125
44569.0,11215,0,4,8.25,90,99,NA,53.812,51.156,50.031,50.312
44678.0,11215,0,4,9.75,100,99,NA,55.25,51.5,49.875,50.656
44784.0,11215,0,4,10.5,100,99,NA,55.531,51.781,49.937,51.0
44891.0,11215,0,4,4.92,50,99,NA,56.312,51.968,50.125,51.062
45000.0,11215,0,4,2.75,25,99,NA,54.843,51.906,50.0,51.156
45109.0,11215,0,4,9.17,77,22,NA,53.562,51.593,50.125,50.531
45217.0,11215,0,4,10.5,50,41,NA,53.468,51.312,50.0,50.531
45325.0,11215,0,4,9.75,100,47,NA,53.75,51.375,50.0,50.5
45433.0,11215,0,4,9.08,100,48,NA,53.562,51.312,49.937,50.343
45543.0,11215,0,4,9.75,100,50,NA,53.875,51.281,50.093,50.468
45651.0,11219,0,4,11.33,100,49,NA,53.968,51.125,49.937,50.281
45762.0,11224,0,4,9.08,91,58,NA,53.593,51.187,50.156,50.25
45870.0,11224,0,4,9.67,100,55,NA,53.593,51.062,49.937,50.187
45981.0,11224,0,4,9.75,100,59,NA,53.625,51.125,50.156,50.125
46089.0,11224,0,4,11.92,100,99,NA,53.812,51.375,49.843,50.343
46197.0,11224,0,4,9.08,100,99,NA,55.531,51.718,50.062,50.812
46307.0,11224,0,4,9.08,100,99,NA,55.906,51.906,50.0,51.031
46416.0,11224,0,4,5.58,33,99,NA,56.187,52.062,50.093,51.25
46524.0,11224,0,4,4.5,30,18,NA,53.937,51.843,50.0,50.937
46631.0,11224,0,4,9.08,100,25,NA,54.062,51.531,50.0,50.593
46740.0,11224,0,4,9.42,60,39,NA,54.312,51.343,50.031,50.5
46847.0,11224,0,4,11.25,100,49,NA,54.218,51.375,50.0,50.531
46957.0,11224,0,4,11.83,100,48,NA,54.062,51.25,50.0,50.312
47064.0,11224,0,4,9.83,100,51,NA,54.062,51.218,50.031,50.375
47173.0,11224,0,4,9.08,100,51,NA,54.343,51.343,50.156,50.312
47281.0,11224,0,4,10.33,100,51,NA,54.468,51.187,49.937,50.281
47389.0,11224,0,4,9.5,90,56,NA,54.093,51.281,50.0,50.312
47498.0,11224,0,4,9.83,100,68,NA,54.031,51.093,50.031,50.25
47606.0,11224,0,4,9.08,100,99,NA,54.812,51.593,50.031,50.656
47713.0,11224,0,4,9.83,100,99,NA,55.5,51.781,49.968,50.906
47821.0,11224,0,4,9.75,100,99,NA,56.0,52.031,50.031,51.125
47930.0,11224,0,4,4.0,16,99,NA,56.156,52.343,50.218,51.25
48040.0,11224,0,4,7.33,60,18,NA,53.906,51.812,50.093,50.906
48147.0,11224,0,4,9.08,100,31,NA,54.0,51.687,50.25,50.656
48255.0,11224,0,4,8.33,100,44,NA,54.187,51.5,50.062,50.531
48362.0,11224,0,4,10.5,100,50,NA,54.25,51.468,50.125,50.5
48470.0,11224,0,4,9.83,100,47,NA,54.156,51.312,50.0,50.437
48580.0,11224,0,4,9.0,100,52,NA,54.375,51.406,50.156,50.468
48687.0,11224,0,4,8.83,90,50,NA,54.437,51.218,50.031,50.375
48796.0,11223,0,4,9.67,100,60,NA,54.156,51.281,50.093,50.406
48902.0,11223,0,4,11.17,100,55,NA,54.343,51.281,50.0,50.281
49010.0,11223,0,4,9.83,100,72,NA,54.093,51.218,50.062,50.281
49117.0,11223,0,4,9.08,100,99,NA,55.062,51.687,50.125,50.781
49224.0,11223,0,4,9.08,100,99,NA,55.562,51.843,50.0,51.0
49331.0,11223,0,4,8.25,83,99,NA,56.031,52.031,50.125,51.25
49441.0,11223,0,4,0.75,9,99,NA,56.062,52.312,50.062,51.25
49549.0,11223,0,4,7.33,80,19,NA,53.75,51.687,50.156,50.843
49659.0,11223,0,4,11.17,100,32,NA,54.0,51.718,50.125,50.531
49767.0,11223,0,4,10.5,100,43,NA,54.281,51.5,50.093,50.593
49876.0,11223,0,4,9.08,100,47,NA,54.5,51.468,50.187,50.5
49983.0,11223,0,4,9.08,100,49,NA,54.093,51.375,50.093,50.437
50092.0,11223,0,4,8.25,90,50,NA,54.406,51.5,50.281,50.375
50200.0,11223,0,4,9.92,100,54,NA,54.187,51.312,50.062,50.343
50309.0,11223,0,4,11.17,100,55,NA,54.312,51.281,50.156,50.437
50417.0,11223,0,4,10.58,100,56,NA,54.5,51.187,50.156,50.156
50529.0,11223,0,4,9.08,100,89,NA,54.281,51.375,50.281,50.312
50636.0,11223,0,4,11.0,100,99,NA,55.562,51.781,50.062,50.875
50744.0,11223,0,4,8.33,100,99,NA,55.687,51.968,50.218,51.218
50855.0,11223,0,4,6.33,58,99,NA,56.406,52.062,50.0,51.281
50962.0,11223,0,4,2.33,10,99,NA,55.5,52.218,50.187,51.312
51073.0,11223,0,4,11.0,100,22,NA,53.906,51.656,50.156,50.75
51180.0,11223,0,4,8.92,72,34,NA,53.687,51.656,50.218,50.718
51290.0,11223,0,4,10.58,100,46,NA,53.656,51.5,50.156,50.5
51398.0,11223,0,4,9.0,100,47,NA,53.656,51.5,50.156,50.562
51508.0,11223,0,4,10.33,100,51,NA,53.968,51.437,50.156,50.5
51616.0,11223,0,4,9.75,100,49,NA,53.75,51.375,50.25,50.468
51724.0,11223,0,4,9.08,100,55,NA,53.531,51.218,50.093,50.343
51831.0,11223,0,4,7.5,90,57,NA,53.5,51.281,50.25,50.281
51941.0,11223,0,4,9.75,100,57,NA,53.843,51.375,50.062,50.25
52051.0,11223,0,4,9.75,100,99,NA,53.656,51.375,50.156,50.437
52161.0,11223,0,4,9.75,100,99,NA,55.406,51.812,50.093,50.906
52268.0,11223,0,4,9.75,100,99,NA,55.906,52.0,50.218,51.156
52377.0,11223,0,4,3.75,45,99,NA,55.875,52.156,50.187,51.281
52488.0,11223,0,4,4.92,27,33,NA,54.75,52.156,50.312,51.312
52596.0,11223,0,4,9.75,100,24,NA,53.875,51.718,50.187,50.75
52704.0,11223,0,4,9.08,100,40,NA,53.75,51.625,50.25,50.718
52812.0,11223,0,4,8.25,90,43,NA,53.875,51.75,50.437,50.593
52921.0,11223,0,4,11.25,100,48,NA,53.718,51.5,50.218,50.531
53030.0,11223,0,4,10.92,100,54,NA,54.0,51.625,50.437,50.468
53137.0,11223,0,4,9.08,100,51,NA,53.968,51.437,50.218,50.437
53247.0,11223,0,4,8.33,100,57,NA,53.812,51.531,50.406,50.375
53355.0,11223,0,4,8.33,100,55,NA,53.687,51.343,50.218,50.406
53464.0,11223,0,4,9.08,100,61,NA,53.812,51.5,50.343,50.25
53573.0,11223,0,4,9.5,90,99,NA,54.093,51.468,50.062,50.656
53683.0,11223,0,4,9.08,100,99,NA,55.5,52.062,50.343,50.968
53791.0,11223,0,4,8.33,100,99,NA,55.781,52.156,50.125,51.218
53898.0,11223,0,4,3.25,30,99,NA,56.531,52.25,50.281,51.437
54009.0,11223,0,4,6.25,41,18,NA,54.093,52.031,50.218,51.187
54116.0,11223,0,4,10.42,100,23,NA,53.656,51.75,50.312,50.781
54226.0,11223,0,4,10.5,100,42,NA,54.062,51.562,50.25,50.625
54333.0,11223,0,4,9.83,100,47,NA,54.0,51.5,50.375,50.593
54441.0,11223,0,4,9.67,100,48,NA,53.937,51.5,50.156,50.5
54549.0,11223,0,4,9.0,100,51,NA,53.812,51.531,50.343,50.437
54657.0,11223,0,4,10.67,100,49,NA,54.062,51.562,50.468,50.5
54767.0,11223,0,4,9.75,100,57,NA,53.812,51.312,50.25,50.468
54873.0,11223,0,4,9.75,100,55,NA,53.812,51.437,50.343,50.375
54982.0,11223,0,4,10.92,100,67,NA,53.781,51.375,50.187,50.375
55090.0,11223,0,4,8.92,90,99,NA,54.375,51.656,50.281,50.75
55198.0,11223,0,4,9.83,100,99,NA,55.937,51.875,50.218,51.218
55305.0,11223,0,4,9.08,100,99,NA,56.093,52.125,50.218,51.343
55416.0,11223,0,4,4.83,18,99,NA,56.531,52.218,50.25,51.406
55524.0,11223,0,4,6.08,54,20,NA,53.968,51.968,50.312,51.218
55632.0,11223,0,4,9.08,100,32,NA,53.937,51.687,50.281,50.906
55739.0,11223,0,4,10.58,100,43,NA,53.968,51.656,50.281,50.843
55847.0,11223,0,4,9.08,100,47,NA,54.0,51.687,50.468,50.75
55955.0,11235,0,4,9.0,100,46,NA,53.906,51.531,50.343,50.625
56062.0,11235,0,4,9.08,100,54,NA,54.0,51.5,50.343,50.718
56170.0,11235,0,4,9.83,100,50,NA,54.187,51.656,50.218,50.437
56277.0,11235,0,4,9.08,100,58,NA,53.937,51.437,50.281,50.531
56384.0,11235,0,4,10.83,90,46,NA,53.875,51.406,50.406,50.562
56494.0,11235,0,4,9.67,100,88,NA,53.812,51.406,50.281,50.437
56602.0,11235,0,4,9.75,100,99,NA,55.531,51.968,50.375,51.031
56709.0,11235,0,4,9.83,100,99,NA,55.906,52.062,50.25,51.218
56818.0,11235,0,4,7.42,72,99,NA,55.968,52.406,50.437,51.468
56926.0,11235,0,4,0.0,0,99,NA,56.375,52.343,50.343,51.531
57036.0,11235,0,4,8.83,90,26,NA,54.0,51.968,50.343,51.187
57142.0,11235,0,4,9.75,100,42,NA,54.093,51.906,50.406,50.781
57250.0,11235,0,4,9.08,100,43,NA,54.031,51.718,50.343,50.843
57357.0,11235,0,4,9.75,100,47,NA,53.968,51.75,50.468,50.812
57464.0,11235,0,4,9.0,100,47,NA,54.281,51.531,50.406,50.687
57574.0,11235,0,4,9.08,92,50,NA,54.062,51.593,50.406,50.625
57680.0,11235,0,4,9.08,100,52,NA,54.062,51.625,50.218,50.5
57788.0,11235,0,4,8.33,100,57,NA,53.875,51.468,50.375,50.625
57895.0,11235,0,4,9.83,100,65,NA,53.937,51.5,50.375,50.593
58003.0,11235,0,4,8.33,100,99,NA,54.468,51.75,50.281,50.718
58110.0,11235,0,4,9.17,100,99,NA,56.031,52.031,50.406,51.156
58218.0,11235,0,4,10.58,100,99,NA,56.281,52.375,50.468,51.406
58327.0,11235,0,4,5.0,27,99,NA,56.75,52.437,50.406,51.468
58436.0,11235,0,4,4.5,45,18,NA,54.281,52.406,50.5,51.312
58542.0,11235,0,4,10.42,100,27,NA,53.812,51.875,50.375,50.937
58650.0,11235,0,4,9.75,100,42,NA,54.093,51.906,50.531,50.875
58757.0,11235,0,4,11.0,100,47,NA,54.156,51.687,50.375,50.75
58866.0,11235,0,4,9.08,100,49,NA,54.031,51.687,50.437,50.75
58974.0,11235,0,4,10.5,91,53,NA,54.281,51.875,50.562,50.625
59081.0,11235,0,4,8.33,100,50,NA,53.968,51.5,50.437,50.687
59190.0,11235,0,4,8.33,100,57,NA,54.062,51.718,50.562,50.531
59298.0,11235,0,4,9.08,100,55,NA,54.0,51.5,50.375,50.531
59406.0,11235,0,4,9.92,100,69,NA,53.906,51.531,50.406,50.562
59513.0,11235,0,4,9.83,100,99,NA,54.656,51.781,50.312,50.75
59622.0,11235,0,4,9.08,100,99,NA,55.937,52.187,50.406,51.343
59729.0,11235,0,4,9.83,100,99,NA,56.218,52.468,50.562,51.406
59839.0,11235,0,4,2.83,18,99,NA,56.218,52.468,50.468,51.593
59946.0,11235,0,4,7.75,50,19,NA,54.343,52.312,50.531,51.312
60054.0,11235,0,4,10.33,100,27,NA,54.187,51.906,50.406,50.968
60161.0,11235,0,4,9.92,100,43,NA,54.062,51.843,50.531,50.906
60268.0,11235,0,4,8.33,91,49,NA,54.125,51.656,50.468,50.812
60382.0,11235,0,4,9.58,100,47,NA,54.343,51.812,50.593,50.718
60493.0,11235,0,4,9.83,100,54,NA,54.093,51.718,50.531,50.687
60599.0,11235,0,4,9.08,100,51,NA,54.281,51.75,50.468,50.593
60709.0,11235,0,4,9.67,100,56,NA,53.937,51.562,50.468,50.656
60816.0,11235,0,4,8.33,100,50,NA,54.062,51.656,50.562,50.75
60925.0,11235,0,4,9.83,100,67,NA,54.0,51.468,50.375,50.593
61033.0,11235,0,4,8.83,90,99,NA,55.093,51.968,50.5,51.093
61141.0,11235,0,4,9.08,100,99,NA,55.875,52.218,50.406,51.375
61248.0,11235,0,4,11.25,100,99,NA,56.187,52.375,50.468,51.5
61357.0,11235,0,4,0.67,8,99,NA,56.531,52.468,50.406,51.625
61464.0,11235,0,4,8.17,72,24,NA,54.062,52.25,50.468,51.25
61574.0,11235,0,4,10.5,100,38,NA,54.343,52.031,50.687,50.968
61680.0,11235,0,4,10.42,100,44,NA,54.531,51.906,50.468,50.968
61790.0,11235,0,4,9.0,100,46,NA,54.312,51.875,50.5,50.937
61897.0,11235,0,4,8.33,100,47,NA,54.031,51.812,50.468,50.843
62005.0,11235,0,4,9.75,100,54,NA,54.125,51.75,50.531,50.75
62113.0,11235,0,4,10.67,100,50,NA,54.312,51.718,50.468,50.687
62220.0,11235,0,4,10.33,100,58,NA,54.406,51.625,50.468,50.75
62330.0,11235,0,4,9.92,100,56,NA,54.093,51.812,50.656,50.625
62448.0,11235,0,4,9.0,92,99,NA,54.125,51.718,50.468,50.718
62564.0,11235,0,4,9.0,100,99,NA,56.343,52.25,50.406,51.25
62693.0,11235,0,4,9.58,100,99,NA,56.312,52.625,50.718,51.531
62810.0,11235,0,4,2.75,9,99,NA,56.812,52.656,50.75,51.718
62916.0,11235,0,4,5.92,63,16,NA,54.343,52.125,50.531,51.343
63048.0,11235,0,4,11.33,100,28,NA,54.281,51.906,50.5,51.093
63155.0,11235,0,4,9.08,100,45,NA,54.312,51.968,50.562,50.937
63263.0,11235,0,4,8.33,100,47,NA,54.156,51.843,50.468,50.906
63387.0,11235,0,4,10.17,100,53,NA,54.281,51.843,50.625,50.875
63494.0,11235,0,4,11.0,100,54,NA,54.406,51.656,50.468,50.781
63602.0,11235,0,4,9.67,100,51,NA,54.187,51.718,50.562,50.812
63710.0,11235,0,4,8.33,100,56,NA,54.437,51.75,50.468,50.687
63818.0,11235,0,4,8.33,100,58,NA,54.031,51.531,50.468,50.75
63928.0,11235,0,4,9.58,91,99,NA,54.218,51.937,50.593,50.75
64036.0,11235,0,4,9.08,100,99,NA,55.625,52.156,50.5,51.218
64145.0,11235,0,4,9.67,100,99,NA,56.531,52.562,50.531,51.531
64260.0,11235,0,4,5.17,54,99,NA,56.25,52.562,50.593,51.812
64368.0,11235,0,4,4.17,25,59,NA,55.093,52.562,50.5,51.656
64476.0,11235,0,4,9.08,100,24,NA,54.125,52.062,50.625,51.218
64586.0,11235,0,4,10.5,100,39,NA,54.187,51.968,50.5,50.968
64693.0,11235,0,4,9.75,100,47,NA,54.156,51.906,50.625,51.062
64800.0,11235,0,4,9.08,100,47,NA,54.593,51.968,50.75,50.875
64908.0,11235,0,4,10.33,100,50,NA,54.093,51.718,50.468,50.843
65025.0,11235,0,4,9.0,100,54,NA,54.125,51.812,50.531,50.781
65133.0,11235,0,4,9.08,91,59,NA,54.343,51.906,50.75,50.75
65243.0,11235,0,4,9.83,100,56,NA,54.093,51.687,50.468,50.687
65351.0,11235,0,4,11.58,100,64,NA,54.187,51.718,50.656,50.625
65460.0,11235,0,4,8.33,100,99,NA,54.687,51.843,50.531,50.875
65575.0,11235,0,4,9.67,100,99,NA,55.843,52.218,50.5,51.406
65684.0,11235,0,4,9.83,100,99,NA,56.75,52.562,50.625,51.625
65802.0,11235,0,4,2.58,16,99,NA,56.562,52.718,50.718,51.718
65913.0,11235,0,4,7.92,63,14,NA,54.187,52.312,50.593,51.5
66021.0,11235,0,4,9.0,100,26,NA,54.437,52.156,50.875,51.062
66137.0,11247,0,4,9.0,90,43,NA,54.281,52.062,50.812,51.093
66245.0,11250,0,4,9.08,100,47,NA,54.187,51.843,50.625,51.0
66352.0,11250,0,4,9.75,100,50,NA,54.437,51.812,50.593,50.968
66462.0,11250,0,4,8.33,91,51,NA,54.312,51.812,50.593,50.843
66571.0,11250,0,4,8.33,100,52,NA,54.218,51.812,50.687,50.937
66680.0,11250,0,4,9.67,100,55,NA,54.156,51.718,50.562,50.75
66788.0,11250,0,4,9.75,100,55,NA,54.281,51.812,50.593,50.75
66898.0,11250,0,4,10.58,100,66,NA,54.0,51.687,50.562,50.718
67006.0,11250,0,4,10.42,100,99,NA,55.375,52.156,50.75,51.25
67114.0,11250,0,4,10.25,100,99,NA,55.968,52.281,50.531,51.468
67221.0,11250,0,4,8.17,90,99,NA,56.5,52.5,50.687,51.687
67328.0,11250,0,4,2.17,9,99,NA,56.593,52.781,50.718,51.781
67438.0,11250,0,4,8.83,81,19,NA,54.25,52.25,50.656,51.375
67545.0,11250,0,4,9.67,100,33,NA,54.375,52.218,50.687,51.25
67652.0,11250,0,4,9.17,100,42,NA,54.562,51.937,50.625,51.0
67762.0,11250,0,4,9.58,91,50,NA,54.375,51.968,50.781,51.093
67869.0,11250,0,4,9.83,100,50,NA,54.281,51.718,50.625,50.843
67980.0,11250,0,4,8.33,100,55,NA,54.437,51.843,50.687,51.0
68088.0,11250,0,4,9.67,100,52,NA,54.5,51.812,50.625,50.843
68198.0,11250,0,4,9.75,100,55,NA,54.281,51.875,50.687,50.843
68306.0,11250,0,4,9.75,100,58,NA,54.25,51.656,50.656,50.75
68415.0,11250,0,4,8.33,100,73,NA,54.375,51.812,50.718,50.812
68522.0,11250,0,4,9.0,100,99,NA,55.406,52.187,50.562,51.281
68633.0,11250,0,4,7.5,90,99,NA,56.468,52.468,50.75,51.656
68741.0,11250,0,4,8.75,72,99,NA,56.718,52.562,50.593,51.718
68848.0,11250,0,4,0.67,8,99,NA,56.812,52.718,50.687,51.937
68956.0,11250,0,4,9.67,90,20,NA,54.312,52.468,50.843,51.312
69065.0,11250,0,4,10.5,100,31,NA,54.125,52.156,50.687,51.218
69172.0,11250,0,4,9.83,100,46,NA,54.406,52.062,50.812,51.125
69283.0,11250,0,4,9.75,100,47,NA,54.562,51.781,50.687,51.093
69390.0,11250,0,4,9.08,100,53,NA,54.5,52.0,50.656,51.093
69501.0,11250,0,4,9.83,100,51,NA,54.281,51.843,50.593,50.968
69609.0,11250,0,4,9.75,100,51,NA,54.375,51.968,50.75,50.875
69719.0,11250,0,4,9.75,100,56,NA,54.281,51.812,50.687,50.843
69826.0,11250,0,4,9.83,100,57,NA,54.218,51.781,50.781,50.968
69934.0,11250,0,4,8.25,90,99,NA,54.187,51.75,50.562,50.875
70042.0,11250,0,4,9.17,100,99,NA,55.781,52.343,50.687,51.406
70152.0,11250,0,4,9.75,100,99,NA,56.312,52.5,50.656,51.593
70260.0,11250,0,4,5.0,60,99,NA,57.031,52.687,50.687,51.875
70368.0,11250,0,4,2.08,16,99,NA,55.875,52.687,50.937,51.843
70475.0,11250,0,4,11.25,100,23,NA,54.218,52.281,50.718,51.406
70585.0,11250,0,4,9.92,100,39,NA,54.406,52.156,50.687,51.25
70692.0,11250,0,4,10.5,100,43,NA,54.406,52.125,50.875,51.156
70802.0,11250,0,4,9.92,100,49,NA,54.656,52.125,50.843,51.093
70908.0,11250,0,4,8.33,100,49,NA,54.718,51.968,50.718,51.062
71015.0,11250,0,4,9.67,100,50,NA,54.468,51.968,50.812,51.062
71124.0,11250,0,4,10.42,100,53,NA,54.437,51.781,50.687,50.906
71230.0,11250,0,4,11.42,100,56,NA,54.312,51.875,50.656,50.812
71336.0,11250,0,4,9.08,100,60,NA,54.312,51.843,50.75,50.968
71445.0,11250,0,4,8.17,90,99,NA,54.812,52.062,50.687,51.218
71551.0,11250,0,4,10.5,100,99,NA,56.062,52.468,50.718,51.562
71660.0,11250,0,4,10.42,100,99,NA,56.437,52.781,50.906,51.718
71770.0,11250,0,4,3.0,27,99,NA,56.531,52.781,50.812,52.0
71880.0,11250,0,4,3.75,45,20,NA,54.812,52.75,50.656,51.656
71989.0,11250,0,4,10.5,100,30,NA,54.312,52.25,50.875,51.406
72097.0,11250,0,4,9.67,100,46,NA,54.406,52.125,51.0,51.25
72209.0,11250,0,4,11.08,100,44,NA,54.5,52.187,50.875,51.343
72317.0,11250,0,4,9.08,100,50,NA,54.593,52.031,50.781,51.156
72426.0,11250,0,4,9.0,100,52,NA,54.468,52.187,50.812,51.187
72533.0,11250,0,4,9.83,100,52,NA,54.812,51.968,50.75,51.031
72642.0,11250,0,4,8.33,100,49,NA,54.5,51.968,50.812,51.062
72749.0,11250,0,4,8.25,91,51,NA,54.5,52.031,50.875,50.937
72859.0,11250,0,4,9.67,100,66,NA,54.375,51.937,50.718,51.093
72965.0,11250,0,4,10.33,100,99,NA,55.875,52.468,50.843,51.468
73074.0,11250,0,4,9.0,100,99,NA,56.843,52.593,50.781,51.718
73182.0,11250,0,4,6.67,80,99,NA,56.75,52.843,50.875,51.937
73290.0,11250,0,4,3.67,9,99,NA,56.843,52.875,50.718,51.968
73398.0,11250,0,4,10.25,90,26,NA,54.343,52.5,50.843,51.625
73508.0,11250,0,4,8.33,100,40,NA,54.843,52.218,50.781,51.468
73616.0,11250,0,4,9.08,100,44,NA,54.625,52.281,50.843,51.343
73727.0,11250,0,4,9.67,100,47,NA,54.531,52.062,50.718,51.25
73835.0,11250,0,4,9.75,100,49,NA,54.468,52.125,50.843,51.25
73947.0,11250,0,4,11.67,100,48,NA,54.468,52.031,50.875,51.125
74056.0,11250,0,4,8.25,91,50,NA,54.5,52.0,50.875,51.25
74166.0,11250,0,4,10.33,100,58,NA,54.718,51.968,50.781,51.093
74274.0,11250,0,4,10.58,100,64,NA,54.5,52.031,50.906,50.968
74384.0,11250,0,4,9.75,100,99,NA,54.687,52.125,50.812,51.25
74496.0,11250,0,4,9.67,100,99,NA,56.5,52.5,50.781,51.625
74604.0,11250,0,4,8.33,100,99,NA,56.875,52.843,50.843,51.968
74711.0,11250,0,4,4.08,23,99,NA,57.156,52.937,50.75,51.968
74822.0,11250,0,4,5.92,54,21,NA,54.625,52.718,50.906,51.812
74930.0,11250,0,4,9.0,100,33,NA,54.531,52.468,50.843,51.468
75037.0,11250,0,4,8.33,100,43,NA,54.562,52.218,50.843,51.406
75146.0,11250,0,4,10.92,100,46,NA,54.906,52.281,50.968,51.281
75254.0,11250,0,4,8.25,91,47,NA,54.906,52.187,50.843,51.218
75364.0,11250,0,4,9.08,100,52,NA,54.468,52.25,51.0,51.25
75471.0,11250,0,4,10.5,100,54,NA,54.5,52.0,50.843,51.187
75578.0,11250,0,4,10.58,100,52,NA,54.468,52.062,50.968,51.125
75687.0,11250,0,4,8.33,100,56,NA,54.625,52.031,50.781,51.093
75794.0,11250,0,4,9.67,100,87,NA,54.437,51.968,50.875,51.156
75904.0,11250,0,4,9.0,100,99,NA,55.812,52.625,50.968,51.531
76010.0,11250,0,4,11.83,100,99,NA,56.468,52.781,50.812,51.781
76118.0,11250,0,4,5.67,60,99,NA,56.906,52.937,50.968,52.125
76227.0,11250,0,4,2.17,9,99,NA,56.687,52.906,50.843,52.125
76335.0,11250,0,4,9.08,100,20,NA,54.5,52.531,50.968,51.593
76443.0,11252,0,4,11.33,90,36,NA,54.406,52.312,50.875,51.375
76553.0,11252,0,4,9.92,100,48,NA,54.687,52.312,51.031,51.343
76661.0,11252,0,4,9.08,100,47,NA,54.875,52.187,50.781,51.25
76770.0,11252,0,4,9.75,100,49,NA,54.562,52.156,50.937,51.312
76878.0,11251,0,4,9.08,100,52,NA,54.968,52.093,50.812,51.125
76988.0,11251,0,4,9.08,100,51,NA,54.625,52.125,50.937,51.125
77095.0,11251,0,4,10.58,100,55,NA,54.656,52.125,51.062,51.093
77205.0,11251,0,4,8.33,100,58,NA,54.531,52.0,50.968,51.062
77312.0,11251,0,4,9.75,90,99,NA,54.781,52.343,50.968,51.25
77422.0,11251,0,4,9.08,100,99,NA,55.937,52.593,50.875,51.75
77530.0,11251,0,4,9.08,100,99,NA,56.406,52.937,51.125,51.843
77638.0,11251,0,4,5.25,45,99,NA,56.75,52.906,50.937,52.156
77748.0,11251,0,4,2.25,27,47,NA,55.375,53.0,51.187,52.0
77855.0,11251,0,4,11.92,100,28,NA,54.75,52.437,51.031,51.562
77963.0,11251,0,4,11.33,100,42,NA,54.718,52.468,51.031,51.468
78071.0,11251,0,4,9.08,100,46,NA,54.656,52.25,50.937,51.406
78179.0,11251,0,4,9.08,100,47,NA,54.531,52.218,50.968,51.343
78288.0,11251,0,4,11.17,100,51,NA,54.781,52.187,50.906,51.281
78395.0,11251,0,4,8.33,100,53,NA,54.562,52.093,51.0,51.25
78505.0,11251,0,4,9.75,100,48,NA,54.968,52.281,50.906,51.156
78611.0,11252,0,4,10.42,100,58,NA,54.468,52.093,50.968,51.187
78720.0,11252,0,4,8.25,90,66,NA,54.656,52.125,50.937,51.218
78826.0,11252,0,4,10.5,100,99,NA,55.093,52.437,50.875,51.406
78935.0,11252,0,4,9.67,100,99,NA,56.656,52.656,50.968,51.812
79042.0,11252,0,4,9.08,100,99,NA,56.531,53.031,51.156,52.0
79151.0,11252,0,4,1.42,9,99,NA,56.906,52.937,50.968,52.125
79260.0,11252,0,4,6.08,63,20,NA,54.781,52.843,51.125,51.843
79369.0,11252,0,4,10.67,100,37,NA,54.531,52.468,51.062,51.625
79476.0,11252,0,4,10.5,100,44,NA,54.687,52.5,51.093,51.531
79585.0,11252,0,4,9.67,100,45,NA,54.656,52.437,50.968,51.468
79692.0,11252,0,4,9.67,100,51,NA,54.781,52.343,51.093,51.406
79800.0,11252,0,4,9.83,100,51,NA,54.843,52.406,50.968,51.281
79907.0,11252,0,4,9.17,100,53,NA,54.656,52.187,51.031,51.343
80015.0,11252,0,4,8.25,90,59,NA,54.968,52.375,51.125,51.156
80123.0,11252,0,4,9.08,100,57,NA,54.5,52.062,50.968,51.218
80231.0,11252,0,4,9.75,100,97,NA,54.75,52.25,51.031,51.218
80340.0,11252,0,4,9.83,100,99,NA,56.5,52.593,50.968,51.718
80448.0,11252,0,4,8.33,100,99,NA,57.031,52.906,51.062,52.062
80555.0,11252,0,4,7.08,60,99,NA,57.343,52.937,51.218,52.187
80667.0,11252,0,4,0.75,9,99,NA,56.5,53.156,51.093,52.312
80774.0,11252,0,4,9.08,100,18,NA,54.687,52.531,50.968,51.687
80884.0,11252,0,4,11.08,72,32,NA,55.031,52.5,51.093,51.562
80991.0,11252,0,4,9.83,100,48,NA,55.937,52.406,51.0,51.5
81102.0,11252,0,4,9.0,91,46,NA,55.843,52.406,51.062,51.468
81210.0,11252,0,4,11.92,100,52,NA,55.656,52.25,50.968,51.343
81319.0,11252,0,4,9.83,100,51,NA,55.843,52.312,51.125,51.406
81426.0,11252,0,4,9.08,100,59,NA,55.875,52.375,51.281,51.281
81535.0,11252,0,4,8.33,100,55,NA,55.75,52.187,51.031,51.312
81644.0,11252,0,4,9.67,100,59,NA,55.968,52.156,51.25,51.25
81753.0,11252,0,4,8.33,91,99,NA,55.781,52.187,51.031,51.375
81861.0,11252,0,4,9.08,100,99,NA,56.218,52.812,51.125,51.812
81972.0,11252,0,4,10.25,100,99,NA,56.625,52.968,51.125,52.156
82080.0,11252,0,4,5.25,54,99,NA,56.75,53.125,51.031,52.218
82188.0,11252,0,4,4.42,20,69,NA,55.562,53.093,51.125,52.218
82299.0,11252,0,4,10.58,100,29,NA,54.875,52.75,51.093,51.656
82406.0,11252,0,4,10.42,100,43,NA,55.187,52.5,51.062,51.593
82514.0,11252,0,4,9.75,100,46,NA,55.468,52.562,51.156,51.593
82622.0,11252,0,4,8.33,100,51,NA,55.281,52.406,51.093,51.468
82732.0,11252,0,4,9.67,100,52,NA,55.312,52.437,51.187,51.375
82840.0,11252,0,4,9.08,90,50,NA,55.125,52.281,51.0,51.343
82948.0,11252,0,4,8.33,100,51,NA,55.25,52.312,51.187,51.343
83056.0,11252,0,4,11.0,100,58,NA,55.343,52.093,51.093,51.343
83164.0,11252,0,4,10.58,100,68,NA,55.187,52.25,51.093,51.281
83274.0,11252,0,4,9.75,100,99,NA,55.437,52.531,50.968,51.656
83381.0,11252,0,4,9.08,100,99,NA,57.0,52.875,51.093,52.031
83487.0,11252,0,4,11.92,100,99,NA,56.906,53.125,51.25,52.156
83599.0,11252,0,4,0.75,9,99,NA,57.5,53.187,51.125,52.312
83707.0,11252,0,4,9.08,75,20,NA,55.093,52.937,51.343,51.875
83817.0,11252,0,4,9.75,100,34,NA,54.968,52.593,51.156,51.687
83923.0,11252,0,4,10.5,100,44,NA,55.437,52.531,51.312,51.562
84033.0,11252,0,4,8.25,90,50,NA,55.218,52.406,51.031,51.5
84140.0,11252,0,4,9.67,100,47,NA,55.437,52.468,51.25,51.468
84246.0,11252,0,4,9.08,100,53,NA,55.468,52.281,51.0,51.437
84355.0,11252,0,4,9.75,100,52,NA,55.312,52.375,51.062,51.468
84463.0,11252,0,4,9.08,100,57,NA,55.281,52.437,51.312,51.343
84572.0,11252,0,4,9.08,100,56,NA,55.25,52.25,51.187,51.312
84680.0,11252,0,4,9.08,100,89,NA,55.343,52.406,51.343,51.343
84789.0,11252,0,4,11.75,100,99,NA,56.031,52.781,51.093,51.906
84895.0,11252,0,4,9.08,100,99,NA,56.906,53.031,51.218,52.25
85004.0,11252,0,4,5.92,63,99,NA,56.937,53.125,51.093,52.312
85112.0,11252,0,4,2.25,9,99,NA,56.375,53.218,51.218,52.406
85220.0,11252,0,4,11.17,100,21,NA,55.125,52.718,51.125,51.75
85327.0,11252,0,4,8.25,90,40,NA,55.187,52.531,51.218,51.625
85437.0,11252,0,4,9.83,100,44,NA,55.687,52.5,51.031,51.531
85544.0,11252,0,4,9.75,100,48,NA,55.343,52.468,51.218,51.531
85654.0,11252,0,4,9.67,100,51,NA,55.5,52.468,51.281,51.437
85761.0,11252,0,4,10.67,100,48,NA,55.343,52.375,51.156,51.5
85869.0,11252,0,4,10.42,100,50,NA,55.406,52.437,51.187,51.5
85977.0,11252,0,4,10.58,100,59,NA,55.281,52.218,51.125,51.437
86084.0,11252,0,4,9.08,100,64,NA,55.25,52.343,51.156,51.375
86192.0,11252,0,4,8.33,91,99,NA,55.437,52.562,51.093,51.468
86298.0,11252,0,4,9.75,100,99,NA,56.406,52.875,51.187,52.031
86408.0,11252,0,4,9.75,100,99,NA,56.687,53.218,51.218,52.187
86518.0,11252,0,4,4.42,36,99,NA,57.0,53.156,51.187,52.375
86627.0,11255,0,4,5.17,36,18,NA,55.375,53.187,51.375,52.156
86737.0,11255,0,4,9.08,100,27,NA,54.875,52.593,51.218,51.781
86843.0,11255,0,4,11.25,100,44,NA,55.5,52.625,51.375,51.718
86951.0,11255,0,4,9.67,100,47,NA,55.718,52.5,51.125,51.593
87060.0,11255,0,4,9.08,100,48,NA,55.5,52.531,51.406,51.625
87168.0,11255,0,4,9.83,100,52,NA,55.375,52.375,51.218,51.531
87277.0,11255,0,4,8.33,100,50,NA,55.375,52.468,51.218,51.468
87385.0,11255,0,4,9.08,100,58,NA,55.5,52.312,51.156,51.375
87495.0,11255,0,4,9.67,100,54,NA,55.25,52.437,51.25,51.437
87604.0,11255,0,4,9.08,100,67,NA,55.156,52.281,51.0,51.375
87713.0,11255,0,4,11.0,91,99,NA,55.343,52.656,51.187,51.75
87822.0,11255,0,4,10.58,100,99,NA,56.687,52.937,51.156,52.093
87930.0,11255,0,4,8.33,100,99,NA,56.875,53.187,51.281,52.343
88039.0,11255,0,4,2.17,16,99,NA,57.187,53.468,51.125,52.375
88147.0,11255,0,4,5.17,54,17,NA,55.093,53.062,51.281,52.187
88256.0,11255,0,4,9.08,100,26,NA,55.031,52.781,51.437,51.75
88363.0,11255,0,4,11.17,100,44,NA,55.375,52.562,51.281,51.656
88474.0,11255,0,4,11.17,100,48,NA,55.625,52.468,51.125,51.593
88582.0,11255,0,4,11.92,100,47,NA,55.406,52.5,51.25,51.625
88693.0,11255,0,4,8.33,100,53,NA,55.781,52.468,51.062,51.468
88801.0,11255,0,4,11.25,100,51,NA,55.281,52.531,51.187,51.468
88911.0,11255,0,4,9.67,100,56,NA,55.406,52.375,51.187,51.468
89020.0,11255,0,4,7.58,91,50,NA,55.312,52.343,51.25,51.375
89129.0,11255,0,4,10.33,100,74,NA,55.531,52.531,51.125,51.468
89236.0,11255,0,4,9.83,100,99,NA,55.906,52.687,51.156,51.812
89348.0,11255,0,4,9.0,100,99,NA,56.531,53.0,51.218,52.156
89455.0,11255,0,4,8.42,83,99,NA,56.906,53.25,51.343,52.406
89563.0,11255,0,4,2.08,9,99,NA,57.062,53.312,51.468,52.375
89672.0,11255,0,4,8.25,81,15,NA,54.968,52.906,51.312,52.062
89780.0,11255,0,4,9.0,100,32,NA,55.062,52.812,51.437,51.875
89887.0,11255,0,4,9.0,100,44,NA,55.437,52.625,51.218,51.593
89997.0,11255,0,4,9.67,100,47,NA,55.562,52.625,51.343,51.718
90105.0,11255,0,4,8.33,100,51,NA,55.437,52.468,51.312,51.593
90216.0,11255,0,4,9.58,100,50,NA,55.625,52.625,51.437,51.5
90322.0,11255,0,4,9.75,100,55,NA,55.375,52.437,51.218,51.468
90431.0,11255,0,4,9.83,100,59,NA,55.531,52.468,51.312,51.593
90537.0,11255,0,4,9.92,100,56,NA,55.5,52.468,51.406,51.343
90644.0,11255,0,4,9.83,92,71,NA,55.281,52.406,51.25,51.5
90753.0,11255,0,4,9.08,100,99,NA,55.937,52.906,51.312,52.031
90859.0,11255,0,4,9.83,100,99,NA,56.781,53.093,51.25,52.218
90966.0,11255,0,4,8.08,80,99,NA,57.312,53.281,51.343,52.468
91078.0,11255,0,4,2.08,16,99,NA,57.406,53.281,51.187,52.468
91185.0,11255,0,4,8.25,90,21,NA,55.062,52.937,51.375,52.125
91292.0,11255,0,4,9.08,100,34,NA,55.625,52.937,51.437,51.781
91400.0,11255,0,4,10.5,100,47,NA,55.531,52.687,51.281,51.75
91507.0,11255,0,4,9.08,100,48,NA,55.718,52.781,51.375,51.718
91616.0,11255,0,4,9.83,100,47,NA,55.531,52.531,51.281,51.687
91723.0,11255,0,4,9.08,100,55,NA,55.437,52.468,51.343,51.687
91832.0,11255,0,4,9.83,100,50,NA,55.781,52.531,51.312,51.562
91939.0,11255,0,4,10.42,100,59,NA,55.312,52.5,51.312,51.5
92046.0,11255,0,4,7.58,91,59,NA,55.468,52.5,51.406,51.562
92156.0,11255,0,4,9.67,100,99,NA,55.406,52.468,51.281,51.562
92263.0,11255,0,4,9.08,100,99,NA,56.281,53.031,51.343,52.187
92371.0,11255,0,4,9.0,100,99,NA,57.062,53.125,51.187,52.25
92481.0,11255,0,4,6.17,45,99,NA,57.5,53.375,51.406,52.531
92590.0,11255,0,4,3.83,20,36,NA,56.0,53.281,51.312,52.406
92699.0,11255,0,4,9.83,100,30,NA,55.406,52.937,51.437,52.062
92808.0,11255,0,4,9.75,100,44,NA,55.781,52.812,51.281,51.906
92919.0,11255,0,4,9.08,100,45,NA,55.593,52.875,51.437,51.968
93028.0,11255,0,4,9.0,100,49,NA,55.437,52.625,51.406,51.75
93136.0,11255,0,4,9.67,100,49,NA,55.531,52.625,51.468,51.718
93244.0,11255,0,4,9.75,100,50,NA,55.406,52.562,51.312,51.656
93354.0,11255,0,4,9.75,92,53,NA,55.718,52.562,51.468,51.593
93463.0,11255,0,4,10.5,100,47,NA,55.875,52.468,51.281,51.531
93573.0,11255,0,4,9.08,100,71,NA,55.406,52.625,51.343,51.531
93681.0,11255,0,4,9.08,100,99,NA,55.937,52.843,51.312,51.906
93789.0,11255,0,4,9.75,100,99,NA,56.781,53.187,51.5,52.343
93899.0,11255,0,4,8.25,81,99,NA,57.437,53.281,51.375,52.468
94011.0,11255,0,4,2.67,16,99,NA,57.531,53.687,51.5,52.5
94120.0,11255,0,4,8.25,90,26,NA,55.312,53.031,51.437,52.187
94230.0,11255,0,4,10.42,100,40,NA,55.468,52.843,51.375,51.875
94338.0,11255,0,4,8.33,100,44,NA,55.625,52.812,51.375,51.906
94449.0,11255,0,4,11.67,100,48,NA,55.687,52.812,51.312,51.812
94557.0,11255,0,4,9.75,100,50,NA,55.562,52.625,51.375,51.812
94668.0,11255,0,4,7.58,91,51,NA,55.468,52.593,51.375,51.656
94776.0,11255,0,4,9.75,100,49,NA,55.625,52.656,51.375,51.718
94886.0,11255,0,4,9.75,100,59,NA,55.437,52.468,51.312,51.531
94994.0,11255,0,4,10.33,100,66,NA,55.531,52.531,51.437,51.625
95105.0,11255,0,4,8.33,100,99,NA,55.875,52.812,51.281,51.843
95212.0,11255,0,4,10.5,100,99,NA,57.0,53.187,51.406,52.343
95320.0,11255,0,4,10.5,100,99,NA,57.218,53.343,51.375,52.531
95432.0,11255,0,4,1.58,10,99,NA,57.5,53.562,51.5,52.687
95540.0,11255,0,4,6.67,54,14,NA,55.312,53.218,51.375,52.375
95649.0,11255,0,4,9.0,100,28,NA,55.093,52.968,51.531,52.093
95756.0,11255,0,4,13.33,100,45,NA,56.031,52.75,51.437,51.906
95866.0,11255,0,4,8.33,100,47,NA,55.75,52.875,51.468,51.875
95972.0,11255,0,4,11.08,100,51,NA,55.718,52.875,51.562,51.843
96080.0,11255,0,4,9.08,100,51,NA,55.718,52.718,51.343,51.781
96189.0,11255,0,4,10.42,91,50,NA,55.656,52.75,51.562,51.656
96299.0,11255,0,4,9.0,100,59,NA,55.656,52.593,51.406,51.656
96407.0,11255,0,4,11.75,100,56,NA,55.593,52.656,51.593,51.593
96519.0,11255,0,4,9.75,100,68,NA,55.437,52.593,51.406,51.687
96627.0,11255,0,4,9.75,100,99,NA,55.937,52.906,51.625,52.125
96737.0,11255,0,4,9.75,100,99,NA,56.875,53.25,51.375,52.468
96849.0,11257,0,4,6.0,72,99,NA,57.187,53.406,51.437,52.625
96957.0,11256,0,4,1.42,9,99,NA,57.531,53.562,51.531,52.718
97068.0,11256,0,4,11.17,100,26,NA,55.312,53.031,51.468,52.218
97176.0,11256,0,4,10.58,100,40,NA,55.781,52.937,51.562,52.156
97285.0,11256,0,4,9.08,100,43,NA,55.656,52.875,51.468,51.968
97394.0,11256,0,4,11.25,100,47,NA,55.75,52.812,51.593,52.031
97503.0,11256,0,4,7.58,91,47,NA,55.593,52.75,51.406,51.875
97613.0,11256,0,4,11.67,100,50,NA,55.718,52.75,51.531,51.718
97721.0,11256,0,4,10.5,100,55,NA,55.562,52.625,51.437,51.718
97831.0,11256,0,4,9.0,100,57,NA,55.875,52.656,51.562,51.781
97939.0,11256,0,4,9.08,100,64,NA,55.937,52.5,51.437,51.656
98048.0,11256,0,4,9.0,100,99,NA,56.0,52.937,51.531,52.062
98157.0,11256,0,4,9.75,100,99,NA,56.468,53.312,51.437,52.312
98267.0,11256,0,4,9.83,100,99,NA,57.437,53.562,51.562,52.468
98379.0,11256,0,4,4.5,21,99,NA,57.468,53.531,51.531,52.75
98488.0,11256,0,4,5.0,60,16,NA,55.562,53.218,51.687,52.312
98598.0,11256,0,4,11.17,100,28,NA,55.312,52.937,51.5,52.093
98707.0,11256,0,4,9.08,100,42,NA,55.531,52.781,51.468,52.0
98818.0,11256,0,4,9.0,92,52,NA,55.812,52.937,51.625,52.031
98925.0,11256,0,4,9.08,100,49,NA,55.937,52.75,51.5,51.875
99034.0,11256,0,4,9.0,100,52,NA,55.687,52.781,51.656,51.906
99142.0,11256,0,4,11.08,100,50,NA,55.718,52.843,51.437,51.718
99250.0,11256,0,4,9.75,100,56,NA,55.625,52.718,51.5,51.687
99358.0,11256,0,4,9.92,100,50,NA,55.718,52.75,51.656,51.718
99464.0,11256,0,4,12.67,100,67,NA,55.656,52.625,51.437,51.687
99574.0,11256,0,4,7.5,90,99,NA,55.562,52.968,51.562,52.218
99680.0,11256,0,4,10.5,100,99,NA,56.906,53.25,51.437,52.375
99790.0,11256,0,4,9.67,100,99,NA,57.156,53.5,51.593,52.625
99900.0,11256,0,4,0.0,0,99,NA,57.781,53.437,51.562,52.625
100007.0,11256,0,4,6.5,69,22,NA,55.312,53.343,51.625,52.375
100116.0,11256,0,4,16.33,100,38,NA,55.875,52.937,51.5,52.156
100223.0,11256,0,4,9.08,100,43,NA,55.968,53.0,51.468,52.218
100330.0,11256,0,4,9.08,100,47,NA,55.906,52.968,51.656,51.875
100439.0,11256,0,4,9.83,100,51,NA,55.812,52.812,51.5,51.906
100545.0,11256,0,4,9.08,100,50,NA,55.843,52.812,51.625,51.968
100655.0,11256,0,4,10.33,100,50,NA,56.062,52.75,51.5,51.781
100762.0,11256,0,4,10.42,100,54,NA,55.781,52.812,51.5,51.906
100869.0,11257,0,4,9.08,100,58,NA,55.843,52.843,51.656,51.656
100978.0,11257,0,4,8.17,90,99,NA,55.656,52.75,51.468,51.875
101085.0,11257,0,4,10.33,100,99,NA,57.031,53.375,51.562,52.375
101191.0,11257,0,4,9.08,100,99,NA,57.25,53.437,51.437,52.562
101301.0,11257,0,4,4.83,50,99,NA,57.625,53.625,51.593,52.75
101408.0,11257,0,4,5.83,18,56,NA,56.281,53.718,51.531,52.656
101517.0,11257,0,4,9.83,100,27,NA,55.406,53.156,51.656,52.312
101623.0,11257,0,4,8.33,100,41,NA,56.062,53.156,51.656,52.156
101729.0,11257,0,4,8.33,100,45,NA,55.781,52.937,51.5,52.125
101839.0,11257,0,4,9.67,100,47,NA,56.0,53.0,51.593,52.062
101945.0,11257,0,4,10.58,100,47,NA,56.062,53.062,51.75,52.031
102052.0,11257,0,4,9.08,100,54,NA,55.781,52.718,51.531,51.937
102161.0,11257,0,4,10.0,100,50,NA,56.093,52.843,51.625,51.843
102269.0,11257,0,4,10.42,100,60,NA,55.718,52.75,51.5,51.812
102379.0,11257,0,4,8.33,100,64,NA,55.75,52.875,51.593,51.781
102486.0,11257,0,4,8.25,90,99,NA,56.156,53.125,51.531,52.218
102594.0,11257,0,4,9.67,100,99,NA,57.062,53.343,51.625,52.531
102705.0,11257,0,4,9.0,100,99,NA,57.812,53.562,51.531,52.75
102812.0,11257,0,4,2.83,9,99,NA,57.531,53.718,51.687,52.906
102923.0,11257,0,4,6.33,76,14,NA,55.312,53.25,51.531,52.343
103030.0,11257,0,4,11.08,100,30,NA,55.343,53.125,51.718,52.218
103139.0,11257,0,4,9.75,100,43,NA,55.937,53.0,51.593,52.031
103247.0,11257,0,4,9.08,100,46,NA,55.812,52.937,51.656,52.093
103356.0,11257,0,4,9.75,100,48,NA,55.781,52.906,51.531,51.937
103464.0,11257,0,4,9.67,100,51,NA,55.718,52.843,51.625,51.937
103573.0,11257,0,4,10.25,100,53,NA,55.875,52.968,51.781,51.843
103681.0,11257,0,4,8.33,100,56,NA,55.843,52.781,51.562,51.843
103789.0,11257,0,4,8.25,90,57,NA,55.75,52.843,51.687,51.781
103897.0,11257,0,4,11.08,100,66,NA,55.656,52.687,51.531,51.75
104006.0,11257,0,4,8.33,100,99,NA,56.687,53.312,51.625,52.312
104114.0,11257,0,4,10.33,100,99,NA,57.375,53.437,51.468,52.531
104224.0,11257,0,4,6.25,75,99,NA,57.843,53.656,51.656,52.812
104334.0,11257,0,4,0.67,8,99,NA,58.156,53.656,51.593,52.781
104441.0,11257,0,4,9.83,100,20,NA,55.5,53.312,51.75,52.406
104549.0,11257,0,4,8.33,100,35,NA,55.5,53.062,51.656,52.093
104659.0,11257,0,4,11.0,100,44,NA,55.968,53.031,51.718,52.218
104768.0,11257,0,4,9.75,100,47,NA,56.062,52.968,51.593,52.031
104876.0,11257,0,4,8.33,100,47,NA,56.0,52.937,51.718,52.187
104985.0,11257,0,4,8.92,90,55,NA,55.75,52.812,51.625,52.0
105094.0,11257,0,4,9.75,100,51,NA,55.937,52.937,51.625,51.968
105204.0,11257,0,4,9.75,100,57,NA,55.718,52.781,51.625,51.875
105311.0,11257,0,4,8.33,100,59,NA,55.812,52.812,51.593,51.906
105421.0,11257,0,4,9.0,100,99,NA,56.093,52.875,51.531,51.968
105529.0,11257,0,4,9.08,100,99,NA,57.031,53.312,51.687,52.5
105638.0,11257,0,4,9.67,100,99,NA,58.0,53.468,51.593,52.687
105750.0,11257,0,4,3.67,36,99,NA,57.531,53.812,51.781,52.843
105860.0,11257,0,4,5.83,36,26,NA,55.812,53.562,51.718,52.687
105969.0,11257,0,4,10.5,100,27,NA,55.656,53.312,51.906,52.281
106076.0,11257,0,4,9.0,100,43,NA,55.687,53.125,51.656,52.125
106186.0,11257,0,4,9.83,100,52,NA,56.0,53.062,51.843,52.218
106293.0,11257,0,4,8.33,100,51,NA,55.906,52.968,51.687,52.125
106403.0,11257,0,4,11.42,90,51,NA,56.031,53.031,51.812,52.125
106511.0,11257,0,4,9.08,100,50,NA,56.187,52.843,51.625,51.968
106622.0,11257,0,4,10.5,100,50,NA,55.937,52.968,51.875,52.031
106730.0,11257,0,4,9.83,100,54,NA,55.812,52.812,51.687,51.906
106842.0,11257,0,4,9.08,100,67,NA,55.875,52.906,51.75,51.781
106950.0,11257,0,4,9.08,100,99,NA,56.25,53.281,51.593,52.343
107058.0,11257,0,4,10.33,100,99,NA,57.562,53.531,51.781,52.687
107169.0,11263,0,4,8.25,81,99,NA,57.5,53.718,51.687,52.843
107277.0,11263,0,4,0.0,0,99,NA,57.968,53.875,51.843,52.875
107387.0,11263,0,4,8.17,81,21,NA,55.5,53.437,51.687,52.5
107495.0,11263,0,4,9.75,100,37,NA,55.875,53.375,51.812,52.25
107605.0,11263,0,4,9.75,100,44,NA,56.031,53.218,51.75,52.25
107713.0,11263,0,4,9.08,100,51,NA,56.031,53.187,51.843,52.218
107821.0,11263,0,4,9.75,100,50,NA,55.937,53.031,51.718,52.125
107930.0,11263,0,4,9.08,100,49,NA,56.093,53.031,51.906,52.062
108037.0,11263,0,4,9.08,100,52,NA,56.093,52.937,51.687,52.031
108145.0,11263,0,4,9.75,100,57,NA,55.875,52.937,51.75,51.968
108254.0,11263,0,4,9.08,100,57,NA,56.187,52.781,51.625,51.875
108362.0,11263,0,4,9.17,90,99,NA,56.093,53.031,51.687,52.156
108470.0,11263,0,4,9.67,100,99,NA,56.875,53.656,51.625,52.531
108581.0,11263,0,4,9.67,100,99,NA,57.375,53.656,51.781,52.812
108692.0,11263,0,4,3.75,36,99,NA,57.812,53.718,51.718,52.937
108800.0,11263,0,4,6.58,36,22,NA,55.656,53.687,51.812,52.781
108910.0,11263,0,4,10.58,100,28,NA,55.531,53.218,51.718,52.343
109016.0,11263,0,4,8.33,100,44,NA,55.843,53.25,51.75,52.343
109123.0,11263,0,4,9.83,100,50,NA,56.218,53.25,51.968,52.218
109232.0,11263,0,4,9.75,100,50,NA,56.062,53.156,51.812,52.218
109340.0,11263,0,4,9.08,100,51,NA,56.0,53.125,51.906,52.187
109449.0,11263,0,4,8.33,100,51,NA,55.906,52.968,51.656,52.031
109556.0,11263,0,4,9.17,100,53,NA,56.093,52.968,51.781,52.062
109664.0,11263,0,4,9.5,91,52,NA,55.968,52.812,51.687,51.968
109772.0,11263,0,4,9.83,100,67,NA,55.875,52.937,51.781,51.968
109882.0,11263,0,4,9.0,100,99,NA,56.531,53.312,51.656,52.375
109991.0,11263,0,4,10.33,100,99,NA,57.218,53.593,51.75,52.812
110100.0,11263,0,4,9.75,90,99,NA,57.687,53.75,51.75,52.906
110208.0,11263,0,4,2.0,16,99,NA,57.937,53.875,51.718,53.093
110317.0,11263,0,4,7.17,77,23,NA,55.875,53.718,51.781,52.562
110424.0,11263,0,4,9.08,100,38,NA,55.937,53.406,51.875,52.406
110531.0,11263,0,4,9.08,100,44,NA,56.125,53.312,51.906,52.281
110641.0,11263,0,4,9.67,100,46,NA,56.125,53.187,51.718,52.281
110749.0,11263,0,4,9.0,100,46,NA,56.187,53.156,51.937,52.281
110859.0,11263,0,4,7.58,91,54,NA,55.968,53.125,51.75,52.187
110966.0,11263,0,4,10.42,100,50,NA,56.0,53.062,51.843,52.218
111075.0,11263,0,4,9.75,100,53,NA,55.875,52.937,51.625,52.125
111183.0,11263,0,4,11.08,100,63,NA,56.031,52.937,51.812,52.125
111291.0,11263,0,4,8.33,100,99,NA,56.093,53.062,51.656,52.218
111398.0,11263,0,4,9.83,100,99,NA,57.281,53.437,51.75,52.593
111508.0,11263,0,4,9.83,100,99,NA,57.531,53.937,51.75,52.781
111615.0,11263,0,4,4.5,36,99,NA,58.062,53.781,51.75,53.062
111724.0,11263,0,4,4.58,30,22,NA,56.093,53.875,52.031,52.812
111831.0,11263,0,4,11.08,100,28,NA,55.656,53.312,51.781,52.437
111941.0,11263,0,4,9.83,100,44,NA,55.968,53.312,51.937,52.406
112049.0,11263,0,4,9.08,100,44,NA,56.125,53.281,51.75,52.25
112160.0,11263,0,4,8.25,91,47,NA,56.093,53.281,51.875,52.25
112268.0,11263,0,4,10.42,100,52,NA,56.0,53.031,51.781,52.218
112378.0,11263,0,4,9.08,100,52,NA,56.187,53.125,51.937,52.125
112486.0,11263,0,4,9.83,100,51,NA,56.375,52.937,51.718,52.125
112596.0,11263,0,4,9.75,100,58,NA,56.031,53.125,51.937,52.062
112704.0,11263,0,4,9.83,100,66,NA,55.937,52.937,51.75,52.031
112813.0,11263,0,4,9.08,100,99,NA,56.187,53.375,51.843,52.437
112922.0,11263,0,4,8.33,100,99,NA,56.968,53.531,51.812,52.687
113030.0,11263,0,4,9.08,100,99,NA,57.781,53.875,51.937,53.062
113139.0,11263,0,4,1.42,9,99,NA,57.75,53.875,51.843,52.968
113247.0,11263,0,4,8.08,70,20,NA,55.656,53.656,51.937,52.687
113356.0,11263,0,4,9.67,100,34,NA,55.687,53.25,51.843,52.406
113464.0,11263,0,4,9.75,91,47,NA,56.031,53.281,52.0,52.375
113573.0,11263,0,4,10.42,100,48,NA,56.406,53.156,51.781,52.312
113682.0,11263,0,4,9.08,100,49,NA,56.125,53.25,51.937,52.375
113792.0,11263,0,4,9.83,100,52,NA,56.125,53.093,51.781,52.156
113899.0,11263,0,4,10.5,100,54,NA,56.062,53.031,51.875,52.218
114009.0,11263,0,4,9.67,100,59,NA,56.187,52.937,51.718,52.187
114116.0,11263,0,4,9.75,100,55,NA,55.937,53.093,51.812,52.125
114226.0,11263,0,4,9.58,91,99,NA,55.875,53.0,51.75,52.156
114333.0,11263,0,4,9.08,100,99,NA,57.281,53.437,51.875,52.625
114443.0,11263,0,4,9.08,100,99,NA,57.437,53.968,52.062,52.843
114551.0,11263,0,4,7.5,63,99,NA,57.687,53.812,51.843,53.031
114659.0,11263,0,4,0.75,9,99,NA,57.187,54.031,52.093,53.031
114768.0,11263,0,4,11.17,100,22,NA,55.5,53.375,51.843,52.531
114876.0,11263,0,4,9.83,100,35,NA,55.781,53.281,52.0,52.437
114982.0,11263,0,4,10.58,100,46,NA,56.187,53.437,51.875,52.312
115092.0,11263,0,4,8.33,100,46,NA,56.062,53.125,51.906,52.343
115200.0,11263,0,4,9.08,100,51,NA,56.281,53.312,52.062,52.218
115309.0,11263,0,4,9.75,100,53,NA,56.093,53.125,51.937,52.218
115418.0,11263,0,4,9.08,100,51,NA,55.937,52.968,51.75,52.187
115527.0,11263,0,4,9.08,100,58,NA,55.937,53.0,51.843,52.156
115635.0,11263,0,4,9.58,100,58,NA,56.156,53.156,51.875,52.031
115744.0,11263,0,4,10.17,90,99,NA,55.937,53.187,51.906,52.25
115852.0,11263,0,4,9.0,100,99,NA,56.812,53.75,52.031,52.625
115960.0,11263,0,4,9.08,100,99,NA,57.843,53.812,51.843,52.906
116071.0,11263,0,4,5.08,45,99,NA,57.656,54.093,51.812,53.125
116180.0,11263,0,4,4.08,33,42,NA,56.0,53.875,51.937,52.937
116290.0,11263,0,4,9.83,100,24,NA,55.937,53.625,51.812,52.531
116398.0,11263,0,4,9.67,100,41,NA,55.875,53.25,51.875,52.406
116507.0,11263,0,4,10.5,100,48,NA,56.125,53.156,52.125,52.375
116617.0,11263,0,4,9.75,100,47,NA,56.093,53.218,51.906,52.312
116726.0,11263,0,4,8.33,100,50,NA,56.281,53.125,51.843,52.218
116836.0,11263,0,4,8.33,100,51,NA,56.156,53.156,51.906,52.218
116944.0,11263,0,4,10.42,100,60,NA,56.375,52.968,51.875,52.125
117055.0,11263,0,4,11.75,100,55,NA,56.187,53.031,51.937,52.25
117164.0,11263,0,4,8.25,90,67,NA,55.906,52.937,51.781,52.125
117276.0,11263,0,4,10.33,100,99,NA,56.062,53.437,52.062,52.312
117385.0,11263,0,4,10.67,100,99,NA,57.468,53.593,51.812,52.687
117494.0,11263,0,4,11.0,100,99,NA,57.5,53.906,52.0,53.031
117604.0,11263,0,4,3.5,9,99,NA,58.125,53.937,51.937,53.187
117713.0,11263,0,4,6.42,60,18,NA,55.812,53.75,52.031,52.718
117820.0,11263,0,4,10.42,100,29,NA,55.687,53.375,51.906,52.5
117928.0,11263,0,4,8.33,100,44,NA,56.031,53.406,51.968,52.531
118038.0,11263,0,4,11.0,100,49,NA,56.468,53.218,51.906,52.343
118146.0,11263,0,4,9.08,100,47,NA,56.187,53.343,52.062,52.343
118256.0,11263,0,4,8.42,92,54,NA,56.093,53.156,51.937,52.218
118364.0,11263,0,4,9.0,100,51,NA,56.312,53.25,52.031,52.281
118475.0,11263,0,4,9.08,100,56,NA,56.093,53.093,51.875,52.281
118582.0,11263,0,4,10.42,100,57,NA,56.093,53.062,52.0,52.218
118693.0,11263,0,4,9.08,100,77,NA,55.812,53.093,51.875,52.187
118800.0,11263,0,4,10.5,100,99,NA,56.843,53.531,52.0,52.531
118908.0,11263,0,4,11.08,100,99,NA,58.0,53.75,51.906,52.843
119019.0,11263,0,4,6.25,75,99,NA,57.562,53.968,52.062,53.187
119127.0,11263,0,4,1.42,9,99,NA,58.343,53.937,51.968,53.156
119236.0,11263,0,4,9.67,100,22,NA,55.812,53.656,51.937,52.687
119344.0,11263,0,4,8.33,100,38,NA,55.843,53.406,51.937,52.5
119453.0,11263,0,4,9.83,100,45,NA,56.343,53.406,52.0,52.5
119561.0,11263,0,4,9.0,92,50,NA,56.406,53.156,51.875,52.312
119671.0,11263,0,4,9.08,100,47,NA,56.125,53.312,51.968,52.375
119778.0,11263,0,4,10.42,100,54,NA,56.031,53.375,51.906,52.25
119889.0,11263,0,4,9.0,100,52,NA,56.125,53.281,51.968,52.312
119996.0,11263,0,4,9.08,100,56,NA,56.281,53.156,51.875,52.218
120107.0,11263,0,4,10.42,100,63,NA,56.0,53.156,51.937,52.218
120215.0,11263,0,4,9.75,100,99,NA,56.437,53.281,51.812,52.343
120325.0,11263,0,4,8.92,91,99,NA,57.343,53.75,52.031,52.812
120434.0,11263,0,4,9.75,100,99,NA,57.562,53.906,51.937,52.968
120543.0,11263,0,4,4.67,30,99,NA,58.093,54.0,52.031,53.187
120651.0,11263,0,4,4.92,41,22,NA,56.031,53.781,51.937,52.968
120758.0,11263,0,4,9.17,100,28,NA,55.812,53.531,52.0,52.593
120868.0,11263,0,4,8.33,100,44,NA,56.062,53.406,52.031,52.437
120976.0,11263,0,4,9.08,100,46,NA,56.218,53.281,52.031,52.468
121085.0,11263,0,4,9.75,100,49,NA,56.375,53.437,51.906,52.343
121193.0,11263,0,4,9.08,100,51,NA,56.093,53.343,52.031,52.375
121301.0,11263,0,4,8.33,100,51,NA,56.5,53.312,52.187,52.218
121409.0,11263,0,4,10.5,100,52,NA,55.968,53.218,51.937,52.218
121517.0,11263,0,4,10.33,100,56,NA,56.187,53.156,51.937,52.281
121626.0,11263,0,4,7.5,90,68,NA,55.968,53.093,51.937,52.187
121734.0,11263,0,4,9.08,100,99,NA,56.468,53.5,52.031,52.625
121842.0,11263,0,4,8.33,100,99,NA,57.625,53.812,51.875,52.875
121953.0,11263,0,4,10.08,90,99,NA,57.906,53.968,52.031,53.125
122061.0,11263,0,4,0.67,8,99,NA,58.125,54.0,51.968,53.125
122171.0,11263,0,4,8.33,83,25,NA,55.937,53.625,52.125,52.75
122278.0,11263,0,4,9.08,100,39,NA,56.187,53.468,51.937,52.531
122389.0,11263,0,4,9.17,100,43,NA,56.156,53.437,52.125,52.593
122497.0,11263,0,4,9.75,100,47,NA,56.25,53.375,51.937,52.406
122607.0,11263,0,4,9.75,100,49,NA,56.25,53.343,52.093,52.406
122714.0,11263,0,4,9.0,100,49,NA,56.406,53.218,52.0,52.375
122823.0,11263,0,4,10.92,100,54,NA,56.218,53.312,52.125,52.312
122931.0,11263,0,4,8.33,100,60,NA,56.437,53.156,52.218,52.218
123039.0,11263,0,4,11.17,100,63,NA,56.093,53.156,51.937,52.25
123147.0,11263,0,4,8.92,90,99,NA,56.281,53.437,52.062,52.343
123256.0,11263,0,4,9.08,100,99,NA,57.093,53.718,52.0,52.781
123364.0,11263,0,4,10.33,100,99,NA,57.656,53.937,52.156,53.093
123473.0,11263,0,4,4.17,41,99,NA,58.125,54.031,51.968,53.187
123584.0,11263,0,4,4.42,36,18,NA,55.937,54.125,52.25,52.906
123692.0,11263,0,4,9.83,100,27,NA,55.812,53.437,52.031,52.625
123799.0,11263,0,4,9.08,100,44,NA,56.343,53.468,52.062,52.562
123908.0,11263,0,4,9.0,100,47,NA,56.406,53.437,51.968,52.406
124016.0,11263,0,4,9.08,100,48,NA,56.281,53.406,52.156,52.468
124125.0,11263,0,4,9.83,100,54,NA,56.218,53.312,51.968,52.312
124233.0,11263,0,4,9.67,100,52,NA,56.312,53.25,52.0,52.312
124343.0,11263,0,4,10.33,100,54,NA,56.156,53.187,52.031,52.218
124451.0,11263,0,4,7.5,90,59,NA,56.125,53.187,52.125,52.281
124562.0,11263,0,4,9.75,100,66,NA,56.437,53.093,51.937,52.187
124670.0,11263,0,4,9.75,100,99,NA,56.875,53.437,52.125,52.593
124779.0,11263,0,4,9.58,100,99,NA,57.343,53.843,51.937,52.968
124888.0,11263,0,4,9.0,100,99,NA,57.906,54.031,52.093,53.187
124998.0,11263,0,4,3.92,15,99,NA,58.218,54.031,52.031,53.25
125106.0,11263,0,4,8.17,72,22,NA,55.843,53.937,52.218,52.906
125214.0,11263,0,4,10.42,100,35,NA,55.968,53.562,52.0,52.593
125325.0,11263,0,4,9.08,100,45,NA,56.406,53.531,52.156,52.531
125432.0,11263,0,4,8.33,100,48,NA,56.406,53.406,52.062,52.5
125543.0,11263,0,4,8.33,100,47,NA,56.312,53.437,52.125,52.562
125651.0,11263,0,4,8.25,90,50,NA,56.531,53.343,51.968,52.312
125761.0,11263,0,4,10.42,100,54,NA,56.25,53.312,52.0,52.468
125869.0,11263,0,4,8.33,100,50,NA,56.125,53.281,52.0,52.343
125978.0,11263,0,4,10.33,100,64,NA,56.218,53.218,52.062,52.312
126086.0,11263,0,4,9.08,100,99,NA,56.281,53.375,51.968,52.468
126195.0,11263,0,4,9.0,100,99,NA,57.093,53.906,52.0,52.906
126303.0,11263,0,4,8.33,100,99,NA,57.781,54.187,52.0,53.062
126411.0,11263,0,4,3.25,30,99,NA,57.937,54.093,52.031,53.25
126523.0,11263,0,4,6.17,41,20,NA,56.25,53.937,52.125,53.062
126632.0,11263,0,4,10.25,100,28,NA,55.875,53.625,52.187,52.781
126742.0,11263,0,4,9.92,100,42,NA,56.531,53.437,52.062,52.531
126850.0,11263,0,4,8.17,90,47,NA,56.312,53.531,52.156,52.687
126962.0,11263,0,4,9.0,100,47,NA,56.156,53.437,52.093,52.468
127070.0,11263,0,4,9.75,100,51,NA,56.406,53.437,52.218,52.375
127179.0,11263,0,4,9.83,100,53,NA,56.25,53.312,52.125,52.343
127288.0,11263,0,4,9.67,100,53,NA,56.25,53.437,52.156,52.312
127397.0,11263,0,4,11.25,100,50,NA,56.187,53.218,52.062,52.312
127505.0,11263,0,4,8.33,100,68,NA,56.281,53.218,52.218,52.312
127615.0,11263,0,4,8.33,91,99,NA,56.656,53.562,52.0,52.656
127724.0,11263,0,4,9.08,100,99,NA,57.625,53.968,52.093,53.031
127831.0,11263,0,4,9.75,91,99,NA,57.875,54.031,52.062,53.218
127943.0,11263,0,4,2.5,15,99,NA,57.812,54.375,52.0,53.312
128052.0,11263,0,4,6.67,80,19,NA,55.812,53.656,52.156,52.843
128164.0,11263,0,4,11.08,100,31,NA,55.968,53.437,51.968,52.625
128272.0,11263,0,4,9.08,100,44,NA,56.312,53.5,52.093,52.656
128383.0,11263,0,4,9.75,100,48,NA,56.593,53.437,52.062,52.468
128490.0,11263,0,4,9.08,100,43,NA,56.375,53.437,52.125,52.5
128601.0,11263,0,4,11.17,100,52,NA,56.187,53.25,52.0,52.343
128709.0,11263,0,4,9.08,100,50,NA,56.437,53.375,52.125,52.5
128821.0,11263,0,4,9.83,100,57,NA,56.25,53.218,52.125,52.281
128929.0,11263,0,4,9.0,100,58,NA,56.218,53.281,52.093,52.406
129039.0,11263,0,4,9.67,91,99,NA,56.5,53.312,52.0,52.437
129147.0,11263,0,4,8.33,100,99,NA,56.875,53.906,52.218,53.031
129254.0,11263,0,4,9.08,100,99,NA,58.187,53.937,52.062,53.156
129365.0,11263,0,4,5.92,45,99,NA,57.875,54.25,52.218,53.343
129473.0,11263,0,4,3.75,27,77,NA,56.531,54.031,52.093,53.093
129583.0,11263,0,4,9.75,100,23,NA,56.031,53.687,52.25,52.968
129690.0,11263,0,4,9.75,100,43,NA,56.156,53.5,52.0,52.531
129797.0,11263,0,4,9.08,100,47,NA,56.281,53.531,52.125,52.562
129906.0,11263,0,4,9.75,100,47,NA,56.437,53.406,52.343,52.406
130012.0,11263,0,4,10.67,100,54,NA,56.343,53.406,52.125,52.437
130122.0,11263,0,4,9.08,100,53,NA,56.562,53.562,52.093,52.375
130230.0,11263,0,4,9.83,100,54,NA,56.218,53.343,52.093,52.343
130339.0,11263,0,4,9.58,100,55,NA,56.468,53.312,52.187,52.437
130446.0,11263,0,4,10.17,91,67,NA,56.343,53.25,52.0,52.375
130554.0,11263,0,4,9.17,100,99,NA,56.437,53.531,52.156,52.656
130662.0,11263,0,4,11.17,100,99,NA,57.25,53.875,52.0,52.906
130773.0,11263,0,4,8.33,100,99,NA,57.781,54.156,52.093,53.218
130881.0,11263,0,4,1.5,18,99,NA,58.5,54.125,52.062,53.375
130989.0,11263,0,4,6.0,54,15,NA,55.937,53.937,52.125,53.093
131098.0,11263,0,4,9.67,100,26,NA,56.031,53.906,52.125,52.593
131208.0,11263,0,4,9.83,100,46,NA,56.375,53.625,52.218,52.593
131315.0,11263,0,4,9.83,100,52,NA,56.437,53.531,52.281,52.5
131425.0,11263,0,4,9.83,100,48,NA,56.437,53.5,52.093,52.468
131532.0,11263,0,4,8.33,100,55,NA,56.468,53.5,52.343,52.406
131642.0,11263,0,4,9.0,100,51,NA,56.312,53.343,52.187,52.468
131750.0,11263,0,4,7.58,91,58,NA,56.281,53.468,52.281,52.312
131859.0,11263,0,4,9.08,100,49,NA,56.218,53.281,52.125,52.343
131967.0,11263,0,4,11.08,100,65,NA,56.375,53.437,52.312,52.406
132074.0,11263,0,4,9.92,100,99,NA,56.906,53.593,52.125,52.656
132182.0,11263,0,4,9.75,100,99,NA,57.343,53.968,52.187,53.187
132293.0,11263,0,4,8.92,90,99,NA,57.875,54.0,52.156,53.281
132403.0,11263,0,4,0.75,9,99,NA,57.968,54.281,52.343,53.312
132511.0,11263,0,4,8.17,81,18,NA,55.875,53.875,52.156,52.906
132627.0,11263,0,4,9.08,100,28,NA,55.968,53.593,52.125,52.687
132735.0,11263,0,4,11.08,100,43,NA,56.281,53.5,52.25,52.687
132844.0,11263,0,4,9.83,100,48,NA,56.718,53.5,52.187,52.468
132951.0,11263,0,4,9.17,100,47,NA,56.406,53.5,52.218,52.593
133060.0,11263,0,4,9.08,100,50,NA,56.343,53.343,52.125,52.437
133168.0,11263,0,4,7.58,91,51,NA,56.375,53.375,52.125,52.406
133277.0,11263,0,4,9.83,100,55,NA,56.5,53.5,52.062,52.375
133385.0,11263,0,4,9.67,100,56,NA,56.343,53.281,52.093,52.343
133495.0,11263,0,4,9.75,100,75,NA,56.187,53.531,52.281,52.343
133604.0,11263,0,4,10.5,100,99,NA,57.468,53.812,52.093,52.906
133712.0,11263,0,4,9.08,100,99,NA,57.906,54.156,52.312,53.156
133822.0,11263,0,4,6.25,66,99,NA,58.468,54.187,52.218,53.312
133932.0,11263,0,4,1.33,16,99,NA,57.593,54.281,52.125,53.375
134040.0,11263,0,4,11.25,100,19,NA,55.937,53.718,52.187,52.906
134149.0,11263,0,4,9.08,100,34,NA,56.062,53.687,52.062,52.593
134259.0,11263,0,4,11.0,100,49,NA,56.281,53.562,52.187,52.562
134367.0,11263,0,4,8.33,91,52,NA,56.687,53.656,52.187,52.531
134476.0,11263,0,4,9.75,100,53,NA,56.468,53.437,52.187,52.5
134583.0,11263,0,4,9.08,100,54,NA,56.437,53.468,52.312,52.406
134694.0,11263,0,4,9.83,100,52,NA,56.343,53.375,52.25,52.375
134801.0,11263,0,4,8.33,100,55,NA,56.406,53.468,52.312,52.343
134912.0,11263,0,4,9.08,100,58,NA,56.25,53.375,52.125,52.406
135020.0,11263,0,4,10.5,100,99,NA,56.531,53.531,52.375,52.468
135128.0,11263,0,4,9.83,100,99,NA,57.281,53.906,52.156,53.031
135242.0,11263,0,4,9.0,100,99,NA,57.625,54.062,52.125,53.187
135353.0,11263,0,4,4.92,36,99,NA,57.906,54.281,52.312,53.343
135460.0,11263,0,4,4.0,30,20,NA,56.281,54.031,52.156,53.25
135574.0,11263,0,4,11.67,100,22,NA,56.218,53.937,52.218,52.718
135685.0,11263,0,4,8.25,90,46,NA,56.343,53.593,52.281,52.718
135792.0,11263,0,4,8.33,100,50,NA,56.406,53.5,52.125,52.625
135906.0,11263,0,4,9.0,100,50,NA,56.531,53.75,52.406,52.531
136022.0,11263,0,4,10.42,100,51,NA,56.562,53.531,52.312,52.531
136132.0,11263,0,4,11.83,100,51,NA,56.343,53.375,52.25,52.5
136240.0,11263,0,4,9.75,100,56,NA,56.687,53.468,52.375,52.375
136349.0,11263,0,4,9.67,100,51,NA,56.312,53.312,52.125,52.343
136459.0,11263,0,4,8.33,100,66,NA,56.406,53.5,52.062,52.343
136577.0,11263,0,4,9.5,91,99,NA,56.906,53.875,52.125,52.718
136685.0,11263,0,4,9.08,100,99,NA,58.0,54.062,52.156,53.125
136792.0,11263,0,4,8.17,90,99,NA,58.281,54.281,52.437,53.312
136906.0,11263,0,4,2.0,8,99,NA,58.0,54.406,52.343,53.437
137016.0,11263,0,4,8.92,81,20,NA,55.968,53.875,52.218,52.937
137124.0,11263,0,4,10.5,100,33,NA,56.093,53.625,52.375,52.781
137239.0,11263,0,4,9.67,100,44,NA,56.406,53.718,52.343,52.781
137349.0,11263,0,4,9.0,100,47,NA,56.718,53.531,52.187,52.562
137457.0,11263,0,4,9.0,100,50,NA,56.468,53.531,52.312,52.593
137566.0,11263,0,4,9.67,100,55,NA,56.343,53.437,52.187,52.5
137674.0,11263,0,4,9.75,100,51,NA,56.375,53.468,52.187,52.531
137782.0,11263,0,4,9.08,100,58,NA,56.437,53.406,52.437,52.437
137890.0,11267,0,4,11.08,100,59,NA,56.375,53.312,52.187,52.437
137998.0,11267,0,4,8.25,90,99,NA,56.375,53.718,52.406,52.531
138106.0,11267,0,4,9.0,100,99,NA,57.812,53.937,52.187,53.031
138216.0,11267,0,4,9.75,100,99,NA,57.656,54.343,52.343,53.25
138333.0,11267,0,4,4.75,41,99,NA,58.343,54.343,52.437,53.281
138441.0,11267,0,4,4.5,36,20,NA,56.093,54.156,52.343,53.25
138552.0,11267,0,4,11.0,100,26,NA,56.312,53.718,52.468,52.687
138661.0,11267,0,4,9.75,100,43,NA,56.406,53.687,52.218,52.75
138770.0,11267,0,4,13.08,100,48,NA,56.531,53.531,52.218,52.593
138880.0,11267,0,4,9.08,100,47,NA,56.562,53.562,52.375,52.687
138989.0,11267,0,4,9.08,100,53,NA,56.687,53.5,52.218,52.531
139097.0,11267,0,4,11.92,100,50,NA,56.437,53.468,52.281,52.531
139206.0,11267,0,4,9.67,100,56,NA,56.281,53.625,52.406,52.437
139316.0,11267,0,4,10.33,100,59,NA,56.5,53.406,52.312,52.5
139424.0,11267,0,4,9.17,92,68,NA,56.562,53.562,52.187,52.468
139534.0,11267,0,4,9.08,100,99,NA,56.718,53.687,52.25,52.875
139642.0,11267,0,4,9.08,100,99,NA,57.718,53.937,52.437,53.187
139753.0,11267,0,4,9.0,100,99,NA,57.687,54.25,52.25,53.343
139864.0,11267,0,4,1.42,9,99,NA,58.0,54.312,52.25,53.343
139974.0,11267,0,4,7.42,72,18,NA,56.156,54.062,52.281,53.093
140083.0,11267,0,4,10.5,100,29,NA,56.062,53.625,52.343,52.781
140191.0,11267,0,4,9.75,100,47,NA,56.437,53.75,52.437,52.812
140299.0,11267,0,4,11.17,100,46,NA,56.531,53.593,52.343,52.687
140409.0,11267,0,4,9.67,100,50,NA,56.5,53.656,52.343,52.562
140517.0,11267,0,4,8.33,100,53,NA,56.218,53.531,52.218,52.562
140627.0,11267,0,4,9.08,100,53,NA,56.437,53.437,52.406,52.562
140735.0,11267,0,4,9.75,100,57,NA,56.437,53.343,52.281,52.406
140846.0,11267,0,4,10.42,100,58,NA,56.156,53.562,52.406,52.375
140953.0,11267,0,4,9.08,100,96,NA,56.093,53.437,52.25,52.406
141063.0,11267,0,4,10.33,100,99,NA,56.968,53.968,52.25,53.0
141171.0,11267,0,4,8.33,100,99,NA,57.531,54.125,52.218,53.187
141279.0,11267,0,4,5.0,60,99,NA,58.5,54.406,52.375,53.406
141391.0,11267,0,4,2.92,9,99,NA,57.562,54.375,52.25,53.437
141499.0,11267,0,4,9.75,100,26,NA,56.125,53.937,52.437,53.093
141608.0,11267,0,4,8.25,90,36,NA,56.156,53.781,52.312,52.781
141716.0,11267,0,4,11.08,100,43,NA,56.375,53.812,52.312,52.718
141831.0,11267,0,4,9.67,100,48,NA,56.406,53.718,52.25,52.718
141941.0,11267,0,4,9.08,100,50,NA,56.75,53.562,52.25,52.625
142049.0,11267,0,4,9.83,100,51,NA,56.437,53.531,52.281,52.593
142158.0,11267,0,4,11.08,100,48,NA,56.156,53.437,52.187,52.5
142268.0,11267,0,4,8.33,100,59,NA,56.406,53.562,52.281,52.531
142375.0,11267,0,4,9.83,100,64,NA,56.437,53.468,52.25,52.437
142482.0,11267,0,4,8.92,90,99,NA,56.406,53.718,52.312,52.781
142590.0,11267,0,4,10.58,100,99,NA,58.031,54.156,52.343,53.062
142698.0,11267,0,4,9.08,100,99,NA,58.0,54.156,52.187,53.375
142806.0,11267,0,4,4.33,35,99,NA,58.0,54.375,52.406,53.531
142915.0,11267,0,4,7.75,50,14,NA,56.312,54.062,52.312,53.281
143022.0,11267,0,4,8.33,100,29,NA,56.031,53.875,52.437,52.906
143129.0,11267,0,4,9.83,100,45,NA,56.5,53.656,52.437,52.687
143237.0,11267,0,4,9.67,100,50,NA,56.312,53.75,52.281,52.781
143346.0,11267,0,4,9.83,100,49,NA,56.5,53.75,52.5,52.593
143454.0,11267,0,4,9.0,100,51,NA,56.437,53.562,52.281,52.625
143563.0,11267,0,4,9.08,100,53,NA,56.437,53.656,52.406,52.562
143671.0,11267,0,4,9.17,91,57,NA,56.312,53.468,52.312,52.5
143778.0,11267,0,4,10.5,100,56,NA,56.437,53.468,52.281,52.531
143889.0,11267,0,4,9.08,100,66,NA,56.437,53.5,52.25,52.437
143996.0,11267,0,4,10.58,100,99,NA,56.625,53.843,52.25,52.937
144104.0,11267,0,4,9.0,100,99,NA,57.75,54.062,52.218,53.187
144212.0,11267,0,4,9.0,90,99,NA,58.0,54.25,52.343,53.406
144322.0,11267,0,4,1.42,9,99,NA,58.562,54.406,52.343,53.437
144432.0,11267,0,4,7.42,80,14,NA,56.156,54.0,52.375,53.187
144540.0,11267,0,4,11.08,100,30,NA,56.406,53.937,52.281,52.781
144646.0,11267,0,4,12.08,100,44,NA,56.156,53.718,52.343,52.75
144754.0,11267,0,4,8.42,92,51,NA,56.406,53.656,52.437,52.562
144864.0,11267,0,4,9.08,100,51,NA,56.312,53.531,52.343,52.625
144973.0,11267,0,4,10.42,100,52,NA,56.437,53.75,52.437,52.593
145081.0,11267,0,4,8.33,100,54,NA,56.562,53.593,52.343,52.562
145191.0,11267,0,4,9.83,100,58,NA,56.406,53.562,52.437,52.468
145299.0,11267,0,4,9.83,100,48,NA,56.125,53.375,52.218,52.468
145409.0,11267,0,4,9.67,90,78,NA,56.343,53.531,52.437,52.406
145517.0,11267,0,4,9.83,100,99,NA,57.25,53.843,52.25,52.968
145625.0,11267,0,4,9.0,100,99,NA,57.531,54.25,52.406,53.218
145736.0,11267,0,4,8.17,81,99,NA,58.343,54.25,52.312,53.343
145845.0,11267,0,4,0.75,9,99,NA,58.5,54.531,52.468,53.468
145955.0,11267,0,4,10.83,90,20,NA,56.062,53.968,52.406,53.0
146063.0,11267,0,4,10.58,100,32,NA,56.281,53.906,52.437,52.968
146172.0,11267,0,4,10.67,100,44,NA,56.5,53.75,52.312,52.812
146279.0,11267,0,4,9.83,100,49,NA,56.468,53.781,52.375,52.781
146387.0,11267,0,4,10.33,100,52,NA,56.343,53.531,52.343,52.562
146496.0,11267,0,4,9.67,100,52,NA,56.281,53.562,52.312,52.625
146604.0,11267,0,4,9.67,100,51,NA,56.468,53.593,52.343,52.562
146713.0,11267,0,4,8.33,100,57,NA,56.343,53.625,52.312,52.562
146822.0,11267,0,4,9.08,100,58,NA,56.187,53.437,52.281,52.468
146930.0,11267,0,4,9.08,92,99,NA,56.218,53.531,52.281,52.625
147038.0,11267,0,4,8.33,100,99,NA,57.5,54.093,52.531,53.0
147146.0,11267,0,4,10.33,100,99,NA,58.125,54.25,52.281,53.343
147257.0,11267,0,4,5.83,54,99,NA,58.75,54.531,52.281,53.406
147365.0,11267,0,4,2.92,18,44,NA,56.781,54.375,52.406,53.468
147474.0,11267,0,4,11.83,100,24,NA,56.218,53.906,52.562,52.906
147581.0,11267,0,4,11.42,100,43,NA,56.593,53.781,52.375,52.906
147692.0,11267,0,4,9.08,100,45,NA,56.75,53.875,52.5,52.843
147799.0,11267,0,4,8.33,100,48,NA,56.906,53.656,52.375,52.718
147910.0,11267,0,4,9.67,100,50,NA,56.687,53.75,52.437,52.718
148017.0,11267,0,4,9.67,100,51,NA,56.468,53.687,52.281,52.656
148123.0,11271,0,4,9.75,100,55,NA,56.531,53.562,52.406,52.718
148232.0,11271,0,4,8.25,90,55,NA,56.843,53.437,52.312,52.562
148339.0,11271,0,4,9.67,100,66,NA,56.562,53.562,52.375,52.593
148449.0,11271,0,4,9.75,100,99,NA,56.718,53.812,52.25,52.843
148556.0,11271,0,4,9.08,100,99,NA,57.781,54.187,52.375,53.312
148666.0,11271,0,4,11.17,100,99,NA,58.125,54.437,52.375,53.5
148774.0,11272,0,4,2.25,9,99,NA,58.062,54.406,52.281,53.656
148882.0,11272,0,4,7.42,63,14,NA,56.156,54.156,52.468,53.25
148990.0,11272,0,4,9.83,100,28,NA,56.093,53.843,52.375,52.968
149099.0,11272,0,4,8.33,100,44,NA,56.75,53.937,52.531,52.781
149206.0,11272,0,4,10.33,100,48,NA,56.718,53.75,52.312,52.843
149314.0,11272,0,4,8.33,100,52,NA,56.625,53.781,52.406,52.812
149423.0,11272,0,4,9.75,100,51,NA,56.906,53.656,52.25,52.687
149531.0,11272,0,4,9.08,91,50,NA,56.625,53.656,52.437,52.625
149641.0,11272,0,4,9.75,100,58,NA,56.531,53.468,52.375,52.593
149748.0,11272,0,4,9.75,100,50,NA,56.5,53.5,52.343,52.625
149858.0,11272,0,4,9.08,100,68,NA,56.656,53.718,52.343,52.593
149965.0,11272,0,4,9.67,100,99,NA,57.406,53.906,52.343,53.031
150076.0,11272,0,4,9.67,100,99,NA,58.093,54.406,52.375,53.343
150184.0,11272,0,4,9.0,90,99,NA,58.0,54.375,52.437,53.531
150292.0,11272,0,4,0.75,9,99,NA,58.437,54.468,52.437,53.656
150399.0,11272,0,4,7.5,81,22,NA,56.375,54.093,52.406,53.25
150508.0,11272,0,4,11.0,100,35,NA,56.5,54.031,52.531,53.093
150616.0,11272,0,4,10.42,100,47,NA,56.593,53.843,52.375,52.906
150725.0,11272,0,4,9.0,100,51,NA,56.718,53.843,52.468,52.937
150833.0,11271,0,4,9.0,91,48,NA,56.875,53.718,52.437,52.718
150942.0,11271,0,4,10.42,100,50,NA,56.687,53.687,52.406,52.75
151050.0,11271,0,4,9.75,100,53,NA,56.937,53.593,52.375,52.656
151159.0,11271,0,4,9.83,100,61,NA,56.656,53.593,52.437,52.625
151266.0,11271,0,4,9.83,100,63,NA,56.75,53.593,52.437,52.593
151375.0,11271,0,4,9.67,100,99,NA,56.812,53.687,52.437,52.906
151485.0,11271,0,4,9.0,100,99,NA,57.843,54.312,52.343,53.312
151592.0,11271,0,4,9.83,100,99,NA,58.531,54.343,52.375,53.468
151703.0,11271,0,4,3.0,27,99,NA,58.5,54.593,52.406,53.531
151810.0,11271,0,4,3.75,18,18,NA,56.156,54.281,52.437,53.375
151918.0,11271,0,4,9.08,100,23,NA,56.25,53.937,52.5,53.187
152026.0,11271,0,4,11.08,100,41,NA,56.5,53.75,52.437,52.906
152133.0,11271,0,4,9.83,100,51,NA,56.437,53.843,52.437,52.843
152243.0,11271,0,4,10.42,100,49,NA,56.5,53.718,52.437,52.687
152352.0,11271,0,4,9.08,100,53,NA,56.531,53.75,52.468,52.718
152460.0,11271,0,4,8.33,100,49,NA,56.656,53.843,52.406,52.593
152568.0,11271,0,4,8.33,100,57,NA,56.343,53.656,52.437,52.656
152677.0,11271,0,4,8.33,100,57,NA,56.75,53.562,52.625,52.5
152784.0,11271,0,4,11.08,100,66,NA,56.218,53.562,52.406,52.562
152892.0,11271,0,4,8.92,90,99,NA,56.5,53.843,52.5,52.875
153000.0,11271,0,4,10.5,100,99,NA,57.781,54.093,52.406,53.156
153109.0,11271,0,4,9.08,100,99,NA,58.125,54.375,52.437,53.593
153218.0,11271,0,4,2.25,18,99,NA,58.812,54.468,52.375,53.531
153328.0,11271,0,4,6.25,50,18,NA,56.093,54.312,52.5,53.281
153436.0,11271,0,4,9.92,100,28,NA,56.125,53.937,52.437,53.0
153544.0,11271,0,4,9.83,100,42,NA,56.625,53.875,52.468,52.968
153652.0,11271,0,4,8.33,100,51,NA,56.718,53.718,52.437,52.812
153760.0,11271,0,4,9.83,100,48,NA,56.531,53.843,52.406,52.781
153869.0,11271,0,4,11.08,100,51,NA,56.468,53.875,52.593,52.75
153977.0,11271,0,4,9.08,100,51,NA,56.437,53.562,52.375,52.625
154086.0,11271,0,4,9.75,100,51,NA,56.625,53.531,52.531,52.562
154193.0,11271,0,4,7.5,90,54,NA,56.375,53.625,52.437,52.656
154303.0,11271,0,4,8.33,100,66,NA,56.406,53.75,52.531,52.625
154410.0,11271,0,4,11.83,100,99,NA,57.031,54.0,52.437,53.062
154518.0,11271,0,4,10.33,100,99,NA,57.843,54.312,52.437,53.468
154626.0,11271,0,4,7.5,90,99,NA,58.343,54.406,52.375,53.468
154735.0,11271,0,4,0.0,0,99,NA,58.656,54.531,52.468,53.687
154846.0,11271,0,4,7.67,75,19,NA,56.625,54.125,52.437,53.218
154955.0,11271,0,4,9.67,100,31,NA,56.437,54.062,52.593,53.062
155064.0,11271,0,4,11.75,100,44,NA,56.531,53.937,52.406,52.906
155171.0,11271,0,4,10.58,100,51,NA,56.531,53.875,52.5,52.906
155283.0,11271,0,4,9.75,100,49,NA,56.562,53.781,52.437,52.812
155390.0,11271,0,4,10.42,100,51,NA,56.562,53.656,52.531,52.875
155500.0,11271,0,4,9.0,100,51,NA,56.468,53.656,52.406,52.75
155607.0,11271,0,4,9.58,91,60,NA,56.593,53.625,52.468,52.781
155717.0,11271,0,4,8.33,100,57,NA,56.5,53.531,52.406,52.687
155824.0,11271,0,4,9.08,100,99,NA,56.5,53.656,52.406,52.718
155934.0,11271,0,4,10.5,100,99,NA,57.625,54.031,52.437,53.187
156041.0,11271,0,4,8.33,100,99,NA,58.187,54.343,52.5,53.531
156151.0,11271,0,4,4.5,54,99,NA,58.156,54.562,52.437,53.656
156262.0,11271,0,4,4.92,25,96,NA,57.0,54.531,52.5,53.687
156371.0,11271,0,4,9.75,100,22,NA,56.437,53.968,52.437,53.187
156479.0,11271,0,4,9.08,100,40,NA,56.375,53.906,52.5,53.031
156587.0,11271,0,4,11.08,100,48,NA,56.5,54.0,52.406,52.906
156695.0,11271,0,4,9.08,100,46,NA,56.531,53.781,52.5,52.906
156805.0,11271,0,4,10.58,100,52,NA,56.687,53.687,52.468,52.781
156912.0,11271,0,4,9.08,91,53,NA,56.468,53.687,52.468,52.781
157022.0,11271,0,4,9.08,100,54,NA,56.875,53.625,52.625,52.656
157130.0,11271,0,4,8.33,100,56,NA,56.406,53.718,52.468,52.687
157240.0,11271,0,4,10.5,100,62,NA,56.468,53.687,52.406,52.656
157348.0,11271,0,4,9.17,100,99,NA,56.437,53.843,52.437,52.812
157459.0,11271,0,4,9.67,100,99,NA,57.843,54.25,52.343,53.218
157567.0,11271,0,4,10.33,100,99,NA,58.0,54.437,52.468,53.562
157677.0,11271,0,4,3.0,27,99,NA,58.406,54.625,52.437,53.656
157785.0,11271,0,4,3.75,45,30,NA,56.25,54.437,52.531,53.531
157893.0,11271,0,4,9.0,100,37,NA,56.531,54.156,52.687,53.187
158003.0,11271,0,4,11.33,100,44,NA,56.687,53.968,52.531,53.156
158111.0,11271,0,4,11.25,100,44,NA,56.906,54.031,52.718,53.031
158220.0,11271,0,4,9.0,91,51,NA,56.625,53.843,52.531,52.968
158329.0,11270,0,4,10.42,100,47,NA,56.625,53.906,52.437,52.812
158438.0,11270,0,4,8.33,100,54,NA,56.562,53.718,52.437,52.781
158546.0,11270,0,4,9.92,100,50,NA,56.687,53.812,52.593,52.687
158655.0,11270,0,4,11.17,100,58,NA,56.531,53.781,52.437,52.718
158765.0,11270,0,4,8.33,100,98,NA,56.5,53.875,52.593,52.781
158873.0,11270,0,4,9.08,100,99,NA,57.5,54.218,52.437,53.25
158983.0,11270,0,4,9.75,100,99,NA,58.0,54.531,52.593,53.5
159092.0,11270,0,4,4.92,50,99,NA,58.125,54.562,52.625,53.656
159199.0,11270,0,4,5.75,20,85,NA,57.312,54.625,52.593,53.687
159308.0,11270,0,4,9.83,100,19,NA,56.187,54.031,52.5,53.187
159417.0,11270,0,4,9.0,91,40,NA,56.468,54.0,52.656,53.031
159524.0,11270,0,4,11.33,100,47,NA,56.593,53.906,52.531,52.968
159639.0,11263,0,4,9.67,100,50,NA,56.875,53.843,52.437,52.937
159750.0,11263,0,4,10.42,100,55,NA,56.718,53.875,52.593,52.937
159857.0,11263,0,4,8.33,100,52,NA,56.437,53.75,52.437,52.781
159970.0,11263,0,4,9.67,92,56,NA,56.718,53.875,52.562,52.687
160078.0,11263,0,4,9.08,100,54,NA,56.687,53.687,52.437,52.75
160188.0,11263,0,4,9.75,100,66,NA,56.906,53.781,52.562,52.875
160295.0,11263,0,4,9.75,100,99,NA,57.031,53.843,52.468,52.937
160405.0,11263,0,4,9.08,100,99,NA,57.781,54.406,52.5,53.437
160513.0,11263,0,4,8.33,100,99,NA,58.062,54.468,52.531,53.625
160620.0,11263,0,4,3.75,27,99,NA,58.312,54.593,52.468,53.75
160731.0,11263,0,4,6.83,50,16,NA,56.468,54.375,52.531,53.375
160838.0,11263,0,4,9.08,100,27,NA,56.406,54.125,52.593,53.218
160945.0,11263,0,4,8.33,100,43,NA,56.75,54.062,52.812,53.062
161054.0,11263,0,4,9.83,100,47,NA,56.781,53.937,52.531,53.031
161162.0,11263,0,4,8.92,90,46,NA,56.968,54.0,52.687,52.906
161270.0,11263,0,4,9.08,100,51,NA,56.812,53.875,52.562,52.875
161378.0,11263,0,4,9.75,100,50,NA,56.843,53.937,52.593,52.906
161486.0,11263,0,4,9.83,100,56,NA,56.687,53.75,52.5,52.75
161604.0,11263,0,4,9.58,100,59,NA,56.687,53.656,52.531,52.687
161718.0,11263,0,4,9.67,100,68,NA,56.562,53.625,52.437,52.656
161832.0,11263,0,4,10.92,100,99,NA,56.906,54.312,52.625,53.125
161940.0,11263,0,4,10.58,100,99,NA,57.875,54.343,52.5,53.531
162050.0,11263,0,4,8.33,83,99,NA,58.531,54.625,52.812,53.593
162159.0,11263,0,4,1.92,15,99,NA,58.687,54.625,52.656,53.75
162268.0,11263,0,4,8.25,90,21,NA,56.5,54.406,52.5,53.25
162392.0,11263,0,4,8.92,100,37,NA,56.75,54.093,52.625,53.187
162509.0,11263,0,4,9.58,92,46,NA,56.843,53.968,52.593,53.156
162617.0,11263,0,4,10.5,100,51,NA,57.093,54.093,52.625,53.0
162727.0,11263,0,4,9.75,100,47,NA,56.875,53.937,52.656,53.062
162834.0,11263,0,4,8.33,100,51,NA,56.843,53.968,52.687,52.843
162949.0,11263,0,4,9.08,100,50,NA,56.906,53.875,52.687,52.718
163058.0,11263,0,4,9.75,100,56,NA,56.687,53.75,52.593,52.781
163166.0,11263,0,4,9.67,100,68,NA,56.843,53.843,52.562,52.875
163275.0,11263,0,4,9.75,91,99,NA,57.031,53.937,52.468,53.093
163383.0,11263,0,4,9.75,100,99,NA,58.187,54.375,52.625,53.562
163498.0,11263,0,4,10.25,100,99,NA,58.656,54.5,52.562,53.75
163606.0,11263,0,4,0.75,9,99,NA,58.437,54.875,52.562,53.718
163713.0,11263,0,4,6.67,63,18,NA,56.406,54.343,52.625,53.406
163822.0,11264,0,4,9.75,100,29,NA,56.718,54.156,52.781,53.187
163930.0,11264,0,4,9.67,100,44,NA,56.75,54.0,52.593,53.187
164040.0,11264,0,4,10.33,100,50,NA,57.0,54.062,52.75,53.031
164158.0,11264,0,4,11.0,100,47,NA,56.937,53.937,52.5,52.968
164265.0,11264,0,4,9.08,100,50,NA,56.812,53.875,52.593,52.906
164375.0,11264,0,4,10.25,100,53,NA,57.031,54.062,52.718,52.906
164483.0,11264,0,4,9.08,100,61,NA,56.718,53.687,52.593,52.843
164595.0,11264,0,4,9.08,100,57,NA,56.656,53.968,52.5,52.718
164703.0,11264,0,4,8.33,91,99,NA,56.625,53.75,52.593,52.937
164814.0,11264,0,4,11.83,100,99,NA,57.531,54.312,52.437,53.343
164924.0,11264,0,4,8.33,100,99,NA,58.125,54.531,52.656,53.687
165032.0,11264,0,4,4.5,54,99,NA,58.5,54.625,52.593,53.75
165141.0,11264,0,4,3.75,18,91,NA,57.531,54.718,52.625,53.843
165247.0,11264,0,4,10.42,100,27,NA,56.562,54.312,52.562,53.218
165357.0,11264,0,4,10.58,100,41,NA,56.75,54.062,52.656,53.156
165464.0,11264,0,4,9.75,100,43,NA,57.187,54.156,52.812,53.031
165574.0,11264,0,4,8.33,100,47,NA,56.968,53.937,52.593,53.093
165681.0,11264,0,4,9.83,100,51,NA,56.906,54.0,52.625,53.093
165789.0,11264,0,4,9.08,100,51,NA,56.906,53.843,52.562,53.0
165896.0,11264,0,4,9.92,100,54,NA,56.75,53.875,52.562,52.968
166004.0,11264,0,4,11.17,100,57,NA,57.062,53.906,52.5,52.781
166113.0,11264,0,4,11.17,100,64,NA,56.843,53.75,52.562,52.718
166220.0,11264,0,4,8.25,90,99,NA,56.937,54.218,52.781,53.187
166328.0,11264,0,4,9.0,100,99,NA,58.187,54.375,52.562,53.468
166435.0,11264,0,4,9.08,100,99,NA,58.562,54.625,52.625,53.75
166542.0,11264,0,4,4.33,18,99,NA,58.843,54.906,52.531,53.718
166651.0,11264,0,4,4.17,50,17,NA,56.531,54.468,52.625,53.531
166758.0,11264,0,4,9.67,100,30,NA,56.625,54.343,52.843,53.25
166864.0,11264,0,4,9.67,100,47,NA,56.968,54.156,52.562,53.187
166974.0,11264,0,4,8.33,100,48,NA,57.125,54.125,52.75,53.125
167080.0,11264,0,4,9.75,100,52,NA,57.125,53.968,52.593,53.125
167191.0,11264,0,4,9.0,100,53,NA,56.906,53.937,52.687,53.125
167297.0,11264,0,4,9.08,100,51,NA,56.906,53.875,52.593,52.875
167406.0,11264,0,4,9.08,100,50,NA,56.843,53.906,52.625,53.0
167513.0,11264,0,4,7.5,90,57,NA,57.093,53.968,52.718,52.812
167620.0,11264,0,4,9.75,100,84,NA,57.0,53.75,52.562,52.875
167728.0,11264,0,4,9.08,100,99,NA,57.687,54.281,52.718,53.406
167835.0,11264,0,4,8.33,100,99,NA,58.031,54.531,52.5,53.593
167941.0,11264,0,4,8.25,81,99,NA,58.281,54.656,52.687,53.718
168052.0,11264,0,4,0.75,9,99,NA,58.656,54.906,52.562,53.843
168160.0,11264,0,4,9.58,90,20,NA,56.531,54.281,52.593,53.375
168274.0,11264,0,4,11.75,100,35,NA,56.531,54.062,52.625,53.218
168382.0,11264,0,4,10.42,100,44,NA,56.906,54.125,52.687,53.25
168490.0,11264,0,4,9.67,100,50,NA,57.031,53.937,52.593,53.125
168597.0,11264,0,4,10.33,91,51,NA,56.968,53.906,52.687,53.093
168707.0,11264,0,4,9.83,100,54,NA,57.156,53.843,52.656,52.937
168814.0,11264,0,4,9.08,100,54,NA,56.812,53.968,52.687,52.906
168926.0,11264,0,4,9.75,100,58,NA,56.843,53.812,52.593,52.812
169034.0,11264,0,4,10.33,100,59,NA,56.75,53.812,52.656,52.781
169145.0,11264,0,4,9.75,100,99,NA,57.062,53.937,52.531,52.937
169253.0,11264,0,4,9.0,100,99,NA,57.468,54.375,52.687,53.406
169361.0,11264,0,4,8.33,100,99,NA,58.75,54.562,52.562,53.687
169471.0,11264,0,4,4.5,45,99,NA,58.312,54.781,52.718,53.875
169578.0,11264,0,4,4.67,28,44,NA,57.406,54.812,52.625,53.687
169687.0,11264,0,4,9.0,100,31,NA,56.718,54.375,52.75,53.343
169795.0,11264,0,4,9.08,100,42,NA,57.281,54.156,52.843,53.281
169904.0,11264,0,4,10.17,91,48,NA,57.0,54.125,52.718,53.281
170012.0,11264,0,4,9.0,100,50,NA,57.0,54.25,52.843,53.031
170121.0,11264,0,4,9.75,100,47,NA,56.906,53.968,52.75,53.093
170228.0,11264,0,4,9.83,100,51,NA,56.906,53.968,52.75,53.156
170337.0,11264,0,4,10.33,100,50,NA,57.187,53.937,52.625,53.031
170443.0,11264,0,4,8.33,100,50,NA,57.0,53.937,52.687,52.937
170550.0,11264,0,4,11.17,100,66,NA,56.843,54.0,52.781,53.0
170657.0,11264,0,4,8.33,100,99,NA,57.062,54.25,52.562,53.281
170766.0,11264,0,4,8.33,100,99,NA,58.718,54.625,52.718,53.625
170871.0,11264,0,4,9.0,90,99,NA,58.375,54.593,52.562,53.781
170981.0,11264,0,4,1.42,9,99,NA,58.343,54.75,52.718,53.937
171089.0,11264,0,4,8.83,81,19,NA,56.562,54.5,52.656,53.406
171196.0,11264,0,4,10.58,100,31,NA,56.531,54.187,52.687,53.281
171304.0,11264,0,4,8.92,90,44,NA,57.218,54.218,52.843,53.218
171412.0,11264,0,4,11.67,100,47,NA,57.312,54.125,52.625,53.218
171521.0,11264,0,4,9.0,100,50,NA,57.031,54.093,52.781,53.187
171628.0,11264,0,4,9.67,100,53,NA,56.906,53.937,52.718,53.062
171738.0,11264,0,4,8.33,100,51,NA,57.0,53.937,52.75,53.031
171845.0,11264,0,4,9.08,100,56,NA,57.187,54.093,52.656,53.0
171957.0,11264,0,4,11.0,100,57,NA,56.937,53.875,52.75,52.906
172065.0,11264,0,4,9.0,90,99,NA,56.75,53.875,52.593,52.968
172176.0,11264,0,4,8.33,100,99,NA,58.312,54.531,52.718,53.531
172283.0,11264,0,4,9.75,100,99,NA,58.687,54.562,52.656,53.687
172392.0,11264,0,4,6.33,60,99,NA,59.187,54.781,52.843,54.031
172501.0,11264,0,4,1.5,9,79,NA,57.5,54.718,52.687,53.937
172608.0,11264,0,4,9.75,100,29,NA,56.812,54.375,52.843,53.468
172723.0,11264,0,4,10.5,100,42,NA,57.062,54.218,52.781,53.406
172834.0,11264,0,4,11.58,100,44,NA,57.343,54.25,52.718,53.25
172948.0,11264,0,4,11.08,100,51,NA,57.187,54.281,52.968,53.187
173056.0,11264,0,4,9.08,100,49,NA,57.218,54.062,52.718,53.125
173166.0,11264,0,4,9.08,100,54,NA,57.093,54.187,52.875,53.093
173274.0,11264,0,4,9.08,100,55,NA,56.906,53.937,52.718,53.062
173383.0,11264,0,4,10.42,100,57,NA,57.125,53.968,52.906,52.968
173491.0,11264,0,4,8.92,90,72,NA,56.812,53.906,52.625,53.0
173601.0,11264,0,4,9.83,100,99,NA,57.593,54.468,52.718,53.375
173708.0,11264,0,4,8.33,100,99,NA,58.437,54.625,52.687,53.718
173818.0,11264,0,4,7.67,75,99,NA,58.625,54.812,52.875,54.031
173928.0,11264,0,4,1.42,9,99,NA,58.156,54.843,52.718,53.937
174036.0,11264,0,4,9.08,100,21,NA,56.781,54.406,52.875,53.531
174144.0,11264,0,4,9.67,100,37,NA,56.968,54.25,52.687,53.312
174252.0,11264,0,4,11.83,100,44,NA,57.062,54.218,52.781,53.281
174359.0,11264,0,4,8.33,100,48,NA,57.093,54.0,52.718,53.156
174468.0,11264,0,4,9.08,100,46,NA,57.031,54.093,52.781,53.187
174574.0,11264,0,4,9.08,100,55,NA,57.218,54.125,52.812,53.031
174684.0,11264,0,4,9.08,100,53,NA,57.062,53.937,52.656,53.031
174790.0,11264,0,4,10.5,100,60,NA,56.968,53.968,52.812,52.968
174900.0,11264,0,4,7.5,90,58,NA,56.906,53.906,52.75,52.906
175007.0,11264,0,4,11.92,100,99,NA,56.812,54.218,52.781,53.187
175117.0,11264,0,4,9.83,100,99,NA,58.031,54.406,52.687,53.531
175224.0,11264,0,4,10.33,100,99,NA,58.187,54.625,52.812,53.781
175333.0,11264,0,4,2.75,33,99,NA,58.906,54.906,52.75,53.968
175441.0,11264,0,4,2.75,33,19,NA,57.218,54.656,52.781,53.843
175549.0,11264,0,4,9.67,100,22,NA,56.718,54.343,52.937,53.343
175656.0,11264,0,4,9.67,100,41,NA,56.843,54.218,52.75,53.312
175766.0,11264,0,4,9.08,100,45,NA,56.937,54.281,52.875,53.343
175872.0,11264,0,4,9.75,100,47,NA,57.125,54.062,52.718,53.187
175982.0,11264,0,4,11.17,100,52,NA,57.281,54.031,52.812,53.156
176088.0,11264,0,4,9.75,100,54,NA,57.187,53.937,52.968,53.093
176198.0,11264,0,4,9.08,100,55,NA,57.0,53.968,52.781,53.093
176306.0,11264,0,4,7.5,90,55,NA,57.375,54.125,52.906,52.968
176414.0,11264,0,4,9.83,100,67,NA,56.875,53.968,52.75,52.937
176523.0,11264,0,4,8.33,100,99,NA,57.062,54.375,52.687,53.25
176634.0,11264,0,4,10.42,100,99,NA,58.0,54.562,52.781,53.687
176742.0,11264,0,4,9.75,100,99,NA,58.937,54.906,52.687,53.875
176850.0,11264,0,4,2.92,16,99,NA,58.75,54.906,52.75,54.062
176958.0,11264,0,4,6.25,50,14,NA,56.625,54.593,52.906,53.625
177068.0,11264,0,4,9.08,100,25,NA,56.5,54.281,52.812,53.375
177174.0,11264,0,4,11.33,100,42,NA,57.0,54.218,52.875,53.25
177283.0,11264,0,4,9.67,100,46,NA,57.25,54.093,52.781,53.281
177391.0,11264,0,4,9.08,100,47,NA,57.093,54.156,52.843,53.218
177500.0,11264,0,4,8.25,91,51,NA,57.062,54.0,52.75,53.187
177608.0,11264,0,4,9.75,100,51,NA,57.0,54.062,52.75,53.125
177715.0,11264,0,4,9.75,100,58,NA,57.125,53.906,53.0,53.062
177824.0,11264,0,4,9.08,100,59,NA,56.968,53.906,52.718,52.968
177930.0,11264,0,4,9.67,100,66,NA,56.937,54.031,52.906,52.937
178040.0,11264,0,4,8.33,100,99,NA,57.093,54.25,52.843,53.343
178147.0,11264,0,4,10.5,100,99,NA,58.187,54.562,52.843,53.75
178255.0,11264,0,4,9.75,100,99,NA,58.5,54.75,52.781,53.843
178366.0,11264,0,4,3.5,16,99,NA,58.687,55.031,52.906,54.125
178475.0,11264,0,4,7.25,70,19,NA,56.968,54.531,52.75,53.562
178585.0,11264,0,4,9.08,100,36,NA,56.843,54.437,52.875,53.343
178692.0,11264,0,4,10.5,100,45,NA,57.156,54.187,52.781,53.375
178799.0,11264,0,4,8.25,90,46,NA,57.156,54.25,52.812,53.312
178908.0,11264,0,4,9.08,100,49,NA,57.281,54.281,52.75,53.187
179016.0,11264,0,4,9.08,100,50,NA,57.0,54.031,52.781,53.125
179126.0,11264,0,4,9.08,100,52,NA,56.937,54.125,52.781,53.093
179233.0,11264,0,4,10.33,100,59,NA,57.0,54.0,52.75,53.031
179345.0,11264,0,4,9.75,100,58,NA,57.187,53.937,52.75,53.093
179452.0,11264,0,4,8.92,90,97,NA,56.937,53.968,52.812,53.156
179562.0,11264,0,4,9.08,100,99,NA,57.687,54.468,52.75,53.593
179672.0,11264,0,4,10.42,100,99,NA,58.312,54.75,52.781,53.812
179780.0,11264,0,4,5.92,54,99,NA,58.718,54.781,52.781,54.031
179890.0,11264,0,4,5.08,18,99,NA,57.437,54.968,52.843,54.062
180000.0,11264,0,4,9.0,81,32,NA,56.75,54.375,52.812,53.531
180108.0,11264,0,4,9.08,100,43,NA,56.687,54.406,52.875,53.625
180218.0,11264,0,4,9.0,100,48,NA,56.687,54.187,52.875,53.5
180326.0,11264,0,4,8.33,100,48,NA,56.718,54.25,52.906,53.468
180434.0,11264,0,4,9.0,100,49,NA,56.906,54.062,52.781,53.406
180546.0,11264,0,4,9.0,100,53,NA,56.687,54.25,52.906,53.468
180654.0,11264,0,4,8.33,100,50,NA,56.937,54.062,52.812,53.375
180762.0,11264,0,4,9.0,100,53,NA,56.656,54.031,52.875,53.312
180871.0,11264,0,4,9.92,54,68,NA,56.281,53.906,52.781,53.125
180980.0,11264,0,4,8.33,100,99,NA,56.937,54.312,52.843,53.375
181090.0,11264,0,4,11.0,100,99,NA,58.375,54.468,52.718,53.687
181197.0,11264,0,4,8.33,100,99,NA,58.531,54.812,52.812,53.937
181306.0,11264,0,4,2.75,16,99,NA,58.812,55.093,52.75,53.937
181418.0,11264,0,4,7.33,70,21,NA,56.625,54.656,52.968,53.718
181526.0,11264,0,4,8.75,70,37,NA,56.5,54.343,52.843,53.437
181636.0,11264,0,4,8.33,91,46,NA,56.687,54.468,52.906,53.343
181744.0,11264,0,4,11.17,100,43,NA,56.906,54.25,52.75,53.312
181854.0,11264,0,4,9.0,100,47,NA,56.531,54.343,52.906,53.187
181963.0,11264,0,4,9.83,100,53,NA,56.437,54.125,52.875,53.187
182073.0,11264,0,4,10.42,100,51,NA,56.593,54.187,52.875,53.187
182180.0,11264,0,4,10.33,100,52,NA,56.718,54.031,52.812,53.062
182287.0,11264,0,4,8.33,100,59,NA,56.437,54.031,52.812,53.031
182396.0,11264,0,4,9.08,92,99,NA,56.218,54.125,52.718,53.156
182507.0,11264,0,4,9.08,100,99,NA,58.156,54.562,52.906,53.656
182615.0,11264,0,4,9.83,100,99,NA,58.281,54.75,52.687,53.937
182724.0,11264,0,4,4.67,40,99,NA,59.093,54.906,52.937,54.031
182834.0,11264,0,4,8.33,25,18,NA,57.062,54.75,52.843,53.843
182940.0,11264,0,4,9.83,100,22,NA,56.625,54.406,52.906,53.531
183048.0,11264,0,4,9.08,100,44,NA,56.875,54.406,52.875,53.312
183156.0,11264,0,4,9.75,100,46,NA,56.968,54.312,52.906,53.312
183263.0,11264,0,4,8.33,100,48,NA,56.937,54.375,52.906,53.343
183373.0,11264,0,4,9.83,100,51,NA,57.312,54.125,52.906,53.25
183480.0,11264,0,4,10.33,100,51,NA,56.937,54.218,52.968,53.218
183587.0,11264,0,4,9.0,90,55,NA,56.875,54.031,52.843,53.156
183696.0,11264,0,4,9.83,100,58,NA,56.812,54.031,52.875,53.125
183803.0,11264,0,4,9.08,100,68,NA,57.0,54.156,52.968,53.0
183913.0,11264,0,4,9.83,100,99,NA,57.062,54.406,52.781,53.375
184021.0,11264,0,4,11.42,100,99,NA,58.375,54.687,52.875,53.562
184127.0,11264,0,4,9.08,100,99,NA,58.687,54.812,52.875,53.937
184237.0,11264,0,4,2.42,20,99,NA,58.562,55.031,52.968,54.156
184344.0,11264,0,4,5.17,45,21,NA,56.937,54.625,52.843,53.781
184454.0,11264,0,4,10.5,100,33,NA,56.812,54.437,52.875,53.562
184560.0,11264,0,4,9.83,100,44,NA,57.0,54.562,52.843,53.375
184667.0,11264,0,4,8.33,100,44,NA,56.968,54.343,52.875,53.406
184776.0,11264,0,4,9.67,100,52,NA,57.156,54.375,53.031,53.281
184883.0,11264,0,4,8.33,100,52,NA,57.25,54.187,52.875,53.218
184993.0,11264,0,4,8.33,91,51,NA,57.0,54.25,52.937,53.125
185102.0,11264,0,4,9.83,100,50,NA,56.937,54.156,52.812,53.187
185211.0,11264,0,4,10.5,100,58,NA,57.062,54.093,52.875,53.187
185318.0,11264,0,4,9.08,100,99,NA,56.968,54.062,52.781,53.187
185428.0,11264,0,4,8.33,100,99,NA,57.718,54.593,52.906,53.687
185536.0,11264,0,4,9.67,100,99,NA,58.687,54.656,52.812,53.968
185643.0,11264,0,4,6.5,60,99,NA,58.75,55.0,52.875,54.125
185754.0,11264,0,4,3.33,16,99,NA,57.906,54.906,52.781,54.062
185862.0,11264,0,4,9.08,100,22,NA,56.656,54.531,52.906,53.531
185970.0,11264,0,4,9.08,100,40,NA,57.125,54.437,52.843,53.406
186077.0,11264,0,4,10.33,100,45,NA,56.937,54.375,52.906,53.406
186185.0,11264,0,4,9.08,100,47,NA,57.093,54.218,52.937,53.375
186293.0,11264,0,4,8.25,90,52,NA,56.937,54.218,52.875,53.25
186401.0,11264,0,4,9.08,100,51,NA,56.906,54.218,52.906,53.25
186510.0,11264,0,4,9.08,100,54,NA,57.187,54.187,52.906,53.156
186617.0,11264,0,4,9.08,100,56,NA,56.906,54.125,52.875,53.187
186727.0,11264,0,4,13.08,100,63,NA,56.875,53.937,52.781,53.156
186835.0,11264,0,4,9.08,100,99,NA,56.906,54.281,52.875,53.343
186943.0,11264,0,4,10.42,100,99,NA,58.281,54.843,52.781,53.687
187053.0,11264,0,4,8.33,100,99,NA,58.875,54.781,52.906,53.906
187161.0,11264,0,4,3.58,20,99,NA,58.656,55.031,52.875,54.062
187269.0,11264,0,4,6.58,45,21,NA,56.781,54.875,52.875,53.875
187378.0,11264,0,4,11.83,100,29,NA,56.906,54.562,53.125,53.5
187487.0,11264,0,4,8.33,91,44,NA,57.0,54.375,52.875,53.437
187595.0,11264,0,4,9.08,100,43,NA,57.0,54.5,53.031,53.5
187705.0,11264,0,4,11.17,100,47,NA,56.906,54.25,52.906,53.343
187812.0,11264,0,4,10.42,100,48,NA,57.125,54.281,52.968,53.375
187922.0,11264,0,4,9.83,100,52,NA,56.937,54.125,52.937,53.218
188030.0,11264,0,4,8.33,100,51,NA,57.062,54.187,52.937,53.25
188139.0,11264,0,4,9.08,100,55,NA,57.125,54.0,52.843,53.062
188246.0,11264,0,4,9.67,91,66,NA,56.875,54.125,52.968,53.187
188354.0,11264,0,4,8.33,100,99,NA,57.687,54.531,52.875,53.562
188461.0,11264,0,4,10.42,100,99,NA,59.062,54.75,52.875,53.843
188571.0,11264,0,4,7.92,80,99,NA,58.562,54.843,52.812,54.0
188684.0,11264,0,4,2.08,9,99,NA,58.937,55.031,53.031,54.187
188791.0,11264,0,4,9.08,100,22,NA,56.656,54.531,52.906,53.656
188901.0,11264,0,4,9.67,100,37,NA,56.937,54.468,53.093,53.593
189009.0,11264,0,4,11.25,100,45,NA,57.031,54.312,52.906,53.468
189120.0,11264,0,4,9.67,91,47,NA,57.218,54.406,53.031,53.25
189228.0,11264,0,4,9.0,100,47,NA,57.125,54.25,52.875,53.375
189338.0,11264,0,4,9.0,100,54,NA,57.125,54.343,53.0,53.187
189446.0,11264,0,4,8.33,100,53,NA,56.812,54.093,52.906,53.156
189556.0,11264,0,4,9.67,100,57,NA,57.062,54.156,53.031,53.25
189664.0,11264,0,4,9.0,100,61,NA,56.906,54.093,52.843,53.156
189773.0,11264,0,4,9.75,100,99,NA,57.218,54.312,53.031,53.343
189881.0,11264,0,4,9.58,90,99,NA,58.062,54.687,52.843,53.781
189991.0,11264,0,4,9.67,100,99,NA,58.437,54.906,53.125,54.062
190103.0,11264,0,4,2.25,27,99,NA,59.187,55.062,52.906,54.125
190212.0,11264,0,4,6.25,50,26,NA,57.0,54.937,53.218,53.906
190322.0,11264,0,4,12.0,100,32,NA,56.812,54.531,52.906,53.562
190430.0,11264,0,4,9.83,100,46,NA,57.468,54.593,53.0,53.406
190539.0,11264,0,4,11.0,100,43,NA,57.031,54.375,52.937,53.5
190648.0,11264,0,4,8.33,100,48,NA,57.125,54.437,52.906,53.312
190756.0,11264,0,4,9.08,100,51,NA,57.031,54.343,52.906,53.25
190866.0,11264,0,4,8.33,100,52,NA,57.218,54.281,53.093,53.187
190974.0,11264,0,4,9.92,100,57,NA,57.375,54.156,52.906,53.187
191084.0,11264,0,4,9.0,100,57,NA,57.062,54.218,53.062,53.093
191192.0,11264,0,4,9.67,90,99,NA,56.843,54.062,52.812,53.218
191302.0,11264,0,4,8.33,100,99,NA,57.687,54.75,53.031,53.593
191410.0,11264,0,4,9.83,100,99,NA,58.656,54.843,52.875,54.0
191520.0,11264,0,4,6.67,63,99,NA,58.562,55.156,53.187,54.093
191630.0,11264,0,4,1.5,9,99,NA,58.031,55.062,53.031,54.218
191738.0,11264,0,4,10.42,100,21,NA,56.75,54.75,52.906,53.593
191849.0,11264,0,4,9.08,100,36,NA,56.75,54.531,53.0,53.531
191957.0,11264,0,4,9.75,100,49,NA,57.156,54.562,52.937,53.437
192069.0,11264,0,4,9.67,100,51,NA,57.093,54.406,53.031,53.375
192177.0,11264,0,4,9.83,100,54,NA,57.0,54.312,52.906,53.312
192288.0,11264,0,4,9.75,100,50,NA,57.062,54.312,52.968,53.343
192396.0,11264,0,4,9.08,100,50,NA,56.906,54.156,52.906,53.187
192508.0,11264,0,4,9.75,100,55,NA,57.187,54.343,52.906,53.187
192615.0,11264,0,4,9.67,100,68,NA,57.218,54.125,52.906,53.093
192727.0,11264,0,4,10.83,90,99,NA,57.5,54.593,52.906,53.468
192834.0,11264,0,4,8.33,100,99,NA,58.25,54.812,52.875,53.843
192942.0,11264,0,4,9.75,100,99,NA,58.843,55.0,53.0,54.125
193054.0,11264,0,4,1.5,10,99,NA,58.812,55.062,53.0,54.156
193163.0,11264,0,4,6.58,54,19,NA,57.031,54.875,53.156,53.843
193275.0,11264,0,4,11.17,100,25,NA,56.812,54.562,53.0,53.687
193383.0,11264,0,4,9.83,100,44,NA,57.0,54.406,52.937,53.437
193492.0,11264,0,4,8.33,100,47,NA,57.187,54.375,52.968,53.5
193600.0,11264,0,4,9.08,100,50,NA,57.25,54.312,52.906,53.375
193708.0,11264,0,4,9.0,100,51,NA,57.031,54.281,53.031,53.437
193816.0,11264,0,4,9.83,100,55,NA,57.031,54.406,53.125,53.218
193924.0,11264,0,4,9.75,100,56,NA,56.906,54.187,53.0,53.187
194032.0,11264,0,4,7.58,91,48,NA,57.093,54.156,52.968,53.187
194139.0,11264,0,4,9.08,100,68,NA,57.125,54.125,52.906,53.187
194248.0,11264,0,4,10.5,100,99,NA,57.906,54.656,52.937,53.687
194358.0,11264,0,4,9.83,100,99,NA,58.75,54.843,52.906,53.843
194465.0,11264,0,4,8.17,81,99,NA,59.031,55.031,53.0,54.218
194574.0,11264,0,4,0.67,8,99,NA,58.656,55.062,52.906,54.25
194681.0,11264,0,4,8.83,88,20,NA,56.781,54.593,53.062,53.718
194793.0,11264,0,4,8.33,100,32,NA,57.125,54.406,53.031,53.468
194903.0,11263,0,4,10.5,100,47,NA,57.187,54.531,53.031,53.5
195011.0,11263,0,4,10.58,100,49,NA,57.062,54.25,52.937,53.343
195120.0,11263,0,4,10.33,100,49,NA,57.343,54.375,53.031,53.468
195227.0,11263,0,4,10.33,100,50,NA,57.25,54.281,52.968,53.281
195335.0,11263,0,4,7.58,91,51,NA,57.0,54.25,52.968,53.218
195443.0,11263,0,4,9.83,100,57,NA,57.031,54.281,53.125,53.218
195550.0,11263,0,4,8.33,100,58,NA,56.968,54.125,52.906,53.25
195661.0,11263,0,4,10.25,100,99,NA,57.125,54.281,53.093,53.218
195769.0,11263,0,4,9.08,100,99,NA,58.093,54.718,52.906,53.718
195876.0,11263,0,4,9.83,100,99,NA,58.437,54.906,53.031,54.093
195989.0,11263,0,4,5.17,45,99,NA,58.593,55.125,53.031,54.125
196097.0,11263,0,4,2.25,27,59,NA,57.468,55.156,53.156,54.125
196204.0,11263,0,4,9.67,100,30,NA,56.906,54.625,52.968,53.75
196311.0,11263,0,4,9.08,100,43,NA,57.218,54.5,53.062,53.656
196421.0,11263,0,4,9.75,100,46,NA,57.437,54.406,53.0,53.531
196529.0,11263,0,4,10.58,100,47,NA,57.218,54.406,53.031,53.468
196639.0,11263,0,4,9.58,91,47,NA,57.0,54.343,53.0,53.343
196747.0,11263,0,4,9.75,100,53,NA,57.062,54.281,53.0,53.343
196858.0,11263,0,4,8.33,100,55,NA,57.031,54.281,52.937,53.343
196965.0,11263,0,4,9.08,100,57,NA,57.093,54.312,53.0,53.312
197076.0,11263,0,4,10.42,100,75,NA,56.906,54.218,53.031,53.281
197184.0,11263,0,4,8.33,100,99,NA,57.843,54.781,53.062,53.812
197292.0,11263,0,4,9.08,100,99,NA,58.656,54.906,53.0,54.0
197403.0,11263,0,4,8.17,72,99,NA,59.125,55.125,53.125,54.187
197511.0,11263,0,4,0.0,0,99,NA,59.343,55.0,53.031,54.25
197621.0,11263,0,4,10.5,100,27,NA,56.906,54.781,53.281,53.906
197729.0,11263,0,4,10.0,100,44,NA,57.187,54.593,52.968,53.687
197839.0,11263,0,4,9.58,100,46,NA,57.312,54.562,53.093,53.656
197947.0,11263,0,4,8.25,91,50,NA,57.343,54.406,52.968,53.531
198057.0,11263,0,4,10.33,100,47,NA,57.25,54.468,53.125,53.406
198165.0,11263,0,4,9.08,100,51,NA,57.562,54.343,52.968,53.437
198275.0,11263,0,4,10.42,100,52,NA,57.125,54.406,53.125,53.5
198384.0,11263,0,4,10.5,100,61,NA,57.093,54.187,53.0,53.25
198493.0,11263,0,4,9.08,100,64,NA,57.125,54.343,53.156,53.406
198601.0,11263,0,4,9.83,100,99,NA,57.437,54.562,52.937,53.687
198709.0,11263,0,4,8.33,100,99,NA,58.531,54.875,53.031,54.062
198819.0,11264,0,4,10.5,100,99,NA,58.5,55.031,52.968,54.187
198927.0,11264,0,4,2.17,9,99,NA,58.781,55.218,53.187,54.25
199035.0,11264,0,4,6.5,70,24,NA,57.062,54.812,53.0,53.906
199143.0,11264,0,4,9.67,100,37,NA,56.968,54.625,53.156,53.687
199254.0,11266,0,4,9.92,91,44,NA,57.75,54.5,53.0,53.562
199362.0,11264,0,4,11.33,100,50,NA,57.312,54.5,53.156,53.625
199471.0,11264,0,4,12.42,100,46,NA,57.312,54.406,53.031,53.406
199582.0,11264,0,4,9.75,100,51,NA,57.343,54.468,53.156,53.406
199691.0,11264,0,4,9.17,100,50,NA,57.406,54.281,52.906,53.406
199798.0,11264,0,4,11.17,100,52,NA,57.093,54.343,53.0,53.375
199907.0,11264,0,4,9.17,100,57,NA,57.0,54.437,53.031,53.218
200017.0,11264,0,4,8.25,90,99,NA,57.156,54.312,53.062,53.375
200125.0,11264,0,4,9.0,100,99,NA,58.218,54.687,53.031,53.75
200235.0,11264,0,4,10.33,100,99,NA,58.812,55.0,53.093,54.187
200344.0,11264,0,4,6.0,40,99,NA,59.125,54.937,53.062,54.156
200453.0,11264,0,4,5.83,27,56,NA,57.281,55.062,53.156,54.187
200560.0,11264,0,4,12.0,100,24,NA,57.093,54.843,53.093,53.75
200668.0,11264,0,4,9.08,100,46,NA,57.187,54.531,53.156,53.593
200783.0,11264,0,4,9.08,100,45,NA,57.375,54.468,53.031,53.656
200892.0,11264,0,4,8.33,100,47,NA,57.593,54.5,53.218,53.437
201002.0,11264,0,4,11.17,100,51,NA,57.156,54.406,53.0,53.406
201111.0,11264,0,4,7.58,91,53,NA,57.25,54.468,53.281,53.375
201218.0,11264,0,4,9.75,100,45,NA,57.156,54.375,53.031,53.343
201325.0,11264,0,4,10.42,100,58,NA,57.062,54.312,53.187,53.312
201434.0,11264,0,4,9.58,100,64,NA,57.375,54.281,53.0,53.25
201544.0,11264,0,4,11.0,100,99,NA,57.593,54.656,53.093,53.781
201652.0,11264,0,4,9.75,100,99,NA,58.375,54.875,53.0,54.0
201760.0,11264,0,4,8.33,100,99,NA,59.218,55.187,53.218,54.25
201871.0,11264,0,4,2.17,9,99,NA,59.125,55.125,53.062,54.25
201977.0,11264,0,4,6.5,70,16,NA,56.937,54.843,53.125,54.031
202085.0,11264,0,4,11.17,100,28,NA,56.812,54.781,53.312,53.562
202194.0,11264,0,4,7.58,91,45,NA,57.125,54.531,53.187,53.625
202302.0,11264,0,4,9.75,100,44,NA,57.406,54.625,53.312,53.5
202412.0,11264,0,4,10.42,100,45,NA,57.156,54.406,53.062,53.468
202519.0,11264,0,4,9.25,100,52,NA,57.25,54.531,53.218,53.406
202629.0,11264,0,4,8.33,100,54,NA,57.218,54.281,53.125,53.406
202737.0,11264,0,4,10.5,100,59,NA,57.187,54.312,53.156,53.281
202847.0,11264,0,4,9.75,100,56,NA,57.187,54.343,53.062,53.312
202954.0,11264,0,4,8.33,91,67,NA,57.312,54.406,53.125,53.406
203063.0,11264,0,4,9.08,100,99,NA,57.656,54.687,53.031,53.75
203173.0,11264,0,4,11.75,100,99,NA,58.906,55.031,53.281,53.968
203281.0,11264,0,4,7.5,81,99,NA,59.343,55.062,53.062,54.25
203389.0,11264,0,4,2.25,9,99,NA,59.093,55.218,53.156,54.312
203496.0,11264,0,4,8.25,90,22,NA,57.218,54.812,53.031,53.843
203607.0,11264,0,4,10.58,100,39,NA,57.125,54.687,53.218,53.75
203714.0,11264,0,4,9.08,100,45,NA,57.218,54.75,53.093,53.531
203824.0,11264,0,4,11.0,100,48,NA,57.375,54.562,53.25,53.625
203931.0,11264,0,4,9.08,100,47,NA,57.375,54.406,53.281,53.468
204041.0,11264,0,4,11.08,100,51,NA,57.187,54.343,53.062,53.5
204148.0,11264,0,4,8.33,100,55,NA,57.468,54.5,53.343,53.406
204257.0,11264,0,4,9.75,100,61,NA,56.968,54.343,53.125,53.437
204364.0,11264,0,4,9.08,100,65,NA,57.25,54.406,53.218,53.281
204473.0,11264,0,4,9.0,90,99,NA,57.125,54.5,53.031,53.593
204580.0,11264,0,4,8.33,100,99,NA,58.156,54.875,53.125,54.031
204692.0,11264,0,4,10.25,100,99,NA,58.843,55.031,53.062,54.125
204800.0,11264,0,4,3.67,20,99,NA,59.281,55.312,53.187,54.437
204908.0,11264,0,4,7.75,50,18,NA,56.906,54.968,53.125,54.125
205016.0,11264,0,4,9.67,100,28,NA,56.906,54.718,53.156,53.812
205125.0,11264,0,4,11.25,100,44,NA,57.406,54.562,53.062,53.625
205234.0,11264,0,4,9.08,100,47,NA,57.312,54.562,53.156,53.625
205344.0,11264,0,4,9.75,100,47,NA,57.25,54.437,53.093,53.5
205452.0,11264,0,4,9.75,100,53,NA,57.406,54.406,53.156,53.531
205571.0,11264,0,4,10.83,100,51,NA,57.406,54.468,53.218,53.468
205678.0,11264,0,4,8.25,90,56,NA,57.406,54.343,53.156,53.312
205785.0,11264,0,4,9.92,100,50,NA,57.25,54.406,53.125,53.375
205894.0,11264,0,4,8.33,100,67,NA,57.062,54.343,53.031,53.375
206004.0,11264,0,4,11.83,100,99,NA,58.312,54.75,53.062,53.843
206112.0,11264,0,4,9.92,100,99,NA,58.562,55.156,53.062,54.062
206227.0,11264,0,4,8.67,81,99,NA,58.906,55.343,53.062,54.156
206337.0,11264,0,4,0.0,0,99,NA,59.562,55.281,53.187,54.375
206444.0,11264,0,4,8.25,90,18,NA,56.937,54.906,53.125,53.906
206551.0,11264,0,4,9.83,100,28,NA,56.906,54.625,53.156,53.656
206659.0,11264,0,4,10.5,100,46,NA,57.406,54.593,53.187,53.687
206769.0,11264,0,4,10.92,90,46,NA,57.156,54.468,53.125,53.562
206876.0,11264,0,4,10.33,100,51,NA,57.343,54.625,53.187,53.593
206984.0,11264,0,4,9.17,100,50,NA,57.125,54.375,53.031,53.5
207093.0,11264,0,4,9.83,100,59,NA,57.343,54.406,53.062,53.468
207202.0,11264,0,4,9.75,100,55,NA,57.187,54.312,53.0,53.312
207309.0,11264,0,4,9.08,100,56,NA,57.187,54.25,53.093,53.375
207416.0,11264,0,4,10.08,90,66,NA,57.0,54.437,53.218,53.25
207525.0,11264,0,4,8.33,100,99,NA,57.843,54.656,53.156,53.812
207633.0,11264,0,4,11.17,100,99,NA,59.093,55.031,53.187,54.187
207741.0,11264,0,4,9.5,80,99,NA,59.218,55.156,53.125,54.281
207849.0,11264,0,4,0.0,0,99,NA,59.843,55.218,53.281,54.375
207957.0,11264,0,4,10.33,90,17,NA,57.343,54.687,53.156,53.781
208063.0,11264,0,4,9.92,100,29,NA,56.843,54.593,53.218,53.687
208170.0,11264,0,4,9.08,100,43,NA,57.218,54.593,53.25,53.687
208279.0,11264,0,4,10.58,100,46,NA,57.281,54.468,53.093,53.562
208388.0,11264,0,4,10.5,100,52,NA,57.218,54.437,53.093,53.562
208495.0,11264,0,4,10.58,100,51,NA,57.531,54.25,53.093,53.343
208603.0,11264,0,4,10.58,100,52,NA,57.125,54.375,53.156,53.406
208713.0,11264,0,4,7.58,91,58,NA,57.312,54.281,53.093,53.375
208821.0,11264,0,4,9.08,100,56,NA,57.156,54.25,53.187,53.281
208929.0,11264,0,4,9.83,100,76,NA,57.312,54.406,53.25,53.281
209038.0,11264,0,4,9.67,100,99,NA,58.25,54.687,53.0,53.781
209148.0,11264,0,4,8.33,100,99,NA,58.5,55.218,53.093,54.062
209256.0,11264,0,4,8.92,81,99,NA,58.812,55.156,53.156,54.312
209366.0,11264,0,4,0.75,9,99,NA,59.218,55.437,53.343,54.406
209476.0,11264,0,4,9.0,90,23,NA,56.968,54.843,53.218,53.968
209584.0,11265,0,4,9.83,100,39,NA,57.5,54.718,53.437,53.687
209693.0,11265,0,4,9.83,100,44,NA,57.406,54.593,53.25,53.718
209800.0,11265,0,4,11.75,100,48,NA,57.468,54.656,53.312,53.562
209908.0,11265,0,4,9.75,100,46,NA,57.281,54.406,53.093,53.562
210016.0,11265,0,4,8.92,91,51,NA,57.218,54.437,53.281,53.5
210124.0,11265,0,4,9.08,100,54,NA,57.562,54.406,53.031,53.437
210232.0,11265,0,4,9.83,100,58,NA,57.343,54.437,53.187,53.468
210340.0,11265,0,4,11.17,100,59,NA,57.281,54.343,53.093,53.375
210449.0,11265,0,4,9.08,100,99,NA,57.437,54.5,53.218,53.625
210561.0,11265,0,4,9.58,100,99,NA,58.5,54.968,53.156,54.0
210669.0,11265,0,4,9.08,100,99,NA,58.75,55.156,53.156,54.343
210778.0,11265,0,4,3.0,27,99,NA,59.062,55.25,53.093,54.343
210887.0,11265,0,4,4.25,41,20,NA,57.25,55.125,53.281,54.156
210995.0,11265,0,4,12.25,100,30,NA,57.187,54.656,53.093,53.875
211104.0,11265,0,4,10.5,100,44,NA,57.343,54.812,53.25,53.718
211212.0,11265,0,4,8.33,100,48,NA,57.625,54.562,53.375,53.687
211319.0,11265,0,4,10.5,100,48,NA,57.187,54.531,53.187,53.562
211430.0,11265,0,4,10.33,100,53,NA,57.406,54.562,53.218,53.531
211537.0,11265,0,4,9.08,100,51,NA,57.312,54.468,53.156,53.468
211649.0,11265,0,4,9.0,100,50,NA,57.5,54.406,53.125,53.468
211756.0,11265,0,4,10.42,100,50,NA,57.187,54.343,53.156,53.406
211866.0,11265,0,4,8.33,91,88,NA,57.062,54.625,53.031,53.437
211975.0,11265,0,4,11.0,100,99,NA,58.406,54.906,53.125,53.968
212083.0,11265,0,4,9.0,100,99,NA,58.593,55.25,53.343,54.156
212193.0,11265,0,4,7.42,72,99,NA,58.812,55.218,53.156,54.375
212304.0,11265,0,4,0.75,9,99,NA,59.0,55.312,53.218,54.437
212412.0,11265,0,4,9.0,100,24,NA,57.125,54.843,53.25,54.031
212519.0,11265,0,4,9.17,100,41,NA,57.406,54.812,53.187,53.718
212628.0,11265,0,4,10.5,100,44,NA,57.406,54.656,53.218,53.718
212736.0,11265,0,4,9.08,100,46,NA,57.656,54.75,53.406,53.625
212845.0,11265,0,4,10.42,100,47,NA,57.25,54.562,53.281,53.656
212953.0,11265,0,4,9.0,100,51,NA,57.281,54.562,53.281,53.625
213063.0,11265,0,4,8.33,100,51,NA,57.312,54.468,53.125,53.5
213171.0,11265,0,4,9.92,100,61,NA,57.468,54.562,53.25,53.437
213279.0,11265,0,4,7.58,91,67,NA,57.343,54.375,53.125,53.406
213388.0,11265,0,4,9.08,100,99,NA,57.625,54.75,53.343,53.812
213495.0,11265,0,4,9.67,100,99,NA,58.468,54.968,53.156,54.093
213607.0,11265,0,4,10.42,100,99,NA,59.0,55.343,53.406,54.312
213714.0,11265,0,4,2.17,16,99,NA,58.968,55.218,53.125,54.406
213822.0,11265,0,4,7.17,54,20,NA,57.125,55.093,53.25,54.187
213930.0,11265,0,4,10.58,100,36,NA,57.5,54.718,53.156,53.843
214040.0,11265,0,4,9.17,100,43,NA,57.406,54.687,53.281,53.875
214148.0,11265,0,4,9.08,100,48,NA,57.343,54.656,53.156,53.687
214259.0,11265,0,4,9.0,100,51,NA,57.437,54.687,53.281,53.687
214367.0,11265,0,4,10.5,100,53,NA,57.625,54.5,53.25,53.531
214478.0,11265,0,4,9.67,100,51,NA,57.406,54.562,53.281,53.468
214585.0,11265,0,4,7.5,90,52,NA,57.312,54.406,53.218,53.468
214694.0,11265,0,4,9.67,100,58,NA,57.375,54.468,53.218,53.468
214802.0,11265,0,4,9.08,100,99,NA,57.406,54.718,53.156,53.468
214911.0,11266,0,4,9.75,100,99,NA,58.375,54.968,53.25,54.062
215019.0,11266,0,4,8.33,100,99,NA,58.75,55.125,53.406,54.187
215131.0,11266,0,4,10.08,61,99,NA,59.437,55.406,53.312,54.437
215241.0,11266,0,4,2.92,18,47,NA,58.093,55.218,53.218,54.437
215348.0,11266,0,4,9.83,100,21,NA,56.906,54.812,53.312,53.843
215455.0,11266,0,4,8.33,100,40,NA,57.312,54.875,53.187,53.781
215566.0,11266,0,4,12.33,100,50,NA,57.437,54.687,53.343,53.687
215672.0,11266,0,4,9.08,100,48,NA,57.437,54.812,53.406,53.593
215779.0,11266,0,4,9.08,100,51,NA,57.343,54.531,53.281,53.562
215886.0,11266,0,4,7.58,91,48,NA,57.5,54.5,53.343,53.625
215993.0,11266,0,4,9.08,100,58,NA,57.5,54.656,53.156,53.468
216103.0,11266,0,4,9.83,100,59,NA,57.343,54.406,53.343,53.468
216210.0,11266,0,4,9.08,100,61,NA,57.25,54.562,53.343,53.406
216318.0,11266,0,4,8.33,100,99,NA,57.437,54.625,53.218,53.687
216426.0,11266,0,4,9.75,100,99,NA,58.437,55.156,53.312,54.0
216536.0,11266,0,4,9.0,100,99,NA,59.031,55.187,53.218,54.25
216647.0,11266,0,4,4.83,33,99,NA,59.312,55.312,53.437,54.406
216753.0,11266,0,4,4.17,33,20,NA,57.125,55.156,53.25,54.281
216861.0,11266,0,4,10.42,100,23,NA,57.156,54.906,53.437,54.0
216970.0,11266,0,4,9.0,100,42,NA,57.343,54.781,53.281,53.812
217077.0,11266,0,4,12.08,100,51,NA,57.406,54.562,53.281,53.781
217186.0,11266,0,4,10.58,91,47,NA,57.906,54.531,53.25,53.625
217292.0,11266,0,4,9.0,100,51,NA,57.312,54.593,53.218,53.625
217399.0,11266,0,4,10.33,100,51,NA,57.5,54.656,53.406,53.625
217508.0,11266,0,4,9.08,100,56,NA,57.375,54.531,53.25,53.625
217616.0,11266,0,4,10.33,100,58,NA,57.312,54.5,53.312,53.5
217724.0,11266,0,4,9.08,100,68,NA,57.593,54.406,53.218,53.437
217831.0,11266,0,4,11.75,100,99,NA,58.031,54.75,53.25,53.906
217939.0,11266,0,4,10.33,100,99,NA,59.093,55.281,53.343,54.156
218046.0,11266,0,4,9.0,100,99,NA,59.375,55.312,53.218,54.343
218155.0,11266,0,4,2.75,16,99,NA,59.281,55.468,53.406,54.375
218263.0,11266,0,4,8.08,63,18,NA,57.093,55.031,53.281,54.156
218373.0,11266,0,4,11.0,100,35,NA,57.218,54.906,53.343,53.812
218480.0,11266,0,4,8.25,90,44,NA,57.437,54.656,53.281,53.843
218590.0,11266,0,4,9.83,100,47,NA,57.687,54.75,53.406,53.812
218696.0,11266,0,4,8.33,100,49,NA,57.812,54.906,53.156,53.687
218805.0,11266,0,4,10.5,100,52,NA,57.406,54.593,53.281,53.625
218913.0,11266,0,4,9.75,100,55,NA,57.5,54.718,53.5,53.625
219020.0,11266,0,4,8.33,100,55,NA,57.375,54.437,53.281,53.531
219129.0,11266,0,4,10.58,100,59,NA,57.562,54.656,53.343,53.468
219237.0,11266,0,4,7.58,91,99,NA,57.5,54.468,53.218,53.656
219345.0,11266,0,4,9.17,100,99,NA,58.343,55.125,53.375,54.125
219453.0,11266,0,4,9.83,100,99,NA,59.093,55.125,53.156,54.281
219559.0,11266,0,4,6.5,60,99,NA,59.281,55.406,53.25,54.468
219669.0,11266,0,4,1.5,9,83,NA,58.281,55.281,53.218,54.531
219778.0,11270,0,4,9.75,100,24,NA,57.25,54.937,53.375,54.0
219886.0,11270,0,4,9.08,100,46,NA,57.531,55.0,53.468,53.906
219993.0,11270,0,4,9.08,100,44,NA,57.406,54.75,53.312,53.781
220101.0,11270,0,4,11.92,100,48,NA,57.687,54.75,53.437,53.781
220211.0,11270,0,4,9.75,100,47,NA,57.625,54.562,53.312,53.687
220317.0,11270,0,4,10.33,100,51,NA,57.406,54.593,53.406,53.656
220426.0,11270,0,4,10.58,100,49,NA,57.375,54.593,53.187,53.562
220534.0,11270,0,4,9.17,100,59,NA,57.281,54.562,53.25,53.593
220642.0,11270,0,4,9.0,100,68,NA,57.5,54.656,53.5,53.468
220750.0,11270,0,4,9.0,91,99,NA,57.843,54.875,53.281,53.937
220860.0,11270,0,4,9.75,100,99,NA,58.906,55.25,53.468,54.218
220968.0,11270,0,4,9.83,100,99,NA,59.25,55.312,53.25,54.406
221076.0,11270,0,4,11.0,25,99,NA,59.468,55.437,53.468,54.625
221184.0,11270,0,4,7.92,70,19,NA,57.156,55.093,53.312,54.187
221293.0,11270,0,4,9.17,100,31,NA,57.343,54.906,53.468,53.875
221402.0,11270,0,4,9.67,90,46,NA,57.75,54.687,53.375,53.875
221512.0,11270,0,4,8.33,100,50,NA,57.437,54.812,53.437,53.75
221623.0,11270,0,4,10.5,100,47,NA,57.406,54.718,53.343,53.687
221730.0,11270,0,4,9.08,100,51,NA,57.531,54.656,53.406,53.562
221839.0,11270,0,4,9.0,100,51,NA,57.406,54.468,53.343,53.687
221947.0,11270,0,4,9.08,100,58,NA,57.375,54.625,53.406,53.687
222057.0,11270,0,4,9.67,100,58,NA,57.25,54.468,53.25,53.406
222166.0,11270,0,4,9.75,92,99,NA,57.406,54.531,53.406,53.531
222277.0,11270,0,4,9.67,100,99,NA,58.0,54.968,53.25,54.062
222388.0,11270,0,4,9.08,100,99,NA,59.281,55.156,53.187,54.25
222496.0,11270,0,4,5.25,63,99,NA,59.25,55.375,53.375,54.437
222605.0,11270,0,4,1.5,9,99,NA,58.406,55.531,53.312,54.5
222713.0,11270,0,4,11.17,100,19,NA,57.062,54.906,53.375,54.0
222824.0,11270,0,4,9.0,100,34,NA,57.281,54.781,53.281,53.812
222933.0,11270,0,4,9.83,100,44,NA,57.406,54.812,53.375,53.781
223042.0,11270,0,4,8.33,100,50,NA,57.625,54.875,53.343,53.75
223152.0,11270,0,4,10.5,100,51,NA,57.531,54.656,53.312,53.812
223261.0,11270,0,4,9.08,100,51,NA,57.312,54.5,53.25,53.656
223372.0,11270,0,4,10.42,100,54,NA,57.562,54.625,53.406,53.687
223481.0,11270,0,4,8.33,100,57,NA,57.375,54.5,53.312,53.5
223592.0,11270,0,4,10.92,100,60,NA,57.5,54.718,53.406,53.437
223701.0,11270,0,4,9.0,91,99,NA,57.593,54.625,53.375,53.687
223810.0,11270,0,4,10.5,100,99,NA,58.468,55.25,53.468,54.156
223923.0,11270,0,4,9.08,100,99,NA,58.906,55.375,53.312,54.406
224031.0,11270,0,4,3.25,30,99,NA,59.5,55.375,53.281,54.468
224138.0,11270,0,4,3.75,36,27,NA,57.312,55.25,53.375,54.437
224246.0,11270,0,4,9.75,100,30,NA,57.593,55.062,53.343,53.937
224356.0,11270,0,4,11.83,100,43,NA,57.5,54.906,53.406,53.812
224464.0,11270,0,4,9.08,100,47,NA,57.531,54.906,53.437,53.843
224574.0,11271,0,4,10.33,100,50,NA,57.437,54.687,53.406,53.75
224681.0,11271,0,4,9.0,100,47,NA,57.687,54.812,53.468,53.687
224791.0,11271,0,4,10.5,100,55,NA,57.468,54.562,53.406,53.656
224899.0,11271,0,4,9.08,100,53,NA,57.468,54.718,53.5,53.5
225009.0,11271,0,4,9.08,100,48,NA,57.25,54.468,53.375,53.593
225117.0,11271,0,4,8.92,90,67,NA,57.468,54.656,53.531,53.562
225226.0,11271,0,4,11.0,100,99,NA,58.343,54.968,53.375,54.156
225335.0,11271,0,4,8.33,100,99,NA,58.812,55.375,53.406,54.187
225444.0,11271,0,4,8.67,80,99,NA,59.5,55.437,53.312,54.468
225552.0,11271,0,4,2.0,16,99,NA,59.593,55.562,53.437,54.687
225659.0,11271,0,4,7.5,90,23,NA,57.468,55.0,53.312,54.125
225768.0,11271,0,4,9.0,100,46,NA,57.406,54.906,53.406,54.062
225876.0,11271,0,4,10.33,100,44,NA,57.781,54.906,53.312,53.937
225987.0,11271,0,4,10.25,100,46,NA,57.531,54.875,53.5,53.875
226095.0,11271,0,4,9.08,100,48,NA,57.531,54.687,53.406,53.781
226203.0,11271,0,4,10.42,100,52,NA,57.468,54.625,53.406,53.718
226311.0,11271,0,4,9.08,100,49,NA,57.656,54.781,53.312,53.625
226421.0,11271,0,4,8.33,100,57,NA,57.437,54.656,53.406,53.656
226529.0,11271,0,4,10.5,91,67,NA,57.312,54.656,53.593,53.562
226639.0,11271,0,4,8.33,100,99,NA,57.781,54.906,53.281,54.031
226750.0,11271,0,4,9.67,100,99,NA,58.906,55.281,53.312,54.218
226858.0,11271,0,4,10.58,100,99,NA,58.968,55.375,53.406,54.531
226966.0,11271,0,4,2.67,15,99,NA,59.343,55.468,53.343,54.593
227073.0,11271,0,4,5.0,60,16,NA,57.187,55.218,53.406,54.281
227184.0,11271,0,4,11.17,100,27,NA,57.187,54.843,53.375,54.0
227292.0,11271,0,4,10.67,100,44,NA,57.406,54.875,53.406,54.0
227401.0,11271,0,4,9.75,100,46,NA,57.843,54.906,53.375,53.843
227508.0,11271,0,4,10.58,100,48,NA,57.562,54.718,53.406,53.812
227618.0,11271,0,4,9.75,100,51,NA,57.625,54.812,53.531,53.718
227726.0,11271,0,4,9.58,91,51,NA,57.437,54.687,53.375,53.687
227836.0,11271,0,4,9.08,100,57,NA,57.625,54.781,53.531,53.531
227943.0,11271,0,4,9.75,100,57,NA,57.406,54.468,53.406,53.593
228053.0,11271,0,4,9.67,100,72,NA,57.625,54.718,53.406,53.593
228162.0,11271,0,4,10.58,100,99,NA,58.156,55.031,53.312,54.093
228269.0,11271,0,4,9.75,100,99,NA,59.437,55.343,53.468,54.281
228379.0,11271,0,4,8.08,72,99,NA,59.125,55.375,53.406,54.593
228490.0,11271,0,4,2.33,20,99,NA,58.968,55.625,53.406,54.531
228597.0,11271,0,4,9.08,100,20,NA,57.593,55.093,53.406,54.156
228705.0,11271,0,4,10.58,100,40,NA,57.375,55.031,53.5,54.0
228815.0,11271,0,4,11.17,100,44,NA,57.562,54.812,53.406,53.906
228924.0,11271,0,4,7.58,91,47,NA,57.75,54.906,53.531,53.812
229031.0,11271,0,4,9.83,100,47,NA,57.75,54.718,53.343,53.75
229139.0,11271,0,4,9.83,100,55,NA,57.593,54.718,53.437,53.75
229247.0,11271,0,4,8.33,100,52,NA,57.406,54.625,53.406,53.687
229356.0,11271,0,4,9.83,100,59,NA,57.375,54.718,53.406,53.625
229465.0,11271,0,4,10.33,100,61,NA,57.5,54.5,53.312,53.562
229573.0,11271,0,4,9.75,100,99,NA,57.468,54.687,53.406,53.75
229682.0,11271,0,4,9.0,100,99,NA,58.75,55.25,53.281,54.156
229791.0,11271,0,4,9.08,100,99,NA,58.906,55.406,53.437,54.437
229899.0,11271,0,4,3.25,30,99,NA,59.781,55.562,53.531,54.562
230006.0,11270,0,4,5.92,36,32,NA,57.718,55.375,53.343,54.375
230114.0,11270,0,4,9.83,100,30,NA,57.25,55.031,53.5,54.156
230222.0,11270,0,4,11.08,91,43,NA,57.937,54.906,53.343,54.031
230330.0,11270,0,4,10.92,100,46,NA,57.687,54.843,53.437,53.906
230439.0,11270,0,4,9.67,100,47,NA,57.531,54.718,53.375,53.843
230548.0,11270,0,4,9.0,100,48,NA,57.5,54.812,53.5,53.875
230657.0,11270,0,4,11.08,100,53,NA,57.781,54.625,53.406,53.718
230763.0,11270,0,4,10.33,100,55,NA,57.531,54.687,53.468,53.718
230873.0,11271,0,4,9.08,100,51,NA,57.593,54.875,53.562,53.625
230980.0,11271,0,4,8.83,90,74,NA,57.375,54.593,53.375,53.687
231089.0,11270,0,4,12.17,100,99,NA,58.0,55.125,53.468,54.187
231196.0,11270,0,4,9.0,100,99,NA,59.125,55.312,53.281,54.343
231305.0,11270,0,4,7.5,90,99,NA,59.25,55.437,53.5,54.656
231413.0,11270,0,4,2.25,9,99,NA,59.468,55.406,53.437,54.593
231520.0,11270,0,4,8.75,80,22,NA,57.312,55.156,53.437,54.218
231628.0,11270,0,4,9.08,100,39,NA,57.718,55.062,53.687,54.0
231736.0,11270,0,4,8.33,100,47,NA,57.562,55.0,53.406,53.875
231844.0,11270,0,4,10.58,100,51,NA,57.625,54.937,53.562,53.968
231954.0,11270,0,4,9.75,100,48,NA,57.562,54.875,53.406,53.75
232062.0,11270,0,4,9.08,100,51,NA,57.781,54.875,53.593,53.843
232172.0,11270,0,4,9.67,100,50,NA,57.531,54.625,53.437,53.687
232280.0,11270,0,4,9.08,100,53,NA,57.5,54.687,53.5,53.687
232391.0,11270,0,4,11.75,100,60,NA,57.406,54.593,53.343,53.687
232499.0,11270,0,4,9.67,90,99,NA,57.562,54.812,53.5,53.781
232608.0,11270,0,4,8.33,100,99,NA,58.937,55.218,53.406,54.312
232716.0,11270,0,4,9.67,100,99,NA,59.156,55.375,53.531,54.562
232825.0,11270,0,4,4.58,30,99,NA,59.531,55.468,53.406,54.562
232935.0,11270,0,4,4.5,36,24,NA,57.406,55.406,53.531,54.5
233043.0,11270,0,4,8.33,100,28,NA,57.218,55.031,53.468,54.093
233155.0,11270,0,4,9.75,100,46,NA,57.781,55.093,53.375,53.968
233263.0,11270,0,4,10.42,100,52,NA,57.656,54.843,53.5,53.875
233373.0,11270,0,4,9.0,100,47,NA,57.812,54.968,53.406,53.812
233481.0,11270,0,4,9.0,100,50,NA,57.656,54.781,53.437,53.781
233593.0,11270,0,4,9.67,100,52,NA,57.562,54.687,53.406,53.781
233701.0,11270,0,4,9.83,100,54,NA,57.531,54.656,53.531,53.687
233811.0,11270,0,4,9.67,100,50,NA,57.656,54.562,53.406,53.656
233918.0,11270,0,4,8.92,90,70,NA,57.437,54.562,53.5,53.687
234028.0,11270,0,4,10.42,100,99,NA,58.0,55.031,53.343,54.156
234136.0,11270,0,4,9.0,100,99,NA,58.75,55.25,53.406,54.468
234243.0,11270,0,4,8.92,81,99,NA,59.5,55.531,53.593,54.531
234354.0,11270,0,4,1.42,9,99,NA,59.437,55.656,53.5,54.75
234461.0,11270,0,4,9.75,90,29,NA,57.656,55.343,53.687,54.218
234572.0,11270,0,4,10.42,100,44,NA,57.687,55.062,53.531,54.156
234680.0,11270,0,4,8.33,100,44,NA,57.625,55.125,53.625,54.031
234791.0,11270,0,4,9.75,100,46,NA,57.718,54.906,53.406,53.906
234899.0,11270,0,4,11.83,100,47,NA,57.843,54.875,53.75,53.812
235010.0,11270,0,4,10.58,100,54,NA,57.656,54.812,53.468,53.875
235116.0,11270,0,4,9.83,100,53,NA,57.875,54.906,53.531,53.687
235225.0,11270,0,4,9.0,91,57,NA,57.468,54.718,53.406,53.718
235332.0,11270,0,4,9.08,100,66,NA,57.781,54.75,53.562,53.687
235440.0,11270,0,4,9.83,100,99,NA,57.687,54.906,53.406,54.062
235547.0,11270,0,4,9.83,100,99,NA,58.906,55.343,53.437,54.406
235656.0,11270,0,4,9.08,100,99,NA,58.937,55.406,53.375,54.531
235766.0,11270,0,4,2.75,16,99,NA,59.468,55.593,53.531,54.687
235874.0,11271,0,4,8.17,66,18,NA,57.406,55.25,53.5,54.343
235980.0,11271,0,4,9.08,100,30,NA,57.343,54.968,53.468,54.156
236089.0,11271,0,4,9.83,100,43,NA,57.937,55.125,53.593,54.062
236197.0,11271,0,4,10.42,100,48,NA,57.968,54.875,53.531,54.0
236305.0,11271,0,4,9.67,100,48,NA,57.75,54.906,53.593,54.031
236413.0,11271,0,4,9.67,100,51,NA,57.562,54.812,53.406,53.75
236521.0,11271,0,4,9.75,100,51,NA,57.593,54.687,53.5,53.843
236631.0,11271,0,4,9.67,92,50,NA,57.875,54.593,53.5,53.75
236738.0,11271,0,4,9.58,100,56,NA,57.625,54.625,53.406,53.687
236847.0,11271,0,4,9.0,100,76,NA,57.406,54.687,53.437,53.718
236955.0,11271,0,4,9.0,100,99,NA,58.0,54.937,53.437,54.156
237064.0,11271,0,4,9.75,100,99,NA,59.468,55.281,53.656,54.343
237173.0,11271,0,4,8.42,75,99,NA,59.531,55.5,53.468,54.656
237280.0,11271,0,4,2.0,16,99,NA,59.656,55.687,53.718,54.812
237390.0,11271,0,4,9.75,90,22,NA,57.343,55.125,53.562,54.281
237497.0,11271,0,4,10.67,100,39,NA,57.687,55.187,53.531,54.187
237604.0,11271,0,4,9.83,100,44,NA,57.843,54.937,53.593,54.062
237713.0,11271,0,4,9.83,100,47,NA,57.656,54.968,53.625,54.093
237821.0,11271,0,4,8.33,91,48,NA,57.593,54.875,53.406,53.843
237930.0,11271,0,4,8.33,100,54,NA,57.781,54.906,53.562,53.875
238038.0,11271,0,4,9.83,100,51,NA,57.625,54.906,53.406,53.812
238147.0,11271,0,4,9.08,100,58,NA,57.531,54.781,53.5,53.718
238255.0,11271,0,4,9.75,100,64,NA,57.843,54.75,53.687,53.718
238364.0,11271,0,4,9.08,100,99,NA,57.406,54.75,53.406,53.937
238471.0,11271,0,4,8.33,100,99,NA,58.531,55.25,53.593,54.375
238581.0,11271,0,4,11.0,100,99,NA,59.093,55.437,53.5,54.562
238691.0,11271,0,4,4.75,41,99,NA,59.343,55.75,53.656,54.625
238798.0,11271,0,4,4.33,36,25,NA,57.781,55.375,53.468,54.468
238907.0,11271,0,4,9.92,100,30,NA,57.406,55.218,53.718,54.218
239013.0,11271,0,4,9.0,90,45,NA,57.625,54.906,53.562,54.062
239121.0,11271,0,4,9.08,100,46,NA,57.718,55.0,53.531,54.156
239229.0,11271,0,4,9.75,100,47,NA,57.843,55.093,53.468,53.906
239336.0,11271,0,4,9.83,100,51,NA,57.906,54.875,53.437,53.843
239445.0,11271,0,4,8.33,100,51,NA,57.718,54.937,53.656,54.0
239552.0,11271,0,4,11.25,100,51,NA,57.562,54.718,53.406,53.75
239662.0,11271,0,4,9.83,100,51,NA,57.781,54.718,53.562,53.906
239768.0,11271,0,4,9.83,100,66,NA,57.687,54.75,53.406,53.687
239876.0,11271,0,4,9.0,90,99,NA,57.875,55.0,53.468,54.156
239983.0,11271,0,4,8.33,100,99,NA,58.875,55.437,53.656,54.406
240092.0,11271,0,4,8.33,100,99,NA,59.125,55.437,53.468,54.625
240200.0,11271,0,4,0.0,0,99,NA,59.437,55.781,53.593,54.906
240310.0,11270,0,4,9.83,75,16,NA,57.343,55.312,53.593,54.375
240417.0,11270,0,4,9.92,100,28,NA,57.312,55.093,53.5,54.125
240523.0,11270,0,4,10.5,100,44,NA,57.593,55.093,53.437,53.968
240633.0,11270,0,4,9.08,100,47,NA,57.843,54.906,53.593,54.031
240740.0,11270,0,4,10.42,100,53,NA,57.843,54.937,53.687,53.906
240849.0,11270,0,4,9.0,100,50,NA,57.656,54.75,53.437,53.906
240957.0,11270,0,4,9.08,100,50,NA,58.0,54.906,53.656,53.812
241067.0,11270,0,4,9.08,100,59,NA,57.625,54.656,53.593,53.781
241175.0,11270,0,4,10.42,100,56,NA,57.625,54.843,53.562,53.687
241285.0,11270,0,4,8.83,90,77,NA,57.5,54.781,53.406,53.718
241393.0,11270,0,4,9.67,100,99,NA,58.562,55.312,53.625,54.156
241503.0,11270,0,4,9.0,100,99,NA,58.687,55.375,53.531,54.437
241614.0,11270,0,4,9.08,75,99,NA,59.562,55.75,53.406,54.656
241721.0,11270,0,4,1.42,9,99,NA,59.562,55.656,53.531,54.812
241831.0,11270,0,4,8.92,90,24,NA,57.656,55.406,53.5,54.25
241939.0,11270,0,4,9.83,100,42,NA,57.687,55.062,53.531,54.187
242048.0,11270,0,4,9.0,100,46,NA,57.968,54.968,53.781,54.125
242156.0,11270,0,4,11.08,100,50,NA,57.593,54.906,53.593,54.093
242267.0,11270,0,4,9.08,100,47,NA,57.781,54.812,53.406,54.031
242374.0,11270,0,4,10.92,100,51,NA,57.656,54.875,53.531,53.937
242485.0,11270,0,4,8.33,100,50,NA,57.812,54.75,53.468,53.843
242593.0,11270,0,4,10.33,100,56,NA,57.718,54.718,53.562,53.843
242703.0,11270,0,4,9.0,100,66,NA,57.5,54.812,53.437,53.687
242811.0,11270,0,4,8.17,90,99,NA,58.093,55.093,53.531,54.25
242919.0,11270,0,4,11.08,100,99,NA,58.812,55.625,53.687,54.375
243029.0,11270,0,4,8.33,100,99,NA,59.281,55.625,53.5,54.75
243138.0,11270,0,4,1.33,8,99,NA,59.687,55.562,53.718,54.781
243246.0,11270,0,4,7.42,72,20,NA,57.406,55.343,53.562,54.437
243353.0,11270,0,4,9.83,100,33,NA,57.625,55.187,53.687,54.187
243464.0,11270,0,4,9.67,100,45,NA,57.718,55.156,53.531,54.156
243572.0,11270,0,4,8.33,100,46,NA,57.937,55.062,53.718,54.031
243683.0,11270,0,4,9.08,100,48,NA,57.75,54.906,53.531,53.968
243789.0,11270,0,4,9.08,100,51,NA,57.75,54.906,53.625,54.031
243899.0,11270,0,4,9.0,100,50,NA,57.562,54.812,53.531,53.937
244007.0,11270,0,4,10.42,100,57,NA,57.75,54.843,53.718,53.937
244117.0,11270,0,4,9.0,91,58,NA,57.593,54.656,53.531,53.75
244225.0,11270,0,4,8.33,100,99,NA,57.468,55.0,53.593,54.093
244335.0,11270,0,4,9.67,100,99,NA,58.812,55.375,53.531,54.406
244444.0,11270,0,4,10.5,100,99,NA,59.531,55.593,53.718,54.593
244552.0,11270,0,4,4.08,40,99,NA,59.468,55.625,53.562,54.781
244661.0,11270,0,4,2.92,27,21,NA,57.843,55.593,53.593,54.656
244768.0,11270,0,4,10.5,100,26,NA,57.656,55.187,53.562,54.187
244879.0,11270,0,4,9.83,100,42,NA,57.656,55.093,53.718,54.156
244987.0,11270,0,4,9.75,100,51,NA,57.656,55.0,53.531,54.125
245098.0,11270,0,4,9.75,100,47,NA,57.875,55.031,53.812,53.937
245206.0,11270,0,4,10.42,100,51,NA,57.687,54.875,53.5,53.968
245315.0,11270,0,4,9.08,100,51,NA,57.75,54.875,53.687,54.0
245422.0,11270,0,4,8.17,90,54,NA,57.656,54.781,53.5,53.843
245532.0,11270,0,4,9.08,100,61,NA,57.718,54.843,53.562,53.812
245639.0,11270,0,4,10.42,100,67,NA,57.718,54.75,53.437,53.812
245748.0,11270,0,4,9.83,100,99,NA,58.031,55.125,53.625,54.156
245856.0,11270,0,4,9.75,100,99,NA,59.187,55.656,53.718,54.5
245966.0,11270,0,4,9.67,100,99,NA,59.406,55.687,53.531,54.718
246078.0,11270,0,4,2.08,9,99,NA,59.281,55.562,53.562,54.812
246185.0,11270,0,4,8.08,70,17,NA,57.375,55.343,53.687,54.468
246293.0,11270,0,4,9.83,100,30,NA,57.625,54.937,53.562,54.156
246400.0,11270,0,4,9.67,100,44,NA,57.718,55.093,53.593,54.156
246510.0,11270,0,4,8.33,100,51,NA,57.687,55.187,53.593,54.093
246618.0,11270,0,4,10.33,100,47,NA,57.718,54.875,53.625,54.031
246726.0,11270,0,4,9.83,100,50,NA,57.875,55.031,53.781,53.937
246834.0,11270,0,4,9.0,91,50,NA,57.781,54.843,53.593,53.937
246943.0,11270,0,4,10.5,100,58,NA,57.625,54.875,53.687,53.875
247052.0,11270,0,4,9.75,100,57,NA,57.656,54.781,53.625,53.812
247160.0,11270,0,4,9.83,100,82,NA,57.687,54.843,53.562,53.937
247268.0,11270,0,4,11.75,100,99,NA,58.531,55.187,53.562,54.156
247380.0,11270,0,4,8.33,100,99,NA,59.25,55.5,53.718,54.437
247490.0,11270,0,4,5.83,70,99,NA,59.406,55.656,53.531,54.843
247598.0,11270,0,4,0.67,8,99,NA,59.5,55.75,53.75,54.968
247707.0,11270,0,4,11.0,100,22,NA,57.406,55.25,53.687,54.343
247814.0,11270,0,4,10.42,100,34,NA,57.75,55.187,53.687,54.187
247923.0,11270,0,4,9.08,100,44,NA,57.843,55.031,53.625,54.093
248031.0,11270,0,4,9.75,100,48,NA,57.718,55.0,53.656,54.062
248139.0,11270,0,4,9.08,91,49,NA,57.656,54.812,53.531,53.937
248249.0,11270,0,4,9.0,100,54,NA,57.781,54.906,53.625,53.968
248356.0,11270,0,4,9.0,100,52,NA,57.75,55.093,53.5,53.812
248467.0,11270,0,4,9.67,100,57,NA,57.687,54.843,53.625,53.906
248574.0,11270,0,4,9.83,100,61,NA,57.968,54.968,53.468,53.781
248686.0,11270,0,4,10.5,100,99,NA,57.593,54.968,53.687,54.093
248793.0,11270,0,4,10.67,100,99,NA,58.593,55.281,53.5,54.375
248901.0,11270,0,4,8.33,100,99,NA,59.437,55.531,53.562,54.656
249011.0,11270,0,4,3.75,36,99,NA,59.593,55.625,53.5,54.781
249120.0,11270,0,4,4.5,36,26,NA,57.906,55.562,53.625,54.625
249230.0,11270,0,4,11.83,100,29,NA,57.437,55.187,53.625,54.25
249337.0,11270,0,4,9.08,100,42,NA,57.687,55.156,53.656,54.156
249446.0,11270,0,4,7.58,91,49,NA,58.0,55.0,53.562,54.125
249554.0,11270,0,4,9.83,100,50,NA,57.781,55.062,53.656,54.031
249663.0,11270,0,4,10.42,100,55,NA,58.093,55.187,53.781,54.0
249771.0,11270,0,4,11.33,100,52,NA,57.687,54.843,53.593,53.937
249879.0,11270,0,4,8.33,100,52,NA,57.843,54.968,53.718,53.843
249987.0,11270,0,4,9.08,100,48,NA,57.625,54.75,53.625,53.843
250094.0,11270,0,4,10.42,100,81,NA,57.562,54.843,53.656,53.843
250202.0,11270,0,4,10.25,100,99,NA,58.468,55.25,53.5,54.281
250313.0,11270,0,4,8.33,100,99,NA,59.062,55.531,53.656,54.656
250422.0,11270,0,4,7.58,75,99,NA,59.781,55.718,53.531,54.687
250529.0,11270,0,4,1.5,9,99,NA,59.781,55.812,53.687,54.937
250636.0,11270,0,4,9.0,100,23,NA,57.843,55.406,53.781,54.343
250744.0,11270,0,4,8.25,91,42,NA,58.031,55.218,53.562,54.25
250851.0,11270,0,4,9.75,100,44,NA,57.937,55.093,53.687,54.312
250962.0,11270,0,4,10.42,100,47,NA,57.781,55.093,53.656,54.125
251070.0,11270,0,4,8.33,100,47,NA,57.968,55.156,53.75,54.156
251180.0,11270,0,4,11.08,100,50,NA,57.75,54.937,53.593,54.0
251288.0,11270,0,4,8.33,100,53,NA,57.75,54.937,53.718,54.031
251398.0,11270,0,4,9.08,100,56,NA,57.625,54.781,53.531,53.906
251505.0,11270,0,4,10.58,100,65,NA,57.812,54.75,53.687,53.906
251615.0,11270,0,4,9.0,91,99,NA,57.875,55.125,53.5,54.187
251722.0,11270,0,4,9.75,100,99,NA,58.718,55.406,53.75,54.593
251832.0,11270,0,4,10.25,100,99,NA,59.5,55.593,53.5,54.656
251941.0,11270,0,4,0.83,10,99,NA,59.437,55.687,53.781,54.906
252048.0,11270,0,4,7.5,54,18,NA,57.531,55.437,53.562,54.468
252156.0,11270,0,4,9.08,100,31,NA,57.5,55.187,53.687,54.281
252265.0,11270,0,4,9.92,100,47,NA,58.0,55.093,53.562,54.156
252372.0,11270,0,4,11.17,100,47,NA,57.812,55.0,53.593,54.187
252482.0,11270,0,4,11.17,100,47,NA,57.718,55.218,53.625,54.062
252590.0,11270,0,4,9.75,100,54,NA,57.781,54.968,53.593,53.937
252700.0,11270,0,4,8.33,100,53,NA,57.937,55.125,53.781,53.937
252808.0,11270,0,4,8.33,100,55,NA,57.718,54.937,53.625,53.906
252918.0,11270,0,4,10.5,100,56,NA,58.062,54.968,53.875,53.781
253027.0,11270,0,4,8.25,90,80,NA,57.687,54.906,53.625,54.0
253137.0,11270,0,4,9.08,100,99,NA,58.531,55.281,53.75,54.312
253245.0,11270,0,4,10.5,100,99,NA,59.156,55.562,53.593,54.593
253352.0,11270,0,4,8.08,70,99,NA,59.5,55.75,53.812,54.75
253461.0,11270,0,4,1.25,15,99,NA,59.375,55.75,53.625,54.812
253570.0,11270,0,4,9.75,100,23,NA,57.718,55.468,53.843,54.437
253681.0,11270,0,4,9.75,100,46,NA,57.75,55.187,53.718,54.218
253789.0,11270,0,4,9.08,100,44,NA,57.906,55.156,53.843,54.156
253899.0,11270,0,4,11.67,100,48,NA,57.843,55.031,53.625,54.093
254007.0,11270,0,4,9.08,100,48,NA,58.062,55.125,53.843,54.062
254117.0,11270,0,4,9.08,100,50,NA,57.75,54.906,53.687,53.968
254224.0,11270,0,4,8.33,100,52,NA,57.843,54.968,53.718,53.875
254333.0,11270,0,4,9.75,100,60,NA,57.718,54.843,53.687,53.875
254440.0,11270,0,4,9.08,91,66,NA,57.687,54.906,53.687,53.906
254551.0,11270,0,4,10.25,100,99,NA,57.875,55.031,53.531,54.125
254659.0,11270,0,4,10.5,100,99,NA,59.218,55.562,53.75,54.656
254767.0,11270,0,4,9.08,100,99,NA,59.562,55.656,53.687,54.75
254878.0,11270,0,4,3.58,9,99,NA,59.625,55.843,53.75,54.812
254984.0,11270,0,4,7.25,60,19,NA,57.812,55.5,53.656,54.5
255092.0,11270,0,4,9.08,100,33,NA,57.687,55.125,53.75,54.375
255201.0,11270,0,4,10.58,100,44,NA,57.875,55.187,53.593,54.218
255308.0,11270,0,4,9.75,100,43,NA,57.843,55.062,53.656,54.156
255417.0,11270,0,4,9.67,100,46,NA,58.031,55.218,53.75,54.031
255525.0,11270,0,4,9.75,100,51,NA,57.843,54.875,53.625,53.968
255634.0,11270,0,4,8.33,100,50,NA,58.031,55.031,53.781,53.937
255742.0,11270,0,4,8.33,91,54,NA,57.687,54.875,53.593,54.031
255850.0,11270,0,4,10.33,100,57,NA,57.843,54.906,53.687,53.906
255959.0,11270,0,4,10.5,100,99,NA,57.718,54.843,53.593,54.0
256067.0,11270,0,4,9.83,100,99,NA,58.625,55.406,53.687,54.5
256174.0,11270,0,4,9.0,100,99,NA,59.437,55.562,53.906,54.656
256283.0,11270,0,4,4.5,54,99,NA,59.562,55.781,53.687,54.812
256392.0,11270,0,4,2.92,18,71,NA,58.468,55.687,53.593,54.875
256502.0,11270,0,4,11.75,100,25,NA,57.406,55.281,53.812,54.406
256609.0,11270,0,4,9.17,100,41,NA,57.906,55.281,53.656,54.156
256718.0,11270,0,4,9.75,100,44,NA,57.781,55.062,53.687,54.187
256826.0,11270,0,4,10.58,100,48,NA,57.812,55.125,53.812,54.062
256934.0,11270,0,4,8.33,100,50,NA,57.75,55.031,53.718,54.0
257041.0,11270,0,4,7.58,91,51,NA,57.875,55.031,53.75,54.062
257150.0,11270,0,4,8.33,100,55,NA,58.031,54.906,53.593,53.937
257259.0,11270,0,4,11.17,100,58,NA,57.781,54.906,53.656,53.937
257366.0,11270,0,4,8.33,100,64,NA,57.718,55.0,53.625,53.781
257474.0,11270,0,4,9.08,100,99,NA,57.812,55.062,53.687,54.156
257581.0,11270,0,4,8.33,100,99,NA,58.968,55.531,53.718,54.375
257691.0,11270,0,4,9.67,100,99,NA,59.406,55.625,53.625,54.75
257803.0,11270,0,4,2.17,18,99,NA,59.437,55.687,53.656,54.875
257910.0,11270,0,4,6.67,54,18,NA,57.718,55.531,53.656,54.593
258017.0,11270,0,4,9.17,100,28,NA,57.562,55.312,53.875,54.187
258125.0,11270,0,4,10.67,100,45,NA,57.781,55.062,53.625,54.187
258232.0,11270,0,4,8.17,90,47,NA,57.843,55.187,53.75,54.187
258342.0,11270,0,4,10.5,100,48,NA,58.156,54.968,53.656,54.125
258450.0,11270,0,4,9.67,100,52,NA,57.812,55.093,53.718,54.093
258559.0,11270,0,4,9.08,100,55,NA,57.812,54.937,53.562,54.031
258667.0,11270,0,4,9.08,100,61,NA,57.687,55.0,53.687,54.031
258777.0,11270,0,4,10.42,100,49,NA,57.968,54.875,53.625,53.843
258885.0,11270,0,4,9.08,100,65,NA,57.718,54.875,53.656,53.906
258997.0,11270,0,4,8.33,100,99,NA,58.812,55.281,53.625,54.343
259106.0,11270,0,4,9.67,100,99,NA,59.281,55.656,53.781,54.718
259213.0,11270,0,4,9.17,83,99,NA,59.25,55.718,53.562,54.781
259323.0,11270,0,4,3.17,15,99,NA,59.562,55.812,53.812,55.031
259431.0,11270,0,4,8.33,90,24,NA,57.906,55.343,53.687,54.343
259541.0,11270,0,4,9.08,91,39,NA,57.75,55.343,53.75,54.312
259648.0,11270,0,4,9.17,100,44,NA,57.812,55.093,53.687,54.25
259758.0,11270,0,4,10.42,100,47,NA,57.781,55.156,53.718,54.187
259865.0,11270,0,4,9.08,100,46,NA,58.031,55.187,53.718,54.093
259972.0,11270,0,4,9.83,100,55,NA,58.062,54.906,53.781,54.062
260081.0,11270,0,4,9.67,100,54,NA,57.843,55.062,53.906,53.968
260189.0,11270,0,4,10.5,100,61,NA,57.75,54.875,53.687,54.0
260298.0,11270,0,4,10.42,100,58,NA,57.875,55.0,53.843,53.812
260406.0,11270,0,4,9.75,91,99,NA,57.968,54.937,53.625,54.093
260515.0,11270,0,4,9.08,100,99,NA,58.593,55.5,53.687,54.593
260623.0,11270,0,4,10.33,100,99,NA,59.406,55.593,53.593,54.75
260730.0,11270,0,4,5.75,40,99,NA,60.062,55.812,53.687,54.968
260840.0,11270,0,4,4.75,33,19,NA,57.687,55.562,53.718,54.687
260947.0,11270,0,4,10.5,100,21,NA,57.5,55.156,53.812,54.218
261055.0,11270,0,4,9.83,100,38,NA,57.593,55.281,53.875,54.156
261163.0,11270,0,4,9.83,100,47,NA,57.812,55.093,53.687,54.156
261270.0,11270,0,4,9.75,100,47,NA,57.906,55.218,53.781,54.156
261379.0,11270,0,4,9.75,100,54,NA,57.843,54.968,53.687,54.156
261487.0,11270,0,4,9.67,100,53,NA,57.875,55.031,53.687,54.156
261597.0,11270,0,4,9.75,100,56,NA,58.156,54.906,53.687,54.0
261703.0,11270,0,4,9.0,100,55,NA,57.875,54.812,53.656,53.968
261813.0,11270,0,4,9.67,100,67,NA,57.875,54.875,53.593,53.875
261920.0,11270,0,4,9.75,90,99,NA,57.812,55.062,53.625,54.187
262029.0,11270,0,4,9.75,100,99,NA,59.125,55.625,53.781,54.5
262137.0,11270,0,4,9.08,100,99,NA,59.125,55.656,53.718,54.718
262244.0,11270,0,4,3.08,20,99,NA,59.312,55.875,53.75,55.031
262353.0,11270,0,4,5.25,45,19,NA,57.531,55.5,53.781,54.656
262462.0,11270,0,4,10.5,100,30,NA,57.718,55.375,53.875,54.375
262570.0,11270,0,4,11.17,100,44,NA,58.0,55.125,53.687,54.156
262679.0,11270,0,4,9.08,100,47,NA,57.906,55.156,53.781,54.156
262787.0,11270,0,4,9.08,100,49,NA,57.875,55.093,53.687,54.093
262898.0,11270,0,4,10.5,100,55,NA,57.937,55.0,53.718,54.125
263006.0,11270,0,4,9.83,100,51,NA,58.062,54.906,53.625,54.062
263115.0,11270,0,4,8.33,100,53,NA,57.781,54.937,53.718,54.0
263223.0,11270,0,4,8.92,91,48,NA,58.156,54.906,53.625,53.906
263332.0,11270,0,4,9.08,100,67,NA,57.843,54.906,53.75,53.968
263441.0,11270,0,4,10.5,100,99,NA,58.781,55.312,53.593,54.343
263548.0,11270,0,4,9.75,100,99,NA,58.781,55.625,53.687,54.656
263660.0,11270,0,4,6.67,80,99,NA,59.562,55.687,53.625,54.812
263769.0,11270,0,4,2.83,9,99,NA,59.656,55.843,53.718,55.031
263877.0,11270,0,4,8.25,90,19,NA,57.531,55.562,53.625,54.343
263985.0,11270,0,4,9.08,100,35,NA,57.5,55.187,53.75,54.25
264094.0,11270,0,4,11.75,100,43,NA,58.0,55.093,53.718,54.156
264202.0,11270,0,4,9.08,100,50,NA,57.812,55.125,53.75,54.156
264313.0,11270,0,4,8.33,100,51,NA,58.312,55.062,53.656,54.062
264421.0,11270,0,4,9.08,100,56,NA,57.875,55.062,53.687,54.125
264531.0,11270,0,4,9.0,100,53,NA,57.781,54.906,53.656,54.0
264639.0,11270,0,4,9.67,91,58,NA,57.718,54.906,53.718,53.937
264749.0,11270,0,4,10.5,100,60,NA,58.031,54.906,53.593,53.937
264858.0,11270,0,4,9.08,100,99,NA,57.718,54.937,53.718,53.968
264967.0,11270,0,4,9.75,100,99,NA,58.625,55.562,53.593,54.468
265075.0,11270,0,4,8.33,100,99,NA,59.125,55.593,53.656,54.718
265183.0,11270,0,4,5.67,50,99,NA,59.437,55.781,53.937,54.781
265293.0,11270,0,4,3.08,20,38,NA,58.0,55.687,53.75,54.781
265402.0,11270,0,4,9.67,100,21,NA,57.875,55.312,53.75,54.312
265512.0,11270,0,4,11.83,100,40,NA,57.656,55.187,53.781,54.218
265620.0,11270,0,4,9.92,100,47,NA,57.875,55.281,53.625,54.156
265730.0,11270,0,4,8.33,91,48,NA,57.875,55.093,53.687,54.156
265837.0,11270,0,4,8.33,100,53,NA,58.093,55.218,53.593,53.968
265944.0,11270,0,4,10.33,100,50,NA,58.187,54.906,53.656,54.0
266054.0,11270,0,4,11.33,100,59,NA,57.906,55.031,53.937,53.906
266162.0,11270,0,4,9.0,100,59,NA,57.75,54.906,53.687,53.937
266271.0,11270,0,4,11.17,100,66,NA,57.906,55.031,53.906,53.781
266379.0,11270,0,4,9.0,100,99,NA,57.968,55.125,53.593,54.156
266488.0,11271,0,4,11.42,100,99,NA,58.625,55.5,53.75,54.562
266596.0,11271,0,4,8.33,100,99,NA,59.468,55.625,53.656,54.687
266704.0,11271,0,4,3.5,33,99,NA,59.468,55.781,53.843,54.937
266814.0,11271,0,4,4.58,40,17,NA,57.781,55.531,53.656,54.593
266921.0,11271,0,4,10.42,100,24,NA,57.437,55.25,53.812,54.312
267031.0,11271,0,4,10.42,90,42,NA,58.156,55.156,53.718,54.156
267138.0,11271,0,4,9.08,100,50,NA,57.906,55.125,53.718,54.218
267249.0,11271,0,4,9.0,100,48,NA,57.875,54.968,53.718,54.125
267357.0,11271,0,4,8.33,100,53,NA,57.812,55.031,53.718,54.093
267466.0,11271,0,4,9.75,100,51,NA,58.093,55.031,53.562,53.968
267573.0,11271,0,4,9.08,100,56,NA,57.843,54.937,53.75,53.968
267680.0,11271,0,4,9.17,100,60,NA,57.75,55.031,53.812,53.812
267790.0,11271,0,4,10.33,100,66,NA,57.75,54.906,53.687,53.906
267897.0,11271,0,4,9.5,90,99,NA,57.968,55.25,53.75,54.312
268006.0,11271,0,4,9.75,100,99,NA,59.218,55.5,53.656,54.562
268115.0,11271,0,4,9.67,100,99,NA,59.156,55.75,53.718,54.843
268224.0,11271,0,4,2.67,16,99,NA,59.531,55.812,53.687,54.906
268333.0,11271,0,4,6.25,66,21,NA,57.843,55.531,53.812,54.656
268440.0,11271,0,4,9.0,100,40,NA,57.968,55.25,53.687,54.281
268549.0,11271,0,4,8.33,100,43,NA,57.843,55.218,53.718,54.312
268657.0,11271,0,4,10.58,100,44,NA,58.218,55.062,53.75,54.125
268766.0,11271,0,4,9.08,100,48,NA,57.906,55.093,53.781,54.187
268874.0,11271,0,4,9.83,100,54,NA,57.968,55.187,53.843,54.062
268981.0,11271,0,4,9.83,100,52,NA,57.906,54.968,53.687,54.0
269090.0,11271,0,4,9.83,100,55,NA,58.0,55.062,53.906,53.906
269200.0,11271,0,4,9.08,100,59,NA,58.125,54.968,53.625,53.937
269309.0,11271,0,4,10.33,91,99,NA,57.875,55.125,53.781,54.031
269417.0,11271,0,4,8.33,100,99,NA,59.125,55.468,53.656,54.531
269524.0,11271,0,4,9.08,100,99,NA,59.468,55.718,53.75,54.812
269634.0,11271,0,4,3.33,40,99,NA,60.062,55.781,53.656,55.0
269742.0,11271,0,4,4.58,38,24,NA,57.937,55.75,53.781,54.875
269851.0,11271,0,4,12.67,100,22,NA,57.687,55.312,53.75,54.343
269958.0,11271,0,4,9.83,100,44,NA,57.843,55.218,53.718,54.312
270068.0,11271,0,4,10.33,100,51,NA,57.968,55.125,53.687,54.156
270175.0,11271,0,4,9.75,100,47,NA,57.968,55.062,53.75,54.156
270283.0,11271,0,4,8.33,100,50,NA,57.906,55.281,53.875,54.093
270391.0,11271,0,4,9.75,100,50,NA,57.812,54.937,53.625,54.031
270499.0,11271,0,4,8.33,100,54,NA,57.968,55.093,53.875,54.0
270609.0,11271,0,4,9.0,100,57,NA,57.812,54.906,53.718,54.031
270716.0,11271,0,4,10.42,100,66,NA,57.812,54.968,53.718,54.062
270826.0,11271,0,4,8.17,90,99,NA,58.093,55.156,53.687,54.218
270932.0,11271,0,4,11.0,100,99,NA,59.031,55.531,53.75,54.687
271040.0,11271,0,4,9.08,100,99,NA,59.187,55.843,53.625,54.781
271150.0,11271,0,4,2.17,9,99,NA,59.687,55.843,53.781,55.0
271258.0,11271,0,4,6.67,63,15,NA,57.875,55.656,53.937,54.531
271365.0,11271,0,4,10.42,100,27,NA,57.5,55.218,53.718,54.312
271474.0,11271,0,4,9.83,100,43,NA,57.937,55.25,53.906,54.187
271581.0,11271,0,4,9.08,100,49,NA,57.906,55.156,53.781,54.187
271690.0,11271,0,4,11.0,100,55,NA,57.875,55.062,53.812,54.156
271796.0,11271,0,4,9.75,100,53,NA,58.156,54.906,53.718,54.031
271904.0,11271,0,4,9.0,100,54,NA,57.875,54.906,53.75,54.0
272011.0,11271,0,4,8.25,90,60,NA,58.093,55.062,53.843,53.843
272117.0,11271,0,4,9.83,100,50,NA,57.843,54.875,53.656,53.812
272227.0,11271,0,4,11.75,100,68,NA,57.812,55.0,53.75,54.0
272334.0,11271,0,4,8.33,100,99,NA,58.218,55.312,53.625,54.406
272443.0,11271,0,4,9.08,100,99,NA,59.0,55.531,53.718,54.687
272550.0,11271,0,4,8.92,90,99,NA,59.5,55.812,53.687,54.75
272658.0,11271,0,4,1.42,9,99,NA,59.812,55.843,53.718,54.875
272768.0,11271,0,4,6.92,75,20,NA,57.812,55.5,53.875,54.593
272876.0,11272,0,4,9.0,100,36,NA,57.781,55.281,53.75,54.343
272985.0,11272,0,4,10.58,100,44,NA,57.937,55.187,53.906,54.218
273091.0,11272,0,4,9.08,100,47,NA,57.937,55.093,53.625,54.218
273198.0,11272,0,4,9.08,100,46,NA,58.0,55.093,53.843,54.156
273307.0,11272,0,4,9.83,100,55,NA,58.093,55.218,53.718,54.0
273414.0,11272,0,4,8.25,90,52,NA,58.156,54.906,53.656,54.093
273524.0,11272,0,4,9.0,100,57,NA,57.937,55.093,53.875,53.968
273633.0,11272,0,4,9.67,100,58,NA,57.718,54.968,53.718,53.906
273745.0,11272,0,4,9.08,100,99,NA,57.937,55.0,53.625,54.093
273853.0,11272,0,4,9.08,100,99,NA,58.656,55.468,53.687,54.531
273961.0,11272,0,4,9.08,100,99,NA,59.312,55.625,53.875,54.781
274071.0,11272,0,4,5.83,45,99,NA,59.531,55.812,53.75,55.0
274180.0,11272,0,4,5.33,27,44,NA,58.125,55.718,53.718,54.906
274288.0,11272,0,4,9.67,100,32,NA,57.687,55.375,53.812,54.406
274396.0,11272,0,4,9.0,100,42,NA,58.218,55.375,53.718,54.312
274506.0,11272,0,4,10.5,100,47,NA,57.937,55.25,53.812,54.312
274616.0,11272,0,4,9.75,91,48,NA,57.937,55.125,53.781,54.125
274723.0,11272,0,4,9.75,100,51,NA,57.968,55.093,53.781,54.187
274831.0,11272,0,4,9.75,100,53,NA,57.937,55.156,53.937,54.062
274940.0,11272,0,4,9.83,100,51,NA,57.843,54.968,53.718,54.031
275048.0,11272,0,4,9.08,100,49,NA,57.875,54.968,53.875,54.062
275158.0,11272,0,4,9.75,100,78,NA,57.781,54.937,53.656,54.062
275266.0,11272,0,4,8.33,100,99,NA,58.875,55.406,53.843,54.437
275373.0,11272,0,4,9.75,100,99,NA,59.531,55.687,53.687,54.656
275484.0,11272,0,4,8.33,75,99,NA,59.968,55.875,53.937,55.0
275592.0,11272,0,4,0.0,0,99,NA,59.843,55.875,53.781,54.906
275701.0,11272,0,4,9.58,90,20,NA,57.656,55.437,53.812,54.531
275810.0,11272,0,4,12.0,100,33,NA,57.562,55.281,53.781,54.343
275918.0,11272,0,4,9.75,100,44,NA,57.812,55.25,53.812,54.312
276025.0,11272,0,4,8.92,91,50,NA,58.125,55.093,53.718,54.156
276135.0,11272,0,4,11.67,100,51,NA,57.937,55.093,53.75,54.25
276243.0,11272,0,4,10.42,100,54,NA,57.843,55.281,53.687,54.125
276352.0,11272,0,4,11.92,100,50,NA,57.906,55.093,53.75,54.062
276460.0,11272,0,4,11.17,100,57,NA,58.031,55.156,53.937,54.031
276570.0,11272,0,4,9.08,100,59,NA,57.875,54.906,53.718,53.968
276679.0,11272,0,4,9.67,100,99,NA,58.187,55.0,53.625,54.062
276786.0,11272,0,4,9.08,100,99,NA,58.593,55.406,53.687,54.531
276894.0,11272,0,4,9.08,100,99,NA,59.625,55.843,53.843,54.656
277001.0,11272,0,4,3.75,45,99,NA,59.718,55.781,53.718,54.968
277111.0,11272,0,4,3.0,27,99,NA,58.218,55.875,53.875,54.968
277217.0,11272,0,4,10.58,100,25,NA,57.937,55.375,53.718,54.406
277324.0,11272,0,4,8.33,91,43,NA,57.812,55.312,53.75,54.218
277432.0,11272,0,4,9.83,100,43,NA,57.968,55.375,53.937,54.156
277540.0,11272,0,4,8.33,100,47,NA,58.062,55.187,53.718,54.156
277650.0,11272,0,4,11.67,100,50,NA,58.156,55.187,53.875,54.062
277757.0,11272,0,4,8.33,100,53,NA,58.125,55.062,53.718,54.093
277867.0,11272,0,4,9.08,100,55,NA,57.968,55.093,53.875,54.125
277974.0,11272,0,4,9.0,100,56,NA,57.843,54.937,53.75,54.031
278084.0,11272,0,4,10.42,100,66,NA,57.968,54.968,53.875,54.093
278192.0,11272,0,4,7.5,90,99,NA,58.375,55.25,53.656,54.25
278301.0,11272,0,4,9.67,100,99,NA,58.937,55.625,53.75,54.687
278409.0,11272,0,4,10.58,100,99,NA,60.031,55.687,53.75,54.75
278518.0,11272,0,4,4.25,18,99,NA,59.812,55.937,53.812,55.062
278628.0,11272,0,4,4.5,54,19,NA,57.843,55.5,53.656,54.687
278735.0,11272,0,4,9.83,100,30,NA,57.625,55.375,53.812,54.406
278842.0,11272,0,4,10.5,100,45,NA,58.375,55.468,53.906,54.281
278950.0,11272,0,4,9.83,100,49,NA,57.937,55.156,53.75,54.312
279057.0,11272,0,4,9.83,100,49,NA,58.125,55.25,53.875,54.218
279167.0,11272,0,4,9.0,100,53,NA,57.937,55.125,53.75,54.125
279273.0,11272,0,4,9.08,100,51,NA,57.906,55.093,53.812,54.156
279384.0,11272,0,4,10.5,100,52,NA,58.218,55.031,53.718,54.062
279491.0,11272,0,4,9.0,100,57,NA,57.875,54.968,53.812,54.125
279597.0,11272,0,4,8.33,90,86,NA,57.906,55.187,53.937,54.031
279706.0,11272,0,4,10.33,100,99,NA,58.468,55.343,53.687,54.437
279813.0,11272,0,4,10.5,100,99,NA,59.281,55.687,53.875,54.687
279920.0,11272,0,4,7.33,80,99,NA,59.937,55.781,53.781,54.906
280032.0,11272,0,4,3.33,15,99,NA,59.718,55.968,53.875,55.062
280139.0,11272,0,4,9.75,90,21,NA,57.656,55.468,53.718,54.5
280249.0,11272,0,4,13.08,100,38,NA,57.968,55.375,53.875,54.437
280356.0,11272,0,4,9.67,100,48,NA,58.343,55.468,53.687,54.312
280464.0,11272,0,4,8.33,100,49,NA,58.0,55.156,53.843,54.218
280571.0,11272,0,4,9.08,100,47,NA,58.062,55.25,53.937,54.093
280679.0,11272,0,4,9.83,100,53,NA,57.906,55.031,53.75,54.093
280788.0,11272,0,4,9.75,100,51,NA,58.156,55.218,53.906,54.062
280895.0,11272,0,4,9.92,100,61,NA,58.187,54.906,53.812,54.062
281006.0,11272,0,4,10.5,100,58,NA,57.906,55.093,53.843,54.125
281113.0,11272,0,4,8.33,91,99,NA,57.843,55.187,53.687,54.25
281222.0,11272,0,4,11.0,100,99,NA,59.281,55.531,53.843,54.656
281329.0,11272,0,4,9.75,100,99,NA,59.562,55.656,53.812,54.875
281440.0,11272,0,4,4.25,36,99,NA,60.093,55.968,53.812,55.062
281550.0,11272,0,4,5.75,36,23,NA,57.718,55.75,53.781,54.875
281657.0,11272,0,4,9.83,100,26,NA,57.781,55.406,53.906,54.437
281763.0,11272,0,4,9.83,100,43,NA,57.906,55.437,53.968,54.25
281872.0,11272,0,4,9.08,100,51,NA,57.937,55.25,53.812,54.25
281979.0,11272,0,4,9.08,100,50,NA,58.093,55.218,53.906,54.25
282086.0,11272,0,4,9.17,100,55,NA,57.875,55.0,53.781,54.187
282193.0,11272,0,4,10.33,100,52,NA,57.875,54.968,53.875,54.125
282300.0,11272,0,4,8.33,100,52,NA,58.093,55.218,53.968,54.062
282409.0,11272,0,4,9.67,100,55,NA,57.843,55.0,53.75,54.093
282516.0,11272,0,4,8.83,90,65,NA,57.843,54.906,53.843,54.062
282626.0,11272,0,4,10.42,100,99,NA,58.031,55.25,53.718,54.25
282733.0,11272,0,4,9.67,100,99,NA,59.093,55.687,53.812,54.656
282842.0,11272,0,4,11.17,100,99,NA,59.843,55.781,53.812,54.937
282953.0,11272,0,4,3.17,20,99,NA,59.843,55.968,53.875,55.031
283062.0,11272,0,4,5.75,61,20,NA,58.031,55.593,53.843,54.718
283172.0,11272,0,4,11.17,100,34,NA,57.781,55.5,53.968,54.343
283279.0,11272,0,4,9.17,100,44,NA,57.968,55.343,53.812,54.343
283388.0,11272,0,4,10.42,100,45,NA,58.156,55.343,54.0,54.375
283494.0,11272,0,4,9.67,100,47,NA,58.218,55.156,53.781,54.218
283602.0,11272,0,4,9.83,100,54,NA,57.968,55.125,53.812,54.187
283711.0,11272,0,4,8.33,100,52,NA,58.031,55.25,53.906,54.156
283819.0,11272,0,4,8.33,100,50,NA,57.875,55.093,53.75,54.125
283929.0,11272,0,4,9.0,100,59,NA,57.937,54.968,53.906,54.031
284038.0,11272,0,4,8.83,90,97,NA,57.843,55.187,53.812,54.187
284146.0,11272,0,4,10.42,100,99,NA,59.218,55.656,53.843,54.531
284255.0,11272,0,4,9.08,100,99,NA,59.5,55.812,53.75,54.812
284364.0,11272,0,4,5.25,54,99,NA,59.718,55.968,53.937,55.031
284472.0,11272,0,4,3.83,18,99,NA,58.531,55.812,53.812,55.031
284579.0,11272,0,4,11.17,100,22,NA,57.656,55.468,53.875,54.437
284689.0,11272,0,4,10.5,100,38,NA,58.281,55.25,53.843,54.343
284797.0,11272,0,4,10.42,100,48,NA,57.968,55.281,53.875,54.375
284908.0,11272,0,4,9.75,100,46,NA,57.875,55.156,53.812,54.25
285016.0,11272,0,4,10.42,100,51,NA,58.125,55.156,53.937,54.218
285128.0,11272,0,4,9.0,100,51,NA,57.937,55.062,53.843,54.125
285235.0,11272,0,4,9.08,100,58,NA,57.937,55.156,53.875,54.187
285345.0,11272,0,4,9.08,100,57,NA,57.875,54.906,53.875,54.125
285453.0,11272,0,4,9.0,91,60,NA,57.937,55.093,53.906,54.125
285565.0,11272,0,4,9.67,100,99,NA,58.0,55.187,53.75,54.312
285673.0,11272,0,4,9.0,100,99,NA,58.937,55.625,53.687,54.593
285781.0,11272,0,4,10.5,100,99,NA,59.875,55.718,53.812,54.875
285892.0,11272,0,4,3.58,27,99,NA,59.781,55.875,53.718,54.968
286000.0,11272,0,4,3.75,45,20,NA,57.718,55.656,53.812,54.812
286110.0,11272,0,4,9.75,100,29,NA,57.875,55.343,53.781,54.343
286217.0,11272,0,4,12.08,100,43,NA,57.968,55.343,53.875,54.343
286325.0,11272,0,4,10.42,100,52,NA,58.093,55.375,53.968,54.281
286433.0,11272,0,4,9.25,100,49,NA,57.906,55.125,53.781,54.218
286539.0,11272,0,4,9.75,100,54,NA,58.0,55.156,53.812,54.125
286648.0,11272,0,4,10.25,90,52,NA,58.031,55.093,53.781,54.156
286756.0,11272,0,4,11.08,100,57,NA,57.906,55.125,53.812,54.125
286866.0,11272,0,4,9.0,100,49,NA,58.218,54.937,53.781,54.031
286973.0,11272,0,4,8.33,100,66,NA,57.906,55.0,53.812,54.062
287083.0,11273,0,4,9.83,100,99,NA,58.312,55.343,53.75,54.343
287190.0,11273,0,4,10.5,100,99,NA,59.093,55.562,53.812,54.781
287299.0,11273,0,4,8.92,90,99,NA,59.593,56.0,53.968,54.937
287407.0,11273,0,4,1.5,9,99,NA,60.062,55.906,53.843,55.125
287514.0,11273,0,4,6.92,83,20,NA,57.843,55.625,53.937,54.656
287622.0,11273,0,4,9.83,100,32,NA,57.781,55.343,53.781,54.375
287731.0,11273,0,4,10.58,100,47,NA,58.031,55.281,53.875,54.281
287838.0,11273,0,4,9.08,100,48,NA,58.281,55.312,53.781,54.187
287949.0,11273,0,4,8.75,90,46,NA,58.0,55.25,53.875,54.281
288056.0,11273,0,4,9.83,100,54,NA,58.0,55.312,54.0,54.187
288167.0,11273,0,4,10.5,100,53,NA,57.875,55.062,53.843,54.156
288274.0,11273,0,4,8.33,100,58,NA,58.031,54.937,53.968,54.093
288382.0,11273,0,4,9.67,100,57,NA,57.906,55.062,53.781,54.031
288490.0,11273,0,4,8.33,100,99,NA,57.875,55.093,53.875,54.218
288598.0,11273,0,4,11.25,100,99,NA,58.968,55.437,53.812,54.531
288706.0,11273,0,4,9.75,100,99,NA,59.218,55.718,53.875,54.968
288817.0,11273,0,4,6.25,58,99,NA,59.781,55.875,53.812,55.0
288924.0,11273,0,4,2.17,16,98,NA,58.656,55.906,53.937,55.031
289036.0,11273,0,4,9.75,100,19,NA,57.781,55.437,53.812,54.468
289143.0,11273,0,4,9.67,100,36,NA,57.781,55.343,53.875,54.312
289254.0,11273,0,4,9.75,100,47,NA,57.843,55.25,53.843,54.25
289362.0,11273,0,4,9.0,90,47,NA,58.125,55.312,53.875,54.218
289475.0,11273,0,4,9.0,100,54,NA,57.937,55.156,53.812,54.218
289583.0,11273,0,4,9.75,100,50,NA,58.25,54.968,54.062,54.125
289693.0,11273,0,4,11.25,100,57,NA,57.937,55.093,53.843,54.093
289801.0,11273,0,4,9.08,100,55,NA,57.937,54.906,53.75,54.0
289908.0,11273,0,4,9.83,100,60,NA,57.843,54.906,53.843,53.968
290017.0,11273,0,4,9.08,100,99,NA,58.031,55.312,53.968,54.156
290125.0,11273,0,4,9.75,91,99,NA,59.343,55.5,53.75,54.656
290232.0,11273,0,4,8.33,100,99,NA,59.625,55.812,53.843,54.968
290342.0,11273,0,4,6.67,45,99,NA,59.531,55.875,53.843,55.031
290450.0,11273,0,4,4.08,30,25,NA,58.0,55.812,53.937,55.031
290558.0,11273,0,4,10.5,92,25,NA,57.906,55.375,53.812,54.468
290666.0,11273,0,4,9.08,100,44,NA,57.937,55.281,53.843,54.406
290776.0,11273,0,4,11.0,100,49,NA,57.968,55.25,53.875,54.25
290884.0,11273,0,4,8.33,100,48,NA,57.937,55.218,53.875,54.218
290993.0,11273,0,4,9.75,100,46,NA,58.218,55.187,53.875,54.187
291100.0,11273,0,4,9.08,100,51,NA,57.906,55.218,53.812,54.125
291209.0,11273,0,4,11.25,100,51,NA,58.218,55.062,53.968,54.093
291317.0,11273,0,4,9.08,100,49,NA,57.875,54.968,53.812,54.093
291427.0,11272,0,4,9.75,91,59,NA,57.937,55.25,53.781,54.093
291535.0,11272,0,4,8.33,100,99,NA,58.531,55.375,53.781,54.406
291645.0,11272,0,4,9.0,100,99,NA,59.468,55.781,53.875,54.718
291753.0,11272,0,4,9.08,100,99,NA,59.718,55.812,53.843,54.843
291861.0,11272,0,4,1.42,9,99,NA,59.781,56.125,53.875,55.062
291972.0,11272,0,4,8.83,75,22,NA,57.625,55.562,53.843,54.687
292080.0,11272,0,4,10.58,100,33,NA,57.937,55.468,54.031,54.437
292190.0,11272,0,4,9.83,100,45,NA,58.031,55.375,53.875,54.343
292298.0,11272,0,4,9.08,100,47,NA,57.968,55.375,53.875,54.375
292408.0,11272,0,4,9.67,100,47,NA,58.062,55.218,53.875,54.25
292516.0,11272,0,4,8.33,100,54,NA,58.125,55.281,53.968,54.156
292625.0,11272,0,4,9.08,100,52,NA,57.906,55.093,53.812,54.125
292733.0,11272,0,4,9.75,100,62,NA,58.125,55.156,53.906,54.156
292844.0,11272,0,4,8.33,91,58,NA,57.937,55.062,53.843,54.125
292952.0,11272,0,4,9.0,100,99,NA,57.875,55.218,54.0,54.187
293063.0,11272,0,4,9.0,100,99,NA,58.75,55.656,53.843,54.656
293172.0,11272,0,4,9.67,100,99,NA,59.5,56.0,53.781,54.875
293281.0,11272,0,4,5.17,36,99,NA,59.593,55.937,53.875,55.125
293390.0,11272,0,4,3.25,30,25,NA,58.0,55.75,54.062,54.906
293497.0,11272,0,4,11.33,100,25,NA,57.625,55.437,53.875,54.406
293607.0,11272,0,4,9.0,100,47,NA,58.031,55.437,54.156,54.312
293714.0,11272,0,4,10.58,100,47,NA,58.0,55.281,53.875,54.281
293823.0,11272,0,4,10.5,100,47,NA,58.312,55.156,54.0,54.25
293929.0,11272,0,4,9.17,100,52,NA,58.343,55.187,53.812,54.156
294036.0,11272,0,4,8.33,100,54,NA,58.031,55.156,53.812,54.187
294146.0,11272,0,4,9.0,91,53,NA,58.125,54.968,53.875,54.093
294252.0,11272,0,4,10.58,100,56,NA,57.843,55.062,53.875,54.156
294359.0,11272,0,4,9.08,100,64,NA,57.906,55.031,53.906,54.156
294468.0,11272,0,4,9.08,100,99,NA,58.906,55.375,53.75,54.375
294576.0,11272,0,4,9.08,100,99,NA,59.468,55.75,53.875,54.718
294683.0,11272,0,4,8.33,100,99,NA,59.406,55.968,53.843,55.0
294794.0,11272,0,4,3.25,15,99,NA,59.843,56.062,53.875,55.125
294902.0,11272,0,4,6.92,66,20,NA,58.031,55.812,53.875,54.687
295012.0,11272,0,4,9.0,100,37,NA,57.875,55.468,53.906,54.531
295120.0,11272,0,4,9.75,100,47,NA,58.0,55.5,53.875,54.406
295230.0,11272,0,4,11.08,100,48,NA,58.031,55.375,53.906,54.406
295338.0,11272,0,4,8.92,90,49,NA,58.187,55.218,53.875,54.218
295449.0,11272,0,4,9.08,100,50,NA,57.937,55.281,53.937,54.218
295558.0,11272,0,4,9.75,100,54,NA,58.218,55.125,53.843,54.187
295670.0,11272,0,4,11.08,100,58,NA,58.156,55.187,54.031,54.125
295778.0,11272,0,4,9.0,100,58,NA,57.937,55.093,53.875,54.125
295888.0,11272,0,4,9.08,100,99,NA,58.062,55.281,54.031,54.25
295998.0,11272,0,4,9.83,100,99,NA,59.218,55.625,53.875,54.687
296106.0,11272,0,4,9.08,100,99,NA,59.906,55.843,54.031,54.875
296217.0,11272,0,4,3.42,41,99,NA,59.937,55.937,53.937,55.031
296327.0,11272,0,4,6.0,30,32,NA,58.0,55.718,53.843,54.968
296434.0,11272,0,4,9.0,100,21,NA,57.687,55.437,53.875,54.562
296541.0,11272,0,4,8.5,63,40,NA,57.812,55.406,53.968,54.312
296651.0,11272,0,4,11.25,100,47,NA,57.625,55.281,53.875,54.375
296757.0,11272,0,4,9.08,100,50,NA,57.718,55.312,53.937,54.312
296866.0,11272,0,4,9.83,100,51,NA,57.562,55.187,53.875,54.125
296973.0,11272,0,4,9.83,100,52,NA,57.531,55.093,53.906,54.156
297080.0,11272,0,4,10.42,100,57,NA,57.718,55.156,54.031,54.093
297189.0,11272,0,4,9.08,100,57,NA,57.468,55.125,53.843,54.031
297297.0,11272,0,4,10.33,100,62,NA,57.562,55.031,53.968,54.0
297403.0,11272,0,4,8.25,90,99,NA,57.593,55.187,53.875,54.25
297511.0,11272,0,4,8.33,100,99,NA,58.812,55.625,53.875,54.656
297620.0,11272,0,4,9.08,100,99,NA,59.531,55.812,53.812,54.906
297730.0,11272,0,4,4.08,41,99,NA,59.437,56.0,53.906,55.125
297838.0,11272,0,4,4.08,41,19,NA,58.062,56.0,53.906,54.875
297947.0,11272,0,4,11.08,100,38,NA,57.812,55.562,53.968,54.562
298055.0,11272,0,4,9.08,100,41,NA,57.906,55.375,54.031,54.5
298164.0,11272,0,4,9.0,100,43,NA,57.843,55.375,53.937,54.5
298271.0,11272,0,4,8.33,100,51,NA,58.062,55.437,54.125,54.281
298379.0,11272,0,4,8.33,100,47,NA,57.718,55.312,53.843,54.281
298490.0,11272,0,4,9.0,100,52,NA,57.812,55.218,53.75,54.218
298597.0,11272,0,4,9.08,100,51,NA,57.687,55.062,53.843,54.125
298705.0,11272,0,4,8.33,100,57,NA,57.625,55.156,53.937,54.25
298814.0,11272,0,4,8.25,90,97,NA,57.875,55.062,53.781,54.218
298922.0,11272,0,4,9.0,100,99,NA,58.656,55.593,53.906,54.718
299029.0,11272,0,4,8.33,100,99,NA,59.5,55.781,53.875,54.906
299138.0,11272,0,4,6.67,63,99,NA,59.562,55.968,53.843,55.093
299249.0,11272,0,4,3.58,10,99,NA,58.812,55.968,53.875,55.031
299357.0,11272,0,4,9.0,100,38,NA,57.968,55.656,53.875,54.656
299466.0,11272,0,4,9.08,100,45,NA,57.843,55.687,53.812,54.593
299575.0,11272,0,4,10.25,100,45,NA,58.0,55.406,53.968,54.5
299683.0,11272,0,4,10.33,100,51,NA,58.031,55.281,53.937,54.343
299792.0,11272,0,4,9.0,100,49,NA,57.875,55.218,53.937,54.406
299901.0,11272,0,4,9.08,100,54,NA,58.187,55.281,53.875,54.312
300010.0,11272,0,4,9.58,100,51,NA,57.906,55.187,54.0,54.25
300118.0,11272,0,4,8.33,100,53,NA,57.843,55.156,53.875,54.156
300229.0,11272,0,4,8.17,90,99,NA,57.718,55.312,53.906,54.281
300337.0,11272,0,4,9.08,100,99,NA,58.875,55.75,53.75,54.656
300445.0,11272,0,4,9.08,100,99,NA,59.593,55.906,53.906,55.031
300554.0,11272,0,4,5.67,60,99,NA,59.781,56.156,54.062,55.187
300664.0,11272,0,4,2.0,16,99,NA,58.843,56.0,53.906,55.156
300774.0,11272,0,4,8.33,100,33,NA,57.906,55.781,53.875,54.656
300881.0,11272,0,4,9.08,100,46,NA,58.031,55.468,54.0,54.656
300992.0,11272,0,4,9.67,100,47,NA,58.25,55.375,53.937,54.562
301098.0,11272,0,4,8.33,100,50,NA,57.906,55.375,53.937,54.437
301205.0,11272,0,4,9.67,100,50,NA,57.968,55.375,54.031,54.406
301315.0,11272,0,4,9.67,100,55,NA,57.875,55.187,53.875,54.281
301422.0,11272,0,4,8.33,100,51,NA,57.875,55.25,54.0,54.343
301531.0,11272,0,4,10.42,100,60,NA,58.156,55.093,53.843,54.25
301639.0,11272,0,4,9.75,100,92,NA,57.843,55.218,53.875,54.281
301745.0,11273,0,4,8.25,90,99,NA,58.687,55.656,53.781,54.656
301855.0,11273,0,4,9.08,100,99,NA,59.312,55.875,53.937,55.062
301966.0,11273,0,4,6.58,70,99,NA,59.937,56.0,53.875,55.062
302073.0,11273,0,4,0.75,9,99,NA,59.718,56.062,53.937,55.156
302182.0,11273,0,4,8.33,91,33,NA,57.875,55.781,53.906,54.656
302290.0,11273,0,4,9.75,100,43,NA,58.031,55.593,53.937,54.656
302398.0,11273,0,4,9.75,100,49,NA,58.093,55.531,54.062,54.562
302508.0,11273,0,4,9.67,100,47,NA,58.031,55.468,53.906,54.468
302616.0,11273,0,4,8.33,100,51,NA,57.937,55.437,54.031,54.468
302723.0,11273,0,4,9.08,100,55,NA,57.843,55.281,53.937,54.406
302835.0,11273,0,4,10.42,100,55,NA,57.937,55.312,54.062,54.218
302942.0,11273,0,4,9.83,100,46,NA,57.843,55.187,53.875,54.218
303050.0,11273,0,4,9.08,100,76,NA,57.781,55.218,53.937,54.312
303161.0,11273,0,4,9.0,100,99,NA,58.875,55.562,53.906,54.656
303269.0,11273,0,4,9.83,100,99,NA,59.906,55.875,54.062,55.0
303377.0,11273,0,4,7.83,76,99,NA,59.906,55.875,53.906,55.125
303485.0,11273,0,4,0.0,0,99,NA,60.031,56.218,53.968,55.25
303597.0,11273,0,4,8.17,90,36,NA,57.875,55.687,54.0,54.812
303704.0,11273,0,4,9.83,100,44,NA,58.125,55.593,54.093,54.812
303812.0,11273,0,4,9.0,100,48,NA,58.0,55.5,54.0,54.531
303923.0,11273,0,4,7.58,91,48,NA,58.187,55.5,54.031,54.531
304031.0,11273,0,4,9.08,100,48,NA,57.875,55.312,53.906,54.437
304139.0,11273,0,4,8.33,100,52,NA,58.0,55.312,54.0,54.406
304250.0,11273,0,4,8.33,100,50,NA,58.187,55.343,53.906,54.312
304358.0,11273,0,4,9.08,100,46,NA,57.812,55.218,54.0,54.25
304467.0,11273,0,4,9.08,100,78,NA,57.781,55.156,53.875,54.312
304577.0,11273,0,4,8.33,100,99,NA,58.656,55.687,54.031,54.75
304684.0,11273,0,4,10.83,100,99,NA,59.687,55.843,53.843,55.0
304792.0,11273,0,4,6.67,80,99,NA,59.937,56.0,53.968,55.125
304902.0,11273,0,4,2.83,9,99,NA,59.75,56.187,54.0,55.187
305010.0,11273,0,4,9.0,91,29,NA,57.812,55.75,54.0,54.843
305117.0,11273,0,4,9.0,100,42,NA,58.156,55.468,54.187,54.625
305228.0,11273,0,4,10.5,100,44,NA,58.031,55.562,54.031,54.687
305337.0,11273,0,4,8.33,100,43,NA,58.281,55.406,53.937,54.468
305444.0,11273,0,4,8.33,100,48,NA,58.031,55.375,54.062,54.437
305554.0,11273,0,4,9.0,100,50,NA,58.031,55.375,53.906,54.375
305662.0,11273,0,4,8.33,91,52,NA,57.875,55.375,53.875,54.375
305769.0,11273,0,4,9.83,100,56,NA,58.093,55.312,54.062,54.218
305879.0,11273,0,4,9.67,100,68,NA,57.875,55.187,54.0,54.25
305987.0,11273,0,4,9.08,100,99,NA,58.5,55.625,54.125,54.656
306096.0,11273,0,4,8.33,100,99,NA,59.625,55.843,53.875,54.968
306205.0,11273,0,4,7.5,90,99,NA,59.812,56.093,54.093,55.125
306318.0,11273,0,4,4.0,16,99,NA,60.375,56.125,54.031,55.25
306427.0,11273,0,4,6.75,81,24,NA,58.093,55.593,53.937,54.875
306535.0,11273,0,4,7.5,90,46,NA,58.0,55.687,54.031,54.718
306645.0,11273,0,4,9.58,100,47,NA,57.968,55.5,53.937,54.531
306754.0,11273,0,4,9.83,100,50,NA,58.031,55.437,54.0,54.531
306862.0,11273,0,4,8.33,100,47,NA,58.218,55.25,53.937,54.437
306972.0,11273,0,4,10.33,100,51,NA,58.062,55.375,54.062,54.437
307081.0,11273,0,4,9.0,100,51,NA,57.843,55.218,53.937,54.343
307190.0,11273,0,4,9.67,100,53,NA,57.937,55.281,54.031,54.312
307299.0,11273,0,4,9.0,100,66,NA,57.812,55.187,53.906,54.187
307407.0,11273,0,4,9.83,100,99,NA,58.0,55.468,53.937,54.562
307515.0,11273,0,4,9.08,100,99,NA,59.468,55.812,54.125,54.906
307623.0,11273,0,4,9.0,100,99,NA,59.781,55.968,54.0,55.156
307732.0,11273,0,4,2.75,16,99,NA,60.187,56.125,54.187,55.218
307839.0,11273,0,4,5.67,60,29,NA,58.093,55.812,54.0,54.937
307947.0,11273,0,4,9.75,100,43,NA,58.0,55.656,54.093,54.718
308057.0,11273,0,4,10.42,100,44,NA,58.343,55.5,54.062,54.625
308165.0,11273,0,4,9.0,100,47,NA,58.125,55.5,54.187,54.718
308273.0,11273,0,4,8.25,63,49,NA,57.875,55.437,53.968,54.656
308384.0,11273,0,4,9.58,100,50,NA,58.031,55.406,54.093,54.687
308492.0,11273,0,4,8.33,100,51,NA,57.875,55.218,53.937,54.562
308602.0,11273,0,4,9.08,100,50,NA,57.875,55.281,54.093,54.656
308711.0,11273,0,4,9.0,100,58,NA,57.75,55.218,53.937,54.531
308818.0,11273,0,4,8.25,90,99,NA,57.875,55.406,54.093,54.687
308928.0,11273,0,4,8.33,100,99,NA,58.968,55.812,53.906,55.125
309036.0,11273,0,4,8.33,100,99,NA,59.5,56.0,54.093,55.406
309144.0,11273,0,4,4.08,40,99,NA,60.468,55.968,54.0,55.343
309254.0,11273,0,4,3.75,27,55,NA,58.0,56.062,54.125,55.187
309361.0,11273,0,4,10.25,100,39,NA,57.875,55.625,54.0,54.968
309469.0,11273,0,4,9.75,100,44,NA,57.937,55.656,53.968,54.906
309579.0,11273,0,4,8.33,100,42,NA,58.187,55.437,53.968,54.75
309688.0,11273,0,4,8.33,100,48,NA,57.875,55.343,54.093,54.781
309796.0,11273,0,4,8.33,100,48,NA,57.843,55.375,54.187,54.656
309903.0,11273,0,4,8.33,100,53,NA,57.906,55.25,53.968,54.562
310011.0,11273,0,4,9.08,100,50,NA,58.062,55.312,54.125,54.656
310121.0,11273,0,4,9.67,100,45,NA,57.937,55.187,54.0,54.562
310228.0,11273,0,4,8.33,100,66,NA,57.875,55.343,54.093,54.593
310339.0,11273,0,4,9.0,100,99,NA,58.593,55.593,53.875,55.0
310448.0,11273,0,4,9.08,100,99,NA,59.562,55.906,54.25,55.343
310556.0,11273,0,4,7.67,83,99,NA,59.562,56.062,54.031,55.343
310664.0,11273,0,4,0.67,8,99,NA,59.75,56.093,54.125,55.312
310773.0,11273,0,4,8.25,90,25,NA,58.156,55.656,53.937,54.968
310880.0,11273,0,4,11.17,100,44,NA,58.156,55.531,54.062,54.937
310988.0,11273,0,4,9.75,100,45,NA,58.093,55.5,54.0,54.875
311095.0,11273,0,4,9.0,100,50,NA,58.0,55.406,54.093,54.687
311205.0,11273,0,4,9.67,100,46,NA,58.156,55.5,54.281,54.656
311312.0,11273,0,4,8.33,100,50,NA,58.187,55.312,54.031,54.562
311421.0,11273,0,4,8.33,100,51,NA,57.875,55.406,54.062,54.625
311528.0,11273,0,4,9.08,100,55,NA,57.875,55.25,53.968,54.562
311636.0,11273,0,4,8.33,91,64,NA,57.843,55.312,54.062,54.468
311744.0,11273,0,4,9.67,100,99,NA,58.093,55.531,53.937,54.656
311851.0,11273,0,4,9.58,100,99,NA,59.5,55.781,54.0,55.125
311959.0,11277,0,4,8.33,100,99,NA,59.437,56.0,54.187,55.343
312070.0,11277,0,4,3.75,36,99,NA,59.968,56.125,53.968,55.343
312177.0,11277,0,4,3.75,36,24,NA,58.125,56.062,54.218,55.156
312286.0,11277,0,4,9.08,100,41,NA,58.0,55.687,54.031,55.0
312395.0,11277,0,4,8.33,100,41,NA,58.031,55.75,54.156,55.031
312502.0,11277,0,4,8.33,100,45,NA,58.0,55.468,53.937,54.843
312613.0,11277,0,4,9.0,100,52,NA,58.156,55.562,54.125,54.843
312721.0,11277,0,4,8.33,100,48,NA,57.875,55.375,53.937,54.656
312829.0,11276,0,4,9.58,54,52,NA,58.062,55.343,54.125,54.593
312938.0,11276,0,4,9.67,100,50,NA,58.531,55.281,54.031,54.468
313045.0,11276,0,4,9.58,91,59,NA,58.25,55.281,54.093,54.468
313156.0,11276,0,4,9.75,100,77,NA,58.031,55.218,53.937,54.437
313263.0,11276,0,4,9.08,100,99,NA,58.968,55.843,54.031,55.0
313372.0,11276,0,4,11.0,100,99,NA,59.625,56.093,54.0,55.218
313482.0,11276,0,4,8.0,63,99,NA,60.0,56.125,54.125,55.468
313590.0,11276,0,4,1.5,18,99,NA,59.437,56.312,54.062,55.218
313698.0,11276,0,4,9.0,100,32,NA,57.906,55.75,54.031,54.906
313808.0,11276,0,4,11.33,100,42,NA,58.218,55.593,54.281,54.812
313917.0,11276,0,4,9.83,100,44,NA,58.156,55.531,54.125,54.656
314025.0,11276,0,4,9.67,100,51,NA,58.375,55.437,54.312,54.593
314133.0,11276,0,4,11.17,100,46,NA,58.093,55.468,54.062,54.468
314244.0,11276,0,4,9.83,100,51,NA,58.093,55.343,53.968,54.406
314353.0,11276,0,4,8.33,91,51,NA,57.937,55.281,54.093,54.406
314461.0,11276,0,4,9.75,100,51,NA,58.218,55.468,54.0,54.312
314574.0,11276,0,4,9.08,100,66,NA,57.937,55.312,54.156,54.375
314682.0,11276,0,4,9.75,100,99,NA,58.937,55.656,54.031,54.812
314792.0,11276,0,4,9.75,100,99,NA,59.781,56.0,54.093,55.125
314901.0,11276,0,4,7.58,83,99,NA,60.062,56.031,53.937,55.187
315011.0,11276,0,4,2.67,16,99,NA,60.093,56.343,54.156,55.281
315120.0,11277,0,4,9.0,90,34,NA,58.031,55.781,54.031,54.875
315228.0,11277,0,4,8.33,100,41,NA,58.125,55.812,54.125,54.687
315336.0,11277,0,4,8.42,91,44,NA,58.187,55.625,54.031,54.625
315446.0,11277,0,4,9.0,100,44,NA,58.25,55.625,54.125,54.718
315554.0,11277,0,4,9.67,100,47,NA,58.343,55.343,54.062,54.531
315661.0,11277,0,4,9.83,100,53,NA,58.093,55.406,54.062,54.562
315769.0,11277,0,4,9.83,100,50,NA,57.875,55.562,54.312,54.468
315879.0,11277,0,4,10.42,100,52,NA,57.875,55.375,54.062,54.468
315987.0,11277,0,4,9.17,100,67,NA,58.125,55.437,54.093,54.25
316094.0,11277,0,4,8.83,90,99,NA,58.75,55.656,54.062,54.75
316204.0,11277,0,4,8.33,100,99,NA,59.812,56.062,54.25,55.062
316312.0,11277,0,4,9.75,100,99,NA,59.437,56.125,54.0,55.156
316423.0,11277,0,4,1.42,9,99,NA,59.718,56.218,54.062,55.312
316531.0,11277,0,4,7.5,72,27,NA,57.875,55.906,54.031,54.937
316639.0,11277,0,4,9.75,100,42,NA,58.375,55.687,54.218,54.656
316747.0,11277,0,4,9.0,100,43,NA,58.437,55.562,54.093,54.718
316857.0,11277,0,4,10.42,100,45,NA,58.156,55.593,54.218,54.5
316965.0,11277,0,4,8.33,100,49,NA,58.031,55.468,54.125,54.5
317072.0,11277,0,4,9.83,100,48,NA,58.312,55.437,54.125,54.531
317180.0,11277,0,4,8.42,91,51,NA,58.281,55.25,54.062,54.5
317290.0,11277,0,4,9.08,100,52,NA,58.093,55.375,54.062,54.468
317398.0,11277,0,4,10.33,100,64,NA,57.937,55.187,53.937,54.343
317506.0,11277,0,4,9.92,100,99,NA,58.0,55.531,54.062,54.625
317616.0,11277,0,4,9.75,100,99,NA,59.437,56.0,53.906,54.968
317724.0,11277,0,4,9.08,100,99,NA,59.593,56.031,54.031,55.156
317835.0,11277,0,4,3.67,18,99,NA,60.125,56.093,53.968,55.218
317942.0,11277,0,4,6.92,50,27,NA,58.093,56.031,54.125,55.093
318052.0,11277,0,4,8.33,100,42,NA,58.187,55.718,54.062,54.75
318161.0,11277,0,4,9.67,100,41,NA,58.093,55.625,54.218,54.812
318269.0,11277,0,4,9.75,91,45,NA,58.312,55.687,53.968,54.656
318375.0,11277,0,4,8.33,100,46,NA,58.406,55.531,54.062,54.531
318482.0,11277,0,4,8.33,100,49,NA,58.125,55.437,54.156,54.531
318590.0,11277,0,4,10.33,100,50,NA,57.968,55.406,54.062,54.406
318700.0,11277,0,4,9.83,100,53,NA,58.156,55.375,54.156,54.437
318808.0,11277,0,4,9.67,100,59,NA,58.343,55.25,54.031,54.312
318914.0,11277,0,4,8.42,91,99,NA,58.0,55.375,53.937,54.531
319021.0,11277,0,4,9.08,100,99,NA,59.406,55.875,54.062,54.968
319130.0,11277,0,4,9.75,100,99,NA,59.656,56.0,54.031,55.125
319237.0,11277,0,4,6.25,50,99,NA,60.218,56.156,54.187,55.312
319346.0,11277,0,4,3.58,18,99,NA,58.656,56.062,54.062,55.25
319453.0,11277,0,4,9.83,100,35,NA,57.968,55.812,54.125,54.875
319562.0,11277,0,4,9.08,100,45,NA,58.218,55.875,54.343,54.718
319669.0,11277,0,4,9.08,100,44,NA,58.187,55.562,54.0,54.687
319776.0,11277,0,4,9.67,100,52,NA,58.25,55.562,54.218,54.656
319885.0,11277,0,4,9.67,100,51,NA,58.343,55.437,54.062,54.5
319992.0,11277,0,4,9.08,100,55,NA,58.093,55.406,54.062,54.5
320101.0,11277,0,4,9.08,100,51,NA,57.968,55.375,54.062,54.312
320209.0,11277,0,4,8.33,100,58,NA,58.031,55.312,54.156,54.406
320316.0,11277,0,4,9.67,90,79,NA,58.093,55.468,54.25,54.312
320426.0,11277,0,4,9.67,100,99,NA,59.031,55.75,54.156,54.906
320534.0,11277,0,4,9.75,100,99,NA,59.593,56.093,54.187,55.093
320642.0,11277,0,4,7.08,77,99,NA,59.812,56.093,54.093,55.343
320750.0,11277,0,4,0.0,0,99,NA,60.093,56.281,54.156,55.281
320857.0,11277,0,4,9.0,90,29,NA,58.125,55.781,54.031,54.906
320964.0,11277,0,4,8.33,100,44,NA,58.25,55.75,54.218,54.875
321074.0,11277,0,4,9.67,100,48,NA,58.125,55.812,54.031,54.656
321181.0,11277,0,4,8.33,100,48,NA,58.125,55.5,54.125,54.593
321290.0,11277,0,4,11.17,100,48,NA,58.25,55.531,54.218,54.562
321398.0,11277,0,4,9.08,100,51,NA,58.156,55.375,54.093,54.562
321506.0,11277,0,4,9.0,100,51,NA,58.062,55.5,54.218,54.468
321615.0,11277,0,4,9.08,100,49,NA,57.937,55.343,54.125,54.437
321722.0,11277,0,4,9.75,100,67,NA,58.093,55.406,54.125,54.468
321831.0,11277,0,4,7.58,91,99,NA,58.656,55.781,54.031,54.75
321939.0,11277,0,4,9.08,100,99,NA,60.25,55.968,54.062,55.156
322046.0,11277,0,4,8.33,100,99,NA,60.0,56.343,54.25,55.25
322154.0,11275,0,4,0.75,9,99,NA,59.812,56.25,54.156,55.375
322264.0,11275,0,4,7.5,72,28,NA,58.093,55.937,54.25,54.937
322371.0,11275,0,4,9.08,100,48,NA,58.218,55.687,54.062,54.781
322481.0,11275,0,4,9.08,100,43,NA,58.375,55.781,54.312,54.718
322588.0,11275,0,4,9.0,100,44,NA,58.437,55.562,54.187,54.656
322696.0,11275,0,4,8.33,100,47,NA,58.187,55.562,54.156,54.687
322804.0,11275,0,4,9.08,100,49,NA,58.093,55.406,54.062,54.562
322911.0,11275,0,4,9.17,100,52,NA,58.0,55.375,54.187,54.531
323021.0,11275,0,4,8.33,100,51,NA,58.375,55.562,54.031,54.406
323128.0,11275,0,4,9.08,100,66,NA,58.062,55.343,54.093,54.437
323236.0,11275,0,4,9.17,100,99,NA,58.406,55.843,54.25,54.781
323347.0,11275,0,4,9.67,100,99,NA,59.437,56.0,54.156,55.125
323454.0,11275,0,4,8.33,100,99,NA,60.031,56.25,54.312,55.281
323562.0,11275,0,4,1.5,9,99,NA,60.156,56.156,54.062,55.406
323672.0,11275,0,4,5.83,70,26,NA,58.125,56.062,54.25,54.968
323779.0,11275,0,4,7.58,91,43,NA,58.25,55.718,54.093,54.843
323888.0,11275,0,4,9.75,100,42,NA,58.343,55.687,54.281,54.968
323995.0,11275,0,4,8.33,100,44,NA,58.375,55.625,54.187,54.656
324103.0,11275,0,4,9.08,100,48,NA,58.187,55.562,54.218,54.656
324212.0,11275,0,4,9.08,100,47,NA,58.406,55.406,54.25,54.593
324319.0,11275,0,4,9.08,100,52,NA,58.093,55.375,54.093,54.5
324428.0,11275,0,4,8.33,100,51,NA,58.187,55.531,54.25,54.437
324535.0,11275,0,4,8.33,100,67,NA,58.031,55.375,54.093,54.343
324643.0,11275,0,4,8.33,100,99,NA,58.343,55.75,54.187,54.843
324753.0,11275,0,4,9.08,100,99,NA,59.968,55.906,54.062,55.062
324860.0,11275,0,4,9.0,100,99,NA,59.843,56.218,54.218,55.375
324968.0,11275,0,4,3.5,16,99,NA,60.531,56.375,54.093,55.406
325077.0,11275,0,4,5.25,63,22,NA,58.093,56.031,54.093,55.125
325184.0,11275,0,4,9.08,100,43,NA,58.406,55.812,54.343,54.875
325292.0,11275,0,4,8.33,100,43,NA,58.531,55.687,54.125,54.812
325403.0,11275,0,4,8.25,91,44,NA,58.343,55.843,54.343,54.718
325510.0,11275,0,4,8.33,100,48,NA,58.187,55.5,54.187,54.687
325617.0,11275,0,4,9.75,100,46,NA,58.093,55.593,54.218,54.593
325726.0,11275,0,4,10.58,100,51,NA,58.375,55.437,54.062,54.437
325833.0,11275,0,4,9.08,100,50,NA,58.187,55.437,54.25,54.531
325943.0,11275,0,4,10.33,100,67,NA,58.0,55.312,54.062,54.375
326051.0,11275,0,4,9.83,100,99,NA,58.718,55.625,54.062,54.812
326157.0,11275,0,4,9.08,100,99,NA,59.687,56.0,54.281,55.093
326266.0,11275,0,4,10.5,100,99,NA,60.0,56.156,54.093,55.312
326378.0,11275,0,4,2.17,18,99,NA,60.062,56.187,54.093,55.343
326486.0,11275,0,4,7.75,54,31,NA,58.156,56.062,54.218,55.218
326595.0,11275,0,4,9.75,100,43,NA,58.375,56.0,54.156,54.937
326705.0,11275,0,4,9.0,100,42,NA,58.25,55.718,54.25,54.875
326812.0,11275,0,4,9.08,100,44,NA,58.406,55.875,54.375,54.687
326920.0,11275,0,4,9.0,100,52,NA,58.125,55.5,54.187,54.656
327031.0,11275,0,4,9.83,92,51,NA,58.343,55.718,54.343,54.562
327138.0,11275,0,4,9.08,100,54,NA,58.187,55.468,54.156,54.562
327246.0,11275,0,4,9.08,100,51,NA,58.25,55.437,54.343,54.625
327356.0,11275,0,4,9.08,100,57,NA,58.062,55.468,54.093,54.437
327464.0,11275,0,4,9.0,100,99,NA,58.031,55.687,54.25,54.781
327573.0,11275,0,4,8.33,100,99,NA,59.625,55.968,54.062,55.125
327682.0,11275,0,4,9.08,100,99,NA,60.031,56.25,54.187,55.375
327792.0,11275,0,4,3.58,27,99,NA,60.406,56.218,54.156,55.343
327900.0,11275,0,4,4.83,50,21,NA,58.062,56.156,54.312,55.093
328011.0,11275,0,4,9.08,100,42,NA,58.343,55.843,54.187,54.968
328119.0,11275,0,4,8.33,100,41,NA,58.312,55.843,54.312,54.875
328227.0,11275,0,4,9.67,100,44,NA,58.187,55.718,54.281,54.781
328335.0,11275,0,4,7.58,91,51,NA,58.187,55.625,54.25,54.656
328445.0,11275,0,4,9.17,100,46,NA,58.156,55.562,54.187,54.531
328553.0,11275,0,4,8.33,100,54,NA,58.156,55.562,54.25,54.656
328661.0,11275,0,4,10.67,100,49,NA,58.031,55.375,54.062,54.406
328767.0,11275,0,4,9.08,100,59,NA,58.062,55.437,54.187,54.437
328876.0,11275,0,4,10.0,90,99,NA,58.125,55.437,54.375,54.625
328985.0,11275,0,4,9.08,100,99,NA,59.406,55.937,54.187,55.156
329094.0,11275,0,4,9.08,100,99,NA,59.687,56.312,54.343,55.25
329203.0,11275,0,4,5.42,40,99,NA,60.218,56.218,54.218,55.406
329313.0,11275,0,4,3.5,33,48,NA,58.937,56.281,54.187,55.187
329423.0,11275,0,4,11.08,100,36,NA,58.125,55.843,54.281,54.968
329531.0,11275,0,4,9.0,100,41,NA,58.5,55.875,54.218,54.875
329640.0,11275,0,4,9.83,100,44,NA,58.218,55.562,54.218,54.781
329750.0,11275,0,4,9.08,100,48,NA,58.187,55.75,54.187,54.656
329858.0,11275,0,4,9.67,100,46,NA,58.093,55.593,54.187,54.656
329967.0,11275,0,4,9.17,100,54,NA,58.25,55.375,54.406,54.5
330074.0,11275,0,4,8.25,90,50,NA,58.031,55.406,54.031,54.562
330184.0,11275,0,4,10.33,100,56,NA,58.375,55.531,54.093,54.406
330292.0,11275,0,4,9.17,100,65,NA,57.937,55.406,54.187,54.406
330400.0,11275,0,4,10.42,100,99,NA,59.5,55.937,54.343,54.937
330509.0,11275,0,4,9.08,100,99,NA,59.781,56.125,54.093,55.125
330620.0,11275,0,4,7.0,75,99,NA,59.937,56.406,54.375,55.343
330728.0,11275,0,4,0.75,9,99,NA,59.906,56.343,54.187,55.437
330836.0,11275,0,4,9.83,100,26,NA,58.156,55.875,54.343,55.062
330945.0,11275,0,4,11.0,100,41,NA,58.25,55.781,54.187,54.843
331054.0,11275,0,4,9.67,91,43,NA,58.375,55.812,54.375,54.906
331162.0,11275,0,4,9.92,100,45,NA,58.468,55.656,54.218,54.718
331271.0,11275,0,4,9.08,100,50,NA,58.218,55.593,54.375,54.718
331381.0,11275,0,4,9.08,100,53,NA,58.156,55.468,54.218,54.656
331489.0,11275,0,4,9.83,100,50,NA,58.312,55.625,54.281,54.593
331597.0,11275,0,4,9.08,100,53,NA,58.187,55.406,54.125,54.468
331706.0,11275,0,4,10.67,100,66,NA,58.062,55.437,54.25,54.437
331816.0,11275,0,4,8.25,90,99,NA,58.531,55.687,54.093,54.75
331922.0,11275,0,4,9.08,100,99,NA,59.468,56.062,54.218,55.156
332030.0,11275,0,4,9.0,100,99,NA,59.812,56.406,54.156,55.218
332141.0,11275,0,4,0.0,0,99,NA,60.187,56.343,54.218,55.406
332249.0,11275,0,4,6.0,63,20,NA,58.25,55.906,54.187,55.093
332357.0,11275,0,4,9.08,100,43,NA,58.25,55.875,54.125,54.968
332468.0,11275,0,4,8.33,100,44,NA,58.187,55.687,54.187,54.812
332576.0,11275,0,4,9.75,100,47,NA,58.25,55.718,54.156,54.781
332685.0,11275,0,4,10.25,100,47,NA,58.375,55.468,54.156,54.656
332796.0,11275,0,4,8.33,100,51,NA,58.156,55.625,54.312,54.656
332905.0,11275,0,4,9.83,100,55,NA,58.437,55.468,54.187,54.5
333015.0,11275,0,4,10.42,100,55,NA,58.187,55.437,54.312,54.593
333125.0,11275,0,4,9.0,100,66,NA,58.062,55.375,54.187,54.468
333234.0,11275,0,4,8.17,90,99,NA,58.218,55.781,54.312,54.656
333341.0,11275,0,4,10.42,100,99,NA,59.218,56.0,54.187,55.125
333450.0,11275,0,4,9.08,100,99,NA,59.875,56.218,54.187,55.375
333559.0,11275,0,4,2.42,20,99,NA,60.093,56.281,54.218,55.437
333669.0,11275,0,4,4.92,50,23,NA,58.187,56.156,54.281,55.156
333777.0,11275,0,4,10.5,100,42,NA,58.218,55.843,54.156,54.937
333885.0,11275,0,4,10.33,100,42,NA,58.281,55.875,54.281,54.875
333995.0,11275,0,4,9.0,100,45,NA,58.625,55.781,54.187,54.718
334102.0,11278,0,4,11.25,100,47,NA,58.343,55.593,54.25,54.718
334210.0,11278,0,4,9.08,100,49,NA,58.156,55.5,54.156,54.625
334318.0,11278,0,4,9.0,100,53,NA,58.25,55.5,54.25,54.593
334428.0,11278,0,4,9.08,100,54,NA,58.375,55.687,54.125,54.5
334535.0,11278,0,4,9.0,100,60,NA,58.406,55.406,54.156,54.5
334643.0,11278,0,4,9.0,90,99,NA,58.093,55.593,54.343,54.625
334753.0,11278,0,4,9.67,100,99,NA,59.406,56.0,54.156,55.062
334862.0,11278,0,4,8.33,100,99,NA,59.937,56.281,54.375,55.25
334971.0,11279,0,4,4.08,40,99,NA,60.281,56.218,54.281,55.437
335079.0,11279,0,4,4.92,33,33,NA,58.562,56.25,54.375,55.312
335186.0,11279,0,4,9.08,100,39,NA,58.156,55.937,54.187,55.0
335294.0,11279,0,4,9.17,100,41,NA,58.218,55.875,54.25,55.0
335404.0,11279,0,4,9.67,100,44,NA,58.437,55.656,54.218,54.812
335511.0,11279,0,4,9.75,100,46,NA,58.281,55.625,54.343,54.75
335619.0,11279,0,4,9.17,100,46,NA,58.593,55.687,54.187,54.687
335726.0,11279,0,4,10.5,100,55,NA,58.125,55.468,54.187,54.625
335834.0,11279,0,4,8.25,91,51,NA,58.312,55.531,54.281,54.656
