t_ms,ram_used_mb,swap_used_mb,lfb_mb,cpu_mean_pct,cpu_max_pct,gpu_load_pct,emc_util_pct,temp_tj_c,temp_soc0_c,temp_soc1_c,temp_soc2_c
0.0,10851,0,4,8.33,100,15,NA,52.625,50.468,49.718,49.187
121.0,10851,0,4,8.58,80,5,NA,52.656,50.531,49.937,49.25
229.0,10851,0,4,8.17,90,72,NA,52.75,50.437,49.812,49.218
350.0,10851,0,4,7.08,76,74,NA,52.625,50.5,49.906,49.375
459.0,10871,0,4,6.92,83,70,NA,52.937,50.656,49.75,49.281
573.0,10978,0,4,6.75,81,49,NA,52.562,50.531,49.968,49.25
683.0,10979,0,4,8.17,72,83,NA,52.5,50.5,49.75,49.312
792.0,10979,0,4,5.92,63,66,NA,52.468,50.531,49.843,49.281
900.0,10979,0,4,4.58,55,71,NA,52.312,50.437,49.687,49.375
1008.0,10979,0,4,7.42,80,64,NA,52.187,50.5,49.937,49.218
1118.0,10979,0,4,6.92,75,75,NA,52.187,50.531,49.75,49.281
1227.0,10979,0,4,7.42,70,79,NA,52.343,50.531,49.906,49.312
1348.0,10979,0,4,5.75,69,73,NA,52.281,50.406,49.718,49.375
1456.0,10979,0,4,7.33,72,66,NA,52.187,50.468,49.687,49.375
1564.0,11001,0,4,7.17,77,70,NA,52.531,50.437,50.0,49.281
1672.0,11015,0,4,8.17,81,56,NA,52.156,50.5,49.75,49.343
1780.0,11065,0,4,7.67,83,22,NA,52.343,50.593,49.718,49.25
1888.0,11099,0,4,6.42,77,46,NA,52.218,50.5,49.625,49.312
1996.0,11120,0,4,9.0,90,74,NA,52.5,50.531,49.843,49.25
2104.0,11160,0,4,8.92,75,69,NA,52.593,50.375,49.656,49.312
2212.0,11200,0,4,7.5,80,56,NA,52.468,50.5,49.75,49.343
2319.0,11200,0,4,8.17,80,75,NA,52.437,50.343,49.656,49.25
2428.0,11200,0,4,8.17,81,74,NA,52.437,50.468,49.718,49.312
2535.0,11200,0,4,6.83,72,71,NA,52.5,50.625,49.968,49.218
2643.0,11200,0,4,8.92,81,71,NA,52.75,50.375,49.75,49.25
2751.0,11200,0,4,6.67,72,66,NA,52.468,50.437,49.843,49.343
2859.0,11200,0,4,7.5,80,66,NA,52.375,50.375,49.656,49.25
2967.0,11200,0,4,7.83,84,70,NA,52.437,50.437,49.718,49.312
3075.0,11200,0,4,8.17,81,69,NA,52.75,50.593,49.593,49.312
3182.0,11200,0,4,8.92,80,71,NA,52.906,50.406,49.687,49.343
3290.0,11200,0,4,7.0,84,71,NA,52.531,50.562,49.843,49.25
3398.0,11200,0,4,8.08,80,66,NA,52.5,50.437,49.718,49.375
3506.0,11200,0,4,8.25,81,63,NA,52.531,50.468,49.75,49.312
3614.0,11200,0,4,6.92,83,58,NA,52.812,50.437,49.656,49.312
3723.0,11200,0,4,8.83,80,63,NA,52.593,50.468,49.812,49.375
3831.0,11200,0,4,8.17,90,65,NA,52.531,50.625,49.656,49.25
3939.0,11200,0,4,8.17,81,53,NA,52.531,50.468,49.75,49.343
4046.0,11200,0,4,8.33,100,52,NA,52.718,50.593,49.843,49.312
4155.0,11200,0,4,9.08,100,60,NA,52.531,50.437,49.687,49.281
4263.0,11200,0,4,6.42,60,80,NA,52.531,50.531,49.718,49.437
4371.0,11200,0,4,8.33,66,75,NA,52.343,50.531,49.687,49.312
4479.0,11200,0,4,7.42,72,74,NA,52.468,50.531,49.75,49.437
4588.0,11205,0,4,8.08,77,68,NA,52.531,50.468,49.625,49.312
4698.0,11205,0,4,7.58,75,73,NA,52.375,50.5,49.781,49.375
4807.0,11205,0,4,8.08,81,76,NA,52.687,50.5,49.656,49.375
4915.0,11205,0,4,8.83,81,67,NA,52.468,50.625,49.75,49.406
5023.0,11204,0,4,7.33,70,84,NA,52.437,50.468,49.718,49.406
5132.0,11204,0,4,9.5,72,55,NA,52.937,50.531,49.75,49.375
5240.0,11204,0,4,8.25,90,61,NA,53.281,50.656,49.843,49.312
5348.0,11205,0,4,8.92,90,64,NA,52.875,50.5,49.656,49.375
5456.0,11205,0,4,7.67,83,61,NA,53.156,50.562,49.812,49.312
5564.0,11205,0,4,8.25,90,61,NA,53.093,50.406,49.687,49.312
5672.0,11205,0,4,6.75,81,62,NA,53.031,50.531,49.812,49.468
5780.0,11205,0,4,7.25,60,62,NA,53.781,50.406,49.656,49.375
5887.0,11205,0,4,7.5,90,60,NA,53.656,50.375,49.75,49.468
5995.0,11205,0,4,7.5,81,63,NA,53.75,50.593,49.875,49.375
6102.0,11205,0,4,7.5,90,64,NA,53.531,50.375,49.687,49.375
6210.0,11205,0,4,6.75,81,65,NA,53.437,50.531,49.812,49.562
6317.0,11205,0,4,7.5,90,66,NA,53.906,50.437,49.656,49.375
6424.0,11205,0,4,6.75,81,58,NA,53.687,50.406,49.781,49.406
6532.0,11205,0,4,8.92,91,63,NA,53.687,50.562,49.781,49.343
6639.0,11205,0,4,8.25,90,66,NA,53.5,50.406,49.656,49.437
6748.0,11205,0,4,6.67,80,60,NA,53.625,50.5,49.75,49.531
6856.0,11205,0,4,8.25,90,44,NA,53.968,50.406,49.593,49.406
6963.0,11205,0,4,10.58,100,48,NA,53.812,50.5,49.718,49.437
7071.0,11205,0,4,8.33,100,56,NA,53.562,50.5,49.656,49.406
7179.0,11205,0,4,5.67,40,79,NA,52.812,50.468,49.687,49.468
7288.0,11205,0,4,5.75,50,71,NA,53.0,50.593,49.812,49.468
7397.0,11205,0,4,8.17,81,73,NA,52.593,50.531,49.843,49.406
7506.0,11205,0,4,7.58,72,72,NA,52.656,50.625,49.812,49.343
7614.0,11205,0,4,7.42,80,74,NA,52.406,50.5,49.718,49.5
7723.0,11205,0,4,7.08,75,72,NA,52.687,50.687,49.843,49.375
7832.0,11205,0,4,8.0,77,46,NA,52.531,50.531,49.687,49.343
7940.0,11205,0,4,10.33,90,56,NA,52.906,50.531,49.843,49.437
8048.0,11205,0,4,8.17,81,63,NA,53.031,50.343,49.687,49.343
8155.0,11205,0,4,7.5,90,54,NA,53.312,50.531,49.75,49.406
8263.0,11205,0,4,7.5,90,57,NA,53.281,50.375,49.937,49.375
8370.0,11205,0,4,8.83,81,63,NA,53.093,50.406,49.687,49.406
8478.0,11205,0,4,7.5,81,65,NA,53.218,50.531,49.843,49.375
8585.0,11205,0,4,7.5,90,64,NA,53.093,50.531,49.625,49.312
8693.0,11205,0,4,7.42,81,66,NA,53.218,50.437,49.718,49.375
8801.0,11205,0,4,7.5,90,56,NA,53.281,50.375,49.906,49.343
8909.0,11205,0,4,6.75,81,66,NA,53.031,50.437,49.718,49.406
9016.0,11205,0,4,7.5,90,61,NA,53.218,50.531,49.875,49.406
9124.0,11205,0,4,8.42,83,56,NA,53.093,50.375,49.718,49.343
9232.0,11205,0,4,7.5,90,61,NA,53.25,50.468,49.687,49.406
9339.0,11205,0,4,7.67,83,64,NA,53.312,50.406,49.625,49.312
9447.0,11205,0,4,8.25,90,60,NA,53.125,50.5,49.781,49.406
9554.0,11205,0,4,8.25,90,63,NA,53.156,50.5,49.875,49.375
9662.0,11205,0,4,7.5,90,43,NA,53.093,50.343,49.656,49.375
9770.0,11205,0,4,9.08,100,50,NA,53.281,50.375,49.812,49.375
9878.0,11205,0,4,8.67,54,66,NA,53.75,50.375,49.593,49.375
9987.0,11205,0,4,5.75,69,74,NA,52.875,50.531,49.687,49.437
10095.0,11205,0,4,6.75,72,73,NA,52.593,50.468,49.75,49.375
10204.0,11205,0,4,7.42,80,73,NA,52.468,50.531,49.75,49.375
10312.0,11205,0,4,6.58,70,70,NA,52.625,50.625,49.875,49.312
10419.0,11205,0,4,7.83,77,72,NA,52.687,50.531,49.593,49.343
10527.0,11205,0,4,7.75,75,70,NA,52.531,50.562,49.843,49.437
10636.0,11205,0,4,6.67,50,48,NA,52.468,50.468,49.687,49.375
10744.0,11205,0,4,8.83,90,55,NA,52.781,50.562,49.843,49.468
10852.0,11205,0,4,6.75,81,58,NA,52.687,50.406,49.687,49.562
10961.0,11205,0,4,7.5,90,61,NA,52.75,50.468,49.75,49.656
11069.0,11205,0,4,8.25,90,60,NA,53.0,50.406,49.687,49.531
11177.0,11205,0,4,7.0,84,64,NA,52.656,50.437,49.718,49.593
11286.0,11205,0,4,7.5,90,61,NA,52.812,50.312,49.562,49.562
11394.0,11205,0,4,6.67,80,65,NA,52.687,50.406,49.625,49.5
11503.0,11205,0,4,7.5,90,59,NA,52.937,50.562,49.562,49.468
11612.0,11205,0,4,6.92,83,66,NA,52.812,50.375,49.656,49.625
11719.0,11205,0,4,8.17,90,65,NA,52.781,50.437,49.781,49.5
11827.0,11205,0,4,6.75,81,65,NA,52.656,50.343,49.625,49.562
11935.0,11205,0,4,7.5,90,57,NA,52.687,50.5,49.781,49.625
12042.0,11205,0,4,7.5,90,61,NA,52.906,50.312,49.531,49.5
12150.0,11205,0,4,7.42,81,65,NA,52.687,50.437,49.656,49.562
12258.0,11205,0,4,7.5,90,58,NA,52.75,50.531,49.906,49.468
12365.0,11205,0,4,7.5,90,65,NA,52.718,50.375,49.625,49.531
12473.0,11205,0,4,8.33,100,43,NA,52.843,50.468,49.75,49.593
12581.0,11205,0,4,10.25,100,50,NA,52.906,50.312,49.593,49.531
12689.0,11205,0,4,6.25,75,78,NA,52.718,50.437,49.625,49.5
12797.0,11205,0,4,6.5,78,75,NA,52.406,50.687,49.625,49.468
12906.0,11205,0,4,6.67,72,72,NA,52.406,50.437,49.718,49.468
13015.0,11205,0,4,7.33,80,70,NA,52.562,50.406,49.843,49.343
13124.0,11205,0,4,7.67,66,71,NA,52.343,50.531,49.687,49.5
13232.0,11205,0,4,6.17,54,67,NA,52.75,50.531,49.562,49.406
13341.0,11205,0,4,6.75,72,71,NA,52.218,50.468,49.656,49.375
13448.0,11205,0,4,8.33,91,56,NA,52.531,50.531,49.781,49.562
13556.0,11205,0,4,8.25,90,59,NA,52.625,50.375,49.562,49.437
13665.0,11205,0,4,7.75,84,63,NA,52.656,50.468,49.656,49.562
13773.0,11205,0,4,8.08,88,56,NA,53.218,50.406,49.625,49.375
13882.0,11205,0,4,6.92,83,59,NA,52.968,50.468,49.75,49.562
13990.0,11205,0,4,7.5,90,68,NA,52.875,50.312,49.593,49.312
14099.0,11205,0,4,7.42,81,66,NA,52.875,50.468,49.75,49.375
14207.0,11205,0,4,7.5,90,58,NA,53.156,50.437,49.593,49.406
14316.0,11205,0,4,6.67,80,66,NA,53.0,50.468,49.593,49.468
14423.0,11205,0,4,7.58,83,66,NA,52.906,50.531,49.781,49.375
14531.0,11205,0,4,7.5,90,66,NA,52.906,50.406,49.593,49.437
14640.0,11205,0,4,6.92,83,64,NA,53.093,50.468,49.656,49.406
14748.0,11205,0,4,8.17,60,60,NA,52.906,50.312,49.625,49.437
14856.0,11205,0,4,8.25,81,61,NA,52.656,50.406,49.687,49.593
14963.0,11205,0,4,6.92,83,65,NA,52.593,50.312,49.562,49.437
15071.0,11205,0,4,8.25,90,60,NA,52.593,50.312,49.562,49.5
15179.0,11205,0,4,7.5,90,44,NA,52.75,50.5,49.531,49.406
15288.0,11205,0,4,8.33,100,47,NA,52.687,50.375,49.562,49.562
15396.0,11205,0,4,8.33,100,58,NA,52.531,50.531,49.718,49.437
15505.0,11205,0,4,5.5,66,78,NA,52.5,50.406,49.562,49.437
15614.0,11205,0,4,6.17,66,73,NA,52.468,50.5,49.718,49.375
15723.0,11205,0,4,7.33,70,71,NA,52.375,50.375,49.593,49.437
15832.0,11205,0,4,7.5,72,73,NA,52.625,50.562,49.687,49.5
15940.0,11205,0,4,7.0,75,73,NA,52.312,50.375,49.562,49.437
16048.0,11205,0,4,6.83,36,74,NA,52.5,50.468,49.656,49.437
16155.0,11205,0,4,7.92,60,40,NA,52.375,50.468,49.531,49.312
16262.0,11205,0,4,7.33,88,58,NA,52.5,50.437,49.5,49.25
16368.0,11205,0,4,9.08,90,56,NA,52.593,50.437,49.75,49.187
16475.0,11205,0,4,7.42,81,64,NA,52.5,50.343,49.5,49.218
16583.0,11205,0,4,8.25,90,58,NA,52.562,50.343,49.625,49.312
16692.0,11205,0,4,8.17,90,61,NA,52.718,50.5,49.5,49.25
16799.0,11205,0,4,7.42,81,64,NA,52.656,50.312,49.687,49.281
16908.0,11205,0,4,8.25,90,63,NA,52.843,50.468,49.781,49.281
17016.0,11205,0,4,6.75,81,65,NA,52.531,50.25,49.593,49.281
17124.0,11205,0,4,8.17,90,61,NA,52.687,50.406,49.687,49.312
17232.0,11205,0,4,7.0,84,66,NA,52.562,50.281,49.531,49.25
17340.0,11205,0,4,8.17,90,64,NA,52.656,50.437,49.687,49.312
17448.0,11205,0,4,8.17,80,61,NA,52.937,50.25,49.5,49.156
17555.0,11205,0,4,7.67,83,56,NA,52.593,50.312,49.625,49.25
17663.0,11205,0,4,8.17,90,66,NA,52.687,50.5,49.687,49.156
17771.0,11205,0,4,8.42,83,55,NA,52.593,50.343,49.593,49.218
17880.0,11205,0,4,8.83,90,59,NA,52.562,50.375,49.687,49.187
17987.0,11205,0,4,7.58,91,45,NA,52.968,50.25,49.5,49.187
18095.0,11205,0,4,9.0,100,50,NA,52.718,50.375,49.625,49.218
18202.0,11205,0,4,8.92,90,69,NA,52.687,50.468,49.5,49.218
18310.0,11205,0,4,6.25,66,80,NA,52.406,50.312,49.593,49.25
18419.0,11205,0,4,6.58,70,73,NA,52.531,50.468,49.718,49.187
18526.0,11205,0,4,5.83,70,73,NA,52.593,50.312,49.531,49.218
18634.0,11205,0,4,9.58,81,73,NA,52.343,50.437,49.625,49.343
18742.0,11205,0,4,7.75,76,75,NA,52.312,50.343,49.5,49.281
18851.0,11205,0,4,8.17,80,70,NA,52.281,50.343,49.562,49.312
18958.0,11205,0,4,6.58,70,42,NA,52.593,50.5,49.75,49.281
19065.0,11205,0,4,8.25,90,59,NA,52.437,50.375,49.5,49.218
19174.0,11205,0,4,8.17,90,59,NA,52.562,50.437,49.625,49.187
19281.0,11205,0,4,6.0,72,53,NA,52.531,50.25,49.562,49.156
19388.0,11205,0,4,7.5,90,56,NA,52.437,50.281,49.656,49.25
19497.0,11205,0,4,8.17,81,59,NA,52.75,50.5,49.5,49.187
19605.0,11205,0,4,6.75,81,64,NA,52.562,50.343,49.531,49.187
19713.0,11205,0,4,8.17,90,65,NA,52.593,50.468,49.781,49.187
19820.0,11205,0,4,7.83,84,67,NA,52.531,50.25,49.531,49.281
19928.0,11205,0,4,9.58,90,61,NA,52.531,50.312,49.656,49.25
20036.0,11205,0,4,6.92,83,64,NA,52.906,50.281,49.562,49.125
20143.0,11205,0,4,8.17,90,64,NA,52.625,50.281,49.562,49.218
20252.0,11205,0,4,6.75,81,60,NA,52.656,50.187,49.5,49.062
20361.0,11205,0,4,8.33,90,60,NA,52.531,50.312,49.562,49.25
20469.0,11205,0,4,7.5,90,65,NA,52.781,50.5,49.5,49.218
20577.0,11205,0,4,6.92,83,60,NA,52.562,50.25,49.5,49.156
20685.0,11205,0,4,8.92,90,58,NA,52.562,50.406,49.625,49.187
20793.0,11205,0,4,8.25,91,44,NA,52.562,50.281,49.5,49.156
20903.0,11205,0,4,9.67,100,49,NA,52.687,50.375,49.593,49.343
21011.0,11205,0,4,7.42,81,69,NA,52.687,50.281,49.625,49.187
21119.0,11205,0,4,6.0,72,75,NA,52.468,50.375,49.562,49.312
21227.0,11205,0,4,8.08,72,74,NA,52.218,50.25,49.437,49.281
21336.0,11205,0,4,8.17,72,75,NA,52.375,50.375,49.625,49.312
21444.0,11205,0,4,6.75,81,75,NA,52.343,50.5,49.468,49.187
21553.0,11205,0,4,7.5,72,72,NA,52.312,50.437,49.562,49.312
21660.0,11205,0,4,8.33,81,70,NA,52.531,50.531,49.781,49.25
21768.0,11205,0,4,7.42,72,58,NA,52.25,50.343,49.531,49.25
21876.0,11205,0,4,8.83,80,60,NA,52.812,50.312,49.625,49.312
21984.0,11205,0,4,8.25,90,66,NA,52.875,50.218,49.562,49.218
22091.0,11205,0,4,9.08,83,61,NA,53.031,50.343,49.5,49.187
22201.0,11205,0,4,8.25,90,60,NA,53.281,50.218,49.468,49.187
22309.0,11205,0,4,7.5,81,65,NA,53.0,50.218,49.562,49.218
22417.0,11205,0,4,8.25,90,62,NA,53.062,50.187,49.468,49.218
22525.0,11205,0,4,8.92,90,66,NA,53.0,50.25,49.5,49.25
22633.0,11205,0,4,7.33,80,62,NA,53.187,50.406,49.625,49.093
22742.0,11205,0,4,7.58,83,64,NA,53.25,50.281,49.406,49.218
22849.0,11205,0,4,7.5,90,65,NA,52.968,50.25,49.593,49.25
22958.0,11205,0,4,8.08,80,66,NA,52.968,50.218,49.437,49.187
23066.0,11205,0,4,8.17,90,61,NA,52.937,50.312,49.562,49.312
23174.0,11205,0,4,6.75,81,66,NA,53.187,50.468,49.437,49.125
23282.0,11205,0,4,9.0,90,66,NA,52.968,50.281,49.5,49.25
23390.0,11205,0,4,8.33,90,56,NA,53.031,50.343,49.656,49.093
23498.0,11205,0,4,7.42,81,40,NA,52.968,50.156,49.468,49.187
23606.0,11205,0,4,8.33,100,43,NA,53.062,50.281,49.531,49.062
23713.0,11205,0,4,9.08,100,52,NA,53.156,50.218,49.5,49.156
23822.0,11205,0,4,6.25,66,77,NA,52.687,50.343,49.593,49.25
23930.0,11205,0,4,7.0,66,72,NA,52.5,50.218,49.406,49.25
24037.0,11205,0,4,7.5,75,72,NA,52.25,50.281,49.468,49.25
24146.0,11205,0,4,7.42,80,69,NA,52.531,50.343,49.406,49.187
24255.0,11205,0,4,6.67,72,66,NA,52.375,50.375,49.437,49.281
24364.0,11205,0,4,7.5,81,68,NA,52.781,50.468,49.656,49.218
24471.0,11205,0,4,8.17,70,79,NA,52.25,50.312,49.468,49.281
24579.0,11205,0,4,7.5,90,53,NA,52.593,50.406,49.593,49.093
24688.0,11205,0,4,7.5,90,62,NA,52.875,50.281,49.406,49.125
24796.0,11205,0,4,8.92,90,66,NA,52.843,50.25,49.5,49.218
24904.0,11205,0,4,6.92,83,57,NA,52.843,50.156,49.468,49.125
25012.0,11210,0,4,8.0,70,52,NA,53.031,50.281,49.5,49.093
25120.0,11206,0,4,10.17,90,66,NA,52.968,50.375,49.437,49.093
25234.0,11206,0,4,7.75,60,61,NA,52.906,50.343,49.5,49.062
25343.0,11206,0,4,6.75,81,61,NA,52.812,50.218,49.5,49.093
25451.0,11206,0,4,8.17,90,63,NA,52.812,50.281,49.531,49.093
25560.0,11206,0,4,7.67,83,63,NA,52.75,50.187,49.468,49.093
25668.0,11206,0,4,7.33,80,66,NA,52.875,50.187,49.5,49.125
25776.0,11206,0,4,7.58,91,65,NA,52.906,50.093,49.406,49.093
25884.0,11206,0,4,8.25,90,57,NA,52.718,50.312,49.5,49.062
25992.0,11206,0,4,6.75,81,62,NA,53.125,50.218,49.437,49.031
26100.0,11206,0,4,8.17,90,67,NA,52.718,50.156,49.343,49.125
26208.0,11206,0,4,6.92,83,56,NA,52.968,50.343,49.531,49.0
26316.0,11206,0,4,9.0,90,46,NA,52.718,50.062,49.375,49.031
26424.0,11206,0,4,8.33,100,50,NA,52.843,50.281,49.531,49.156
26532.0,11206,0,4,9.08,100,63,NA,52.687,50.125,49.5,49.093
26640.0,11206,0,4,5.25,63,78,NA,52.593,50.25,49.468,49.187
26749.0,11206,0,4,7.5,72,74,NA,52.5,50.531,49.437,49.156
26858.0,11206,0,4,7.17,77,77,NA,52.312,50.25,49.5,49.25
26967.0,11206,0,4,7.42,72,71,NA,52.562,50.437,49.406,49.125
27075.0,11206,0,4,8.17,80,69,NA,52.312,50.218,49.5,49.187
27184.0,11206,0,4,6.92,75,71,NA,52.281,50.218,49.656,49.062
27292.0,11206,0,4,6.67,80,40,NA,52.343,50.218,49.468,49.093
27399.0,11206,0,4,8.17,90,55,NA,52.75,50.343,49.5,49.0
27507.0,11206,0,4,8.25,90,63,NA,52.968,50.125,49.437,49.062
27616.0,11206,0,4,7.42,81,57,NA,52.781,50.312,49.5,49.156
27724.0,11206,0,4,8.25,90,59,NA,52.656,50.156,49.437,49.125
27831.0,11206,0,4,6.92,83,61,NA,52.687,50.218,49.5,49.156
27939.0,11206,0,4,8.25,90,65,NA,53.0,50.343,49.281,49.031
28046.0,11206,0,4,6.92,83,66,NA,53.093,50.187,49.437,49.187
28155.0,11206,0,4,7.5,90,66,NA,52.812,50.25,49.5,49.031
28262.0,11206,0,4,6.92,83,64,NA,52.718,50.093,49.375,49.125
28370.0,11206,0,4,8.25,90,66,NA,52.687,50.187,49.5,49.125
28478.0,11206,0,4,7.33,80,66,NA,53.0,50.156,49.312,49.062
28586.0,11206,0,4,8.33,91,60,NA,52.75,50.25,49.437,49.156
28693.0,11206,0,4,6.92,83,58,NA,52.781,50.25,49.531,49.062
28801.0,11206,0,4,8.83,88,65,NA,52.656,50.093,49.312,49.062
28908.0,11206,0,4,7.67,83,59,NA,52.906,50.187,49.375,49.156
29016.0,11206,0,4,8.25,90,62,NA,52.937,50.156,49.343,49.031
29123.0,11206,0,4,8.33,100,44,NA,52.843,50.125,49.375,49.093
29230.0,11206,0,4,9.67,100,50,NA,52.843,50.218,49.5,49.125
29339.0,11206,0,4,6.67,80,67,NA,52.656,50.093,49.343,49.125
29448.0,11206,0,4,7.08,60,74,NA,52.531,50.218,49.468,49.156
29556.0,11206,0,4,8.0,77,69,NA,52.531,50.187,49.375,49.156
29664.0,11206,0,4,8.0,70,70,NA,52.25,50.281,49.437,49.156
29772.0,11206,0,4,8.17,80,70,NA,52.281,50.156,49.343,49.062
29880.0,11206,0,4,6.0,72,71,NA,52.156,50.25,49.375,49.125
29988.0,11206,0,4,8.08,80,74,NA,52.437,50.156,49.593,49.031
30096.0,11206,0,4,8.58,81,57,NA,52.375,50.187,49.375,49.093
30203.0,11206,0,4,8.33,90,60,NA,52.625,50.156,49.5,49.187
30311.0,11206,0,4,8.83,81,62,NA,52.687,50.093,49.343,49.031
30419.0,11206,0,4,9.0,91,61,NA,52.875,50.187,49.406,49.093
30527.0,11206,0,4,8.42,83,57,NA,52.875,50.093,49.406,49.031
30637.0,11206,0,4,8.08,88,64,NA,52.687,50.156,49.343,49.031
30743.0,11206,0,4,6.92,83,56,NA,52.812,50.343,49.593,49.0
30850.0,11206,0,4,9.0,90,63,NA,52.718,50.125,49.375,49.031
30958.0,11206,0,4,8.25,81,59,NA,52.875,50.218,49.406,49.125
31066.0,11206,0,4,9.0,90,66,NA,52.843,50.156,49.312,49.031
31173.0,11206,0,4,6.67,80,66,NA,52.75,50.093,49.375,49.031
31280.0,11206,0,4,8.08,88,61,NA,52.812,50.312,49.5,49.031
31389.0,11206,0,4,6.75,81,59,NA,52.75,50.156,49.343,49.0
31498.0,11206,0,4,9.0,90,66,NA,52.906,50.187,49.5,49.0
31607.0,11206,0,4,7.5,81,66,NA,52.718,50.125,49.281,49.031
31715.0,11206,0,4,8.33,90,56,NA,53.0,50.281,49.468,48.937
31823.0,11206,0,4,7.5,90,40,NA,52.656,50.062,49.281,48.968
31931.0,11206,0,4,8.33,100,45,NA,52.968,50.125,49.468,49.125
32039.0,11206,0,4,9.67,100,56,NA,52.843,50.093,49.281,49.0
32147.0,11206,0,4,5.67,60,76,NA,52.468,50.218,49.375,49.093
32256.0,11206,0,4,6.5,70,73,NA,52.531,50.125,49.5,49.062
32364.0,11206,0,4,7.25,77,72,NA,52.343,50.125,49.281,49.093
32472.0,11206,0,4,6.67,72,73,NA,52.312,50.375,49.468,48.968
32579.0,11206,0,4,7.5,80,74,NA,52.218,50.093,49.406,49.062
32688.0,11206,0,4,8.92,72,74,NA,52.125,50.281,49.437,49.218
32796.0,11206,0,4,6.83,72,74,NA,52.437,50.187,49.25,49.062
32905.0,11206,0,4,8.25,90,56,NA,52.531,50.187,49.375,49.062
33013.0,11206,0,4,7.5,90,63,NA,52.687,50.093,49.343,49.0
33121.0,11206,0,4,8.17,90,62,NA,52.656,50.125,49.406,49.093
33229.0,11206,0,4,6.75,81,56,NA,52.875,50.187,49.281,49.031
33339.0,11206,0,4,8.17,90,65,NA,52.656,50.062,49.312,49.031
33446.0,11206,0,4,7.5,81,64,NA,52.75,50.343,49.531,48.968
33555.0,11206,0,4,6.92,83,61,NA,52.625,50.062,49.312,49.093
33664.0,11206,0,4,7.5,90,65,NA,52.812,50.156,49.531,48.906
33773.0,11206,0,4,7.33,80,58,NA,52.687,50.125,49.343,49.093
33882.0,11206,0,4,8.17,90,66,NA,53.0,50.25,49.5,49.0
33990.0,11206,0,4,7.42,81,67,NA,52.593,50.062,49.312,48.937
34098.0,11206,0,4,8.33,83,60,NA,52.843,50.156,49.406,49.031
34206.0,11206,0,4,7.5,90,52,NA,52.656,49.906,49.312,49.031
34315.0,11206,0,4,7.5,81,64,NA,52.656,50.093,49.437,49.0
34422.0,11206,0,4,7.33,88,61,NA,53.031,50.0,49.25,48.968
34530.0,11206,0,4,8.25,90,62,NA,52.75,50.093,49.343,49.0
34638.0,11206,0,4,8.75,90,43,NA,52.781,50.156,49.406,48.968
34745.0,11206,0,4,9.08,100,49,NA,52.625,50.0,49.375,48.937
34853.0,11206,0,4,7.58,91,70,NA,52.562,50.125,49.375,49.062
34961.0,11206,0,4,5.75,60,78,NA,52.718,50.125,49.281,48.968
35068.0,11206,0,4,7.08,75,71,NA,52.437,50.156,49.343,49.0
35176.0,11206,0,4,6.92,45,70,NA,52.437,50.281,49.375,49.062
35283.0,11212,0,4,8.25,80,69,NA,52.218,50.093,49.312,48.968
35392.0,11212,0,4,7.42,72,74,NA,52.156,50.187,49.343,49.093
35500.0,11212,0,4,8.33,80,68,NA,52.125,50.093,49.25,49.0
35607.0,11212,0,4,7.5,81,46,NA,52.281,50.187,49.343,49.062
35714.0,11212,0,4,8.5,91,60,NA,52.781,50.25,49.218,48.968
35821.0,11212,0,4,7.5,81,62,NA,52.812,50.062,49.375,48.968
35928.0,11212,0,4,8.42,83,62,NA,52.718,50.125,49.406,48.968
36035.0,11212,0,4,9.58,90,61,NA,52.562,50.031,49.25,48.937
36143.0,11212,0,4,8.25,90,62,NA,52.656,50.093,49.406,49.0
36250.0,11212,0,4,7.58,81,63,NA,52.812,50.125,49.437,48.843
36359.0,11212,0,4,8.33,90,66,NA,52.593,50.062,49.281,48.906
36467.0,11212,0,4,8.17,83,66,NA,52.625,50.093,49.437,48.875
36576.0,11212,0,4,9.67,90,65,NA,52.531,50.0,49.281,48.843
36684.0,11212,0,4,6.75,81,66,NA,52.75,50.156,49.375,49.093
36792.0,11212,0,4,6.75,81,65,NA,52.75,50.031,49.281,48.937
36900.0,11212,0,4,8.25,90,57,NA,52.687,50.062,49.375,48.968
37008.0,11212,0,4,9.0,92,59,NA,52.937,50.062,49.531,48.968
37116.0,11212,0,4,7.5,80,62,NA,52.562,50.062,49.25,48.906
37224.0,11212,0,4,8.0,88,60,NA,52.75,50.062,49.406,48.937
37332.0,11212,0,4,9.83,77,62,NA,52.812,50.031,49.281,49.0
37440.0,11212,0,4,9.17,100,45,NA,52.843,50.062,49.375,49.0
37548.0,11212,0,4,9.75,100,50,NA,53.156,50.031,49.218,48.875
37655.0,11212,0,4,6.75,72,83,NA,52.687,50.125,49.312,49.062
37763.0,11212,0,4,7.33,62,78,NA,52.343,50.25,49.156,49.062
37871.0,11212,0,4,6.5,70,75,NA,52.25,50.031,49.25,49.031
37979.0,11212,0,4,8.08,72,74,NA,52.468,50.218,49.375,48.968
38088.0,11212,0,4,6.75,81,70,NA,52.5,50.062,49.25,49.031
38195.0,11212,0,4,7.42,72,69,NA,52.281,50.218,49.375,49.093
38303.0,11212,0,4,8.25,81,70,NA,52.093,50.062,49.25,48.937
38410.0,11212,0,4,7.5,81,56,NA,52.343,50.031,49.218,48.968
38517.0,11212,0,4,7.5,90,61,NA,52.968,50.156,49.468,48.937
38625.0,11212,0,4,8.25,90,66,NA,52.593,50.031,49.218,48.937
38732.0,11212,0,4,8.42,84,61,NA,52.812,50.093,49.25,49.0
38839.0,11212,0,4,7.5,90,62,NA,52.812,50.187,49.281,48.843
38946.0,11212,0,4,8.33,83,68,NA,52.593,50.031,49.406,48.937
39054.0,11212,0,4,8.33,90,62,NA,52.625,50.156,49.343,48.906
39161.0,11212,0,4,7.42,81,61,NA,52.656,49.968,49.25,49.0
39268.0,11212,0,4,8.25,90,60,NA,52.812,50.031,49.25,49.031
39375.0,11212,0,4,8.25,81,66,NA,52.875,50.25,49.406,48.875
39483.0,11212,0,4,9.0,90,64,NA,52.781,50.093,49.187,48.875
39591.0,11212,0,4,7.5,81,66,NA,52.656,50.125,49.343,49.125
39700.0,11212,0,4,8.25,90,56,NA,52.625,50.031,49.281,48.937
39807.0,11212,0,4,7.67,83,63,NA,52.781,50.031,49.312,48.968
39914.0,11212,0,4,8.17,90,66,NA,52.75,50.25,49.437,48.906
40022.0,11212,0,4,8.92,90,59,NA,52.781,49.968,49.312,48.968
40130.0,11212,0,4,8.33,90,45,NA,52.781,50.125,49.406,49.0
40237.0,11212,0,4,9.83,100,50,NA,52.718,50.0,49.25,48.875
40344.0,11212,0,4,7.5,90,63,NA,52.812,50.031,49.343,48.937
40453.0,11212,0,4,7.0,66,78,NA,52.562,50.031,49.187,48.937
40560.0,11212,0,4,7.0,66,75,NA,52.25,50.062,49.125,48.937
40667.0,11212,0,4,7.42,72,77,NA,52.187,50.125,49.375,48.906
40774.0,11212,0,4,8.67,77,75,NA,52.062,50.062,49.156,48.968
40883.0,11212,0,4,7.92,58,73,NA,52.187,50.156,49.281,49.062
40991.0,11212,0,4,6.92,72,70,NA,52.218,50.031,49.25,49.031
41100.0,11212,0,4,8.58,77,43,NA,52.031,50.062,49.281,49.062
41208.0,11212,0,4,7.58,91,57,NA,52.5,50.031,49.25,49.0
41316.0,11212,0,4,6.92,83,63,NA,52.125,49.968,49.187,49.156
41424.0,11212,0,4,7.5,90,64,NA,52.343,50.062,49.437,49.156
41532.0,11212,0,4,8.25,90,60,NA,52.218,50.031,49.25,49.031
41640.0,11212,0,4,6.92,83,62,NA,52.218,50.031,49.312,49.25
41748.0,11212,0,4,7.5,90,66,NA,52.218,50.0,49.25,49.187
41857.0,11212,0,4,6.75,81,65,NA,52.312,50.125,49.25,49.156
41966.0,11212,0,4,7.5,90,64,NA,52.281,49.937,49.218,49.125
42074.0,11212,0,4,8.33,91,64,NA,52.25,50.031,49.218,49.156
42183.0,11212,0,4,7.42,81,66,NA,52.5,50.031,49.218,49.187
42291.0,11212,0,4,6.75,81,66,NA,52.218,50.0,49.25,49.187
42399.0,11212,0,4,7.5,90,61,NA,52.343,50.125,49.437,49.093
42506.0,11212,0,4,7.5,90,57,NA,52.187,49.906,49.187,49.125
42613.0,11212,0,4,6.75,81,66,NA,52.312,49.968,49.312,49.187
42720.0,11212,0,4,7.5,90,60,NA,52.531,49.843,49.187,49.093
42828.0,11212,0,4,7.5,81,62,NA,52.281,50.031,49.218,49.156
42935.0,11212,0,4,8.25,90,41,NA,52.562,50.093,49.281,49.125
43042.0,11212,0,4,9.0,100,49,NA,52.468,49.906,49.187,49.0
43150.0,11212,0,4,6.75,81,68,NA,52.437,50.031,49.312,48.968
43258.0,11212,0,4,7.5,41,76,NA,52.312,49.937,49.156,49.0
43367.0,11212,0,4,6.75,71,73,NA,52.093,50.031,49.187,49.156
43475.0,11212,0,4,6.75,63,71,NA,52.062,50.062,49.187,49.0
43582.0,11212,0,4,6.75,55,71,NA,51.968,50.031,49.218,49.031
43692.0,11212,0,4,7.17,70,75,NA,52.125,50.125,49.312,48.875
43801.0,11212,0,4,6.25,75,70,NA,51.906,50.031,49.187,48.906
43909.0,11212,0,4,6.75,81,47,NA,52.031,50.062,49.375,48.812
44018.0,11212,0,4,7.5,90,58,NA,52.125,49.937,49.156,48.812
44127.0,11212,0,4,9.0,84,58,NA,52.312,50.125,49.343,48.812
44235.0,11212,0,4,7.5,90,65,NA,52.187,50.031,49.156,48.875
44343.0,11212,0,4,7.42,63,59,NA,52.187,49.968,49.281,49.125
44451.0,11212,0,4,7.5,90,63,NA,52.156,49.937,49.156,49.0
44558.0,11212,0,4,7.42,81,60,NA,52.187,50.0,49.156,49.125
44665.0,11212,0,4,7.5,81,64,NA,52.406,50.062,49.406,49.031
44772.0,11212,0,4,6.75,81,60,NA,52.625,50.0,49.281,48.968
44880.0,11212,0,4,7.5,81,65,NA,52.531,50.031,49.25,49.031
44988.0,11212,0,4,7.33,88,67,NA,52.468,49.906,49.125,48.906
45095.0,11212,0,4,8.83,81,65,NA,52.406,50.031,49.25,49.062
45202.0,11212,0,4,7.5,90,59,NA,52.531,50.031,49.343,48.937
45310.0,11212,0,4,8.33,83,59,NA,52.687,49.906,49.218,48.968
45417.0,11212,0,4,7.5,90,64,NA,52.437,50.0,49.25,49.093
45524.0,11218,0,4,7.5,81,60,NA,52.562,49.906,49.437,48.937
45631.0,11218,0,4,7.5,90,65,NA,52.406,50.031,49.218,48.937
45738.0,11218,0,4,8.33,100,44,NA,52.625,50.031,49.312,48.875
45846.0,11218,0,4,8.33,100,50,NA,52.75,49.906,49.156,48.906
45953.0,11218,0,4,6.17,54,77,NA,52.281,49.968,49.125,48.906
46062.0,11218,0,4,6.17,66,74,NA,52.062,49.968,49.375,49.031
46169.0,11218,0,4,7.08,77,71,NA,51.937,49.937,49.187,49.062
46277.0,11218,0,4,6.0,72,71,NA,52.062,50.156,49.343,48.906
46386.0,11218,0,4,7.75,75,73,NA,52.125,50.0,49.218,48.937
46493.0,11218,0,4,7.33,80,71,NA,51.937,50.031,49.25,49.093
46601.0,11218,0,4,6.33,76,75,NA,51.906,50.0,49.187,48.968
46709.0,11218,0,4,9.0,90,53,NA,52.0,50.062,49.25,49.031
46818.0,11218,0,4,7.5,90,62,NA,52.406,49.968,49.25,49.031
46926.0,11218,0,4,6.92,83,63,NA,52.125,50.031,49.156,49.062
47034.0,11218,0,4,7.5,90,61,NA,52.156,50.093,49.312,49.031
47142.0,11218,0,4,7.33,88,61,NA,52.125,49.843,49.125,49.062
47251.0,11218,0,4,7.33,80,62,NA,52.343,50.0,49.25,49.0
47360.0,11218,0,4,7.5,90,64,NA,52.187,49.937,49.062,49.093
47467.0,11218,0,4,7.67,83,60,NA,52.312,50.031,49.281,49.093
47575.0,11218,0,4,6.67,80,62,NA,52.343,49.906,49.125,48.937
47683.0,11218,0,4,7.0,84,65,NA,52.593,50.031,49.281,48.937
47791.0,11218,0,4,7.5,90,65,NA,52.531,49.843,49.406,48.812
47900.0,11218,0,4,7.42,81,62,NA,52.437,49.968,49.218,49.0
48007.0,11219,0,4,7.5,90,59,NA,52.75,50.093,49.343,48.906
48116.0,11219,0,4,6.75,81,61,NA,52.312,49.906,49.187,48.937
48223.0,11219,0,4,7.5,90,67,NA,52.437,49.968,49.406,49.031
48331.0,11219,0,4,6.75,81,56,NA,52.437,49.968,49.125,48.875
48439.0,11219,0,4,7.5,90,43,NA,52.468,49.968,49.187,48.937
48547.0,11219,0,4,9.0,100,50,NA,52.75,49.812,49.062,48.843
48655.0,11219,0,4,8.33,100,60,NA,52.375,49.937,49.156,48.937
48763.0,11219,0,4,6.67,54,77,NA,52.281,50.0,49.25,48.875
48871.0,11219,0,4,6.58,70,76,NA,51.843,49.906,49.093,48.968
48979.0,11219,0,4,7.25,70,76,NA,51.906,50.093,49.218,48.968
49087.0,11219,0,4,6.75,72,70,NA,52.187,49.937,49.125,48.968
49194.0,11219,0,4,6.67,80,70,NA,51.937,49.968,49.281,49.062
49302.0,11219,0,4,6.0,72,71,NA,52.0,50.062,49.343,48.875
49409.0,11219,0,4,6.58,70,38,NA,51.812,49.906,49.062,48.937
49516.0,11219,0,4,8.33,100,55,NA,52.062,49.968,49.312,49.125
49624.0,11219,0,4,7.58,91,57,NA,52.062,49.875,49.093,49.031
49731.0,11219,0,4,6.75,81,55,NA,52.312,49.906,49.25,49.093
49839.0,11219,0,4,8.92,90,55,NA,52.531,50.031,49.343,48.906
49947.0,11219,0,4,7.33,88,55,NA,52.437,49.906,49.093,48.937
50055.0,11219,0,4,8.25,91,52,NA,52.5,50.0,49.218,48.875
50164.0,11219,0,4,7.5,81,59,NA,52.437,49.875,49.125,48.968
50271.0,11219,0,4,7.5,90,56,NA,52.468,50.0,49.218,48.937
50380.0,11219,0,4,8.25,91,60,NA,52.468,49.812,49.093,48.937
50487.0,11219,0,4,7.33,88,59,NA,52.468,49.843,49.156,48.937
50594.0,11219,0,4,7.58,91,62,NA,52.718,50.062,49.406,48.937
50701.0,11219,0,4,7.5,90,51,NA,52.406,49.875,49.031,48.875
50808.0,11219,0,4,7.58,91,57,NA,52.531,49.937,49.187,48.968
50916.0,11219,0,4,7.33,88,54,NA,52.562,50.062,49.156,48.937
51023.0,11218,0,4,8.33,91,55,NA,52.468,49.843,49.093,48.906
51131.0,11218,0,4,7.5,90,38,NA,52.406,49.968,49.281,48.875
51239.0,11218,0,4,9.0,100,48,NA,52.343,49.875,49.156,48.843
51347.0,11218,0,4,7.5,90,70,NA,52.468,49.906,49.218,48.906
51455.0,11218,0,4,5.0,50,80,NA,52.125,49.937,49.093,48.968
51564.0,11218,0,4,7.33,70,71,NA,51.937,49.937,49.187,48.937
51672.0,11218,0,4,7.42,81,70,NA,52.281,49.875,49.156,48.937
51779.0,11218,0,4,6.92,75,71,NA,51.75,49.937,49.125,48.968
51889.0,11218,0,4,8.17,80,72,NA,51.937,50.062,49.093,48.843
51997.0,11218,0,4,6.67,70,71,NA,51.875,49.906,49.125,48.906
52105.0,11218,0,4,8.17,81,40,NA,52.093,50.125,49.312,48.906
52214.0,11218,0,4,8.25,90,56,NA,52.312,49.906,49.187,48.875
52321.0,11218,0,4,8.25,83,63,NA,52.156,50.031,49.156,49.156
52429.0,11218,0,4,6.92,83,64,NA,52.375,49.875,49.062,48.812
52538.0,11218,0,4,8.17,90,61,NA,52.312,50.0,49.125,48.937
52645.0,11218,0,4,7.5,90,62,NA,52.625,50.062,49.062,48.843
52754.0,11218,0,4,7.92,70,65,NA,52.25,49.906,49.156,49.0
52862.0,11218,0,4,6.92,83,66,NA,52.187,50.062,49.312,49.0
52970.0,11218,0,4,8.17,90,64,NA,52.156,49.906,49.125,48.937
53079.0,11218,0,4,6.92,83,65,NA,52.343,49.906,49.25,48.875
53186.0,11218,0,4,8.17,90,65,NA,52.375,49.812,49.156,48.968
53294.0,11218,0,4,7.42,81,65,NA,52.187,49.875,49.156,49.062
53402.0,11218,0,4,7.5,90,54,NA,52.062,49.781,49.062,48.937
53509.0,11218,0,4,7.5,90,61,NA,52.062,49.875,49.187,49.0
53617.0,11218,0,4,7.42,80,61,NA,52.281,50.0,49.031,48.937
53725.0,11218,0,4,7.5,90,61,NA,52.125,49.843,49.062,48.906
53832.0,11218,0,4,7.5,81,64,NA,52.125,49.906,49.187,49.0
53939.0,11218,0,4,8.33,100,44,NA,52.125,49.75,49.062,48.906
54046.0,11218,0,4,8.33,100,51,NA,52.062,49.843,49.062,48.968
54154.0,11218,0,4,7.33,80,77,NA,52.25,50.031,49.281,48.875
54263.0,11218,0,4,6.0,55,76,NA,51.937,49.875,49.062,48.843
54370.0,11218,0,4,6.75,72,71,NA,51.843,50.062,49.187,48.718
54479.0,11218,0,4,6.75,81,71,NA,51.875,49.906,49.093,48.812
54588.0,11218,0,4,7.75,75,72,NA,52.0,49.968,49.156,48.812
54696.0,11218,0,4,7.0,75,72,NA,52.031,49.843,49.093,48.812
54804.0,11218,0,4,6.75,72,75,NA,51.75,50.0,49.125,48.906
54911.0,11218,0,4,7.5,90,55,NA,51.843,50.031,49.25,48.781
55019.0,11219,0,4,8.25,90,62,NA,51.968,49.875,49.062,48.812
55127.0,11219,0,4,8.17,90,62,NA,52.156,49.968,49.218,48.875
55235.0,11219,0,4,6.75,81,56,NA,52.031,49.781,49.062,48.781
55344.0,11219,0,4,8.17,90,62,NA,52.093,49.937,49.156,48.875
55451.0,11219,0,4,6.75,81,68,NA,52.0,49.812,49.031,48.75
55560.0,11219,0,4,7.5,90,65,NA,52.187,49.843,49.031,48.843
55667.0,11219,0,4,6.67,80,62,NA,52.187,49.843,49.218,48.812
55775.0,11230,0,4,8.25,90,64,NA,52.031,49.968,49.062,48.75
55882.0,11230,0,4,7.67,83,65,NA,52.062,49.937,49.125,48.843
55989.0,11230,0,4,7.5,90,66,NA,52.0,49.781,49.031,48.781
56097.0,11230,0,4,6.75,81,65,NA,52.031,49.843,49.031,48.781
56204.0,11230,0,4,8.17,90,58,NA,52.25,49.937,49.218,48.687
56312.0,11230,0,4,6.75,81,55,NA,52.093,49.812,49.093,48.812
56419.0,11230,0,4,7.5,90,61,NA,52.125,49.875,49.031,48.812
56527.0,11230,0,4,7.5,90,58,NA,52.093,49.75,49.062,48.75
56635.0,11230,0,4,8.33,91,45,NA,51.937,49.875,49.062,48.812
56742.0,11230,0,4,8.33,100,48,NA,52.218,49.875,49.062,48.687
56850.0,11230,0,4,8.25,90,59,NA,52.0,49.812,48.968,48.718
56956.0,11230,0,4,6.0,63,78,NA,52.062,49.937,49.062,48.781
57063.0,11230,0,4,6.0,72,73,NA,51.843,49.843,49.062,48.718
57172.0,11230,0,4,7.58,75,69,NA,51.75,49.812,49.031,48.718
57280.0,11230,0,4,7.33,78,70,NA,51.968,49.812,48.968,48.75
57388.0,11230,0,4,7.42,80,71,NA,51.781,49.875,49.093,48.812
57496.0,11230,0,4,6.67,70,73,NA,51.875,50.0,49.25,48.781
57605.0,11230,0,4,7.42,80,37,NA,51.687,49.812,49.031,48.812
57712.0,11230,0,4,6.75,81,57,NA,52.187,49.875,49.156,48.875
57820.0,11230,0,4,7.67,83,59,NA,52.218,49.812,49.0,48.687
57927.0,11230,0,4,8.25,90,56,NA,52.062,49.812,49.093,48.781
58035.0,11230,0,4,6.75,81,60,NA,52.062,49.968,49.156,48.687
58143.0,11230,0,4,8.92,90,62,NA,52.062,49.812,49.0,48.75
58250.0,11230,0,4,7.0,84,62,NA,52.156,49.812,49.156,48.781
58358.0,11230,0,4,7.33,88,62,NA,52.187,49.687,49.031,48.75
58465.0,11230,0,4,7.42,81,62,NA,52.093,49.875,49.062,48.75
58573.0,11230,0,4,8.08,81,65,NA,52.093,49.937,49.125,48.656
58681.0,11230,0,4,7.5,90,65,NA,51.968,49.875,49.031,48.75
58788.0,11230,0,4,7.42,81,65,NA,52.187,49.812,49.125,48.781
58897.0,11230,0,4,7.33,80,60,NA,52.218,49.781,49.031,48.718
59005.0,11230,0,4,7.5,90,59,NA,52.062,49.875,49.031,48.812
59113.0,11230,0,4,7.5,90,66,NA,52.0,49.968,49.031,48.812
59222.0,11230,0,4,6.75,81,59,NA,51.968,49.843,49.062,48.75
59330.0,11230,0,4,7.5,90,63,NA,52.093,49.75,49.218,48.687
59437.0,11230,0,4,8.17,90,43,NA,52.0,49.781,49.031,48.781
59545.0,11230,0,4,8.33,100,50,NA,52.062,49.843,49.125,48.687
59653.0,11230,0,4,6.67,80,81,NA,51.968,49.781,48.937,48.718
59761.0,11230,0,4,6.92,75,73,NA,52.0,49.937,49.062,48.812
59871.0,11230,0,4,7.33,72,71,NA,51.812,49.781,49.031,48.812
59978.0,11230,0,4,6.25,75,68,NA,51.656,49.875,49.0,48.781
60086.0,11230,0,4,7.17,77,69,NA,52.125,49.843,49.0,48.687
60195.0,11230,0,4,8.67,78,69,NA,51.812,49.875,49.031,48.781
60305.0,11230,0,4,6.0,72,69,NA,51.656,49.812,49.031,48.718
60412.0,11230,0,4,7.42,80,53,NA,51.75,49.875,49.0,48.75
60521.0,11230,0,4,8.33,91,56,NA,52.062,50.0,49.125,48.625
60629.0,11230,0,4,8.08,88,66,NA,52.031,49.718,48.968,48.812
60737.0,11230,0,4,6.92,83,56,NA,52.062,49.812,49.125,48.656
60844.0,11230,0,4,7.5,90,60,NA,52.031,49.687,49.031,48.812
60952.0,11230,0,4,7.42,81,65,NA,52.0,49.75,49.031,48.875
61061.0,11230,0,4,7.5,90,56,NA,52.343,49.75,48.968,48.843
61169.0,11230,0,4,6.92,83,64,NA,52.062,49.75,49.031,48.906
61278.0,11230,0,4,7.33,88,60,NA,52.0,49.781,48.968,48.843
61386.0,11230,0,4,8.92,90,67,NA,51.968,49.687,49.062,48.937
61494.0,11230,0,4,7.67,75,64,NA,52.25,49.906,48.968,48.812
61602.0,11230,0,4,7.08,55,61,NA,52.062,49.812,48.968,48.781
61711.0,11230,0,4,7.42,81,57,NA,52.062,49.875,49.218,48.875
61819.0,11230,0,4,8.17,90,67,NA,52.0,49.718,49.031,48.843
61927.0,11230,0,4,6.75,81,66,NA,52.125,49.843,49.062,48.906
62034.0,11230,0,4,8.17,90,60,NA,52.218,49.625,48.937,48.843
62142.0,11230,0,4,8.42,92,43,NA,51.968,49.75,49.062,48.875
62251.0,11230,0,4,8.33,100,44,NA,52.031,49.687,48.937,48.875
62358.0,11230,0,4,7.5,90,51,NA,52.0,49.656,49.093,48.812
62466.0,11230,0,4,5.83,50,78,NA,52.031,49.875,49.093,48.875
62574.0,11230,0,4,6.25,75,72,NA,51.75,49.75,48.968,48.812
62683.0,11230,0,4,6.0,72,74,NA,51.843,49.906,49.031,48.875
62793.0,11230,0,4,7.67,83,71,NA,51.593,49.875,49.0,48.812
62901.0,11230,0,4,7.17,70,72,NA,51.781,49.968,49.125,48.687
63009.0,11230,0,4,6.75,81,71,NA,51.718,49.781,49.031,48.781
63117.0,11230,0,4,6.5,70,57,NA,51.718,49.875,49.062,48.75
63226.0,11230,0,4,7.58,91,53,NA,52.125,49.781,49.0,48.781
63334.0,11230,0,4,8.5,87,56,NA,52.062,49.812,48.968,48.906
63442.0,11230,0,4,7.58,91,55,NA,52.093,49.718,48.812,48.875
63550.0,11230,0,4,7.25,87,55,NA,52.031,49.75,49.0,48.937
63658.0,11230,0,4,7.5,90,57,NA,52.125,50.0,49.156,48.843
63767.0,11230,0,4,8.17,90,57,NA,52.0,49.718,49.0,48.937
63875.0,11230,0,4,7.5,90,58,NA,52.062,49.812,49.062,48.875
63983.0,11230,0,4,7.5,90,62,NA,52.031,49.781,48.937,48.812
64090.0,11230,0,4,8.17,90,58,NA,52.062,49.75,49.031,48.937
64198.0,11230,0,4,7.5,90,62,NA,52.218,49.906,48.906,48.843
64307.0,11230,0,4,8.17,90,58,NA,52.062,49.812,49.0,48.968
64414.0,11230,0,4,7.33,88,55,NA,52.125,49.906,49.187,48.906
64523.0,11230,0,4,7.33,88,64,NA,52.062,49.75,49.0,48.906
64630.0,11230,0,4,7.5,90,61,NA,52.187,49.843,49.031,48.812
64739.0,11230,0,4,9.0,92,52,NA,52.187,49.781,48.937,48.781
64846.0,11230,0,4,9.58,100,39,NA,52.062,49.843,49.031,48.906
64954.0,11230,0,4,8.33,100,50,NA,51.937,49.906,49.0,48.875
65063.0,11230,0,4,7.5,90,67,NA,51.875,49.781,49.0,48.843
65172.0,11230,0,4,5.92,71,80,NA,52.093,49.593,49.187,48.718
65281.0,11230,0,4,6.17,66,72,NA,51.75,49.781,49.0,48.812
65389.0,11230,0,4,6.67,80,74,NA,52.156,49.687,48.937,48.781
65498.0,11230,0,4,7.5,72,74,NA,51.656,49.781,49.0,48.781
65607.0,11230,0,4,6.75,72,75,NA,51.781,49.875,48.968,48.781
65715.0,11230,0,4,7.0,75,69,NA,51.718,49.875,48.937,48.812
65824.0,11230,0,4,6.67,80,51,NA,52.031,50.0,49.156,48.75
65932.0,11230,0,4,8.17,90,55,NA,52.25,49.812,48.968,48.687
66040.0,11241,0,4,8.08,88,57,NA,52.031,49.906,49.031,48.781
66147.0,11241,0,4,10.25,88,54,NA,51.968,49.656,49.0,48.687
66253.0,11241,0,4,7.5,90,53,NA,51.843,49.718,48.968,48.75
66361.0,11241,0,4,8.33,90,58,NA,52.25,49.875,49.093,48.718
66469.0,11241,0,4,8.33,91,52,NA,51.875,49.687,49.0,48.687
66576.0,11241,0,4,8.0,80,54,NA,52.062,49.781,49.031,48.718
66684.0,11241,0,4,8.25,90,55,NA,52.062,49.656,48.968,48.625
66792.0,11241,0,4,8.33,83,63,NA,51.968,49.75,49.031,48.656
66901.0,11241,0,4,7.5,90,57,NA,52.25,49.906,48.906,48.75
67008.0,11241,0,4,8.08,88,61,NA,51.875,49.75,48.937,48.718
67115.0,11241,0,4,8.25,90,54,NA,52.125,49.875,49.031,48.687
67223.0,11241,0,4,7.92,87,60,NA,52.0,49.656,48.906,48.656
67332.0,11241,0,4,7.5,90,54,NA,51.906,49.718,48.968,48.75
67439.0,11241,0,4,8.25,91,58,NA,52.218,49.656,48.906,48.625
67547.0,11241,0,4,8.33,100,42,NA,52.0,49.687,49.031,48.593
67655.0,11241,0,4,8.33,100,51,NA,52.0,49.75,49.156,48.468
67763.0,11241,0,4,6.67,80,67,NA,51.875,49.656,48.968,48.593
67872.0,11241,0,4,6.67,72,75,NA,52.062,49.968,49.031,48.656
67980.0,11241,0,4,6.92,75,67,NA,52.062,49.656,48.968,48.656
68087.0,11241,0,4,7.42,72,73,NA,51.812,49.781,49.031,48.718
68196.0,11241,0,4,7.75,75,75,NA,51.718,49.718,48.968,48.687
68304.0,11241,0,4,7.42,80,75,NA,51.656,49.781,49.062,48.718
68413.0,11241,0,4,7.5,80,67,NA,51.875,49.75,48.843,48.656
68520.0,11241,0,4,8.17,80,53,NA,51.625,49.812,48.875,48.718
68626.0,11241,0,4,8.42,83,58,NA,51.843,49.843,49.031,48.687
68732.0,11241,0,4,7.5,90,56,NA,51.843,49.656,48.843,48.593
68839.0,11241,0,4,6.75,81,65,NA,51.843,49.718,48.968,48.656
68946.0,11241,0,4,8.17,90,54,NA,52.25,49.718,49.031,48.656
69052.0,11241,0,4,7.33,80,62,NA,52.281,49.687,48.843,48.593
69158.0,11241,0,4,7.5,90,64,NA,51.812,49.687,48.875,48.656
69264.0,11241,0,4,6.67,80,66,NA,52.031,49.75,49.031,48.625
69370.0,11241,0,4,8.17,90,66,NA,52.093,49.781,48.875,48.562
69475.0,11241,0,4,6.75,81,66,NA,52.156,49.562,48.937,48.625
69581.0,11241,0,4,7.5,90,66,NA,51.906,49.718,48.906,48.687
69687.0,11241,0,4,6.67,80,66,NA,51.968,49.718,49.031,48.687
69794.0,11241,0,4,8.25,90,56,NA,52.062,49.593,48.875,48.625
69899.0,11241,0,4,7.5,90,61,NA,51.875,49.718,48.843,48.625
70006.0,11241,0,4,6.67,80,62,NA,51.968,49.718,48.968,48.687
70113.0,11241,0,4,7.5,90,62,NA,51.812,49.968,48.875,48.625
70218.0,11241,0,4,14.0,83,63,NA,52.0,49.593,48.937,48.625
70325.0,11241,0,4,8.33,100,44,NA,51.906,49.75,48.968,48.593
70431.0,11241,0,4,9.67,100,49,NA,52.125,49.75,49.031,48.625
70539.0,11241,0,4,6.42,77,69,NA,51.75,49.687,48.937,48.562
70647.0,11241,0,4,5.5,66,75,NA,51.718,49.843,48.968,48.718
70753.0,11241,0,4,6.75,81,73,NA,51.75,49.656,48.843,48.5
70861.0,11241,0,4,6.67,72,71,NA,51.625,49.625,48.906,48.687
70970.0,11242,0,4,6.92,75,70,NA,51.906,49.656,49.125,48.593
71078.0,11242,0,4,7.33,80,71,NA,51.718,49.781,48.968,48.656
71186.0,11242,0,4,8.42,75,70,NA,51.625,49.812,49.093,48.531
71294.0,11242,0,4,6.67,80,55,NA,51.562,49.625,48.906,48.656
71402.0,11242,0,4,7.33,88,60,NA,51.812,49.718,49.0,48.718
71510.0,11242,0,4,9.0,90,64,NA,52.062,49.687,48.812,48.593
71618.0,11242,0,4,6.75,81,57,NA,51.968,49.718,48.968,48.625
71725.0,11242,0,4,7.5,90,59,NA,52.062,49.562,48.875,48.468
71833.0,11242,0,4,8.5,84,64,NA,51.843,49.625,48.875,48.593
71942.0,11242,0,4,8.0,88,56,NA,52.062,49.812,49.031,48.5
72050.0,11242,0,4,6.75,81,63,NA,52.093,49.625,48.843,48.625
72158.0,11242,0,4,7.67,83,63,NA,52.031,49.656,48.968,48.593
72264.0,11242,0,4,8.25,90,65,NA,51.875,49.531,48.937,48.625
72371.0,11242,0,4,7.5,81,66,NA,51.937,49.625,48.781,48.812
72477.0,11242,0,4,7.17,77,61,NA,51.968,49.812,49.0,48.781
72584.0,11242,0,4,7.5,90,60,NA,52.187,49.562,48.906,48.718
72690.0,11242,0,4,7.5,90,62,NA,51.937,49.687,48.906,48.781
72797.0,11242,0,4,6.75,81,65,NA,52.062,49.718,49.031,48.843
72904.0,11242,0,4,7.5,90,61,NA,52.093,49.531,48.843,48.75
73011.0,11242,0,4,7.5,90,46,NA,51.875,49.593,48.843,48.781
73118.0,11242,0,4,8.33,100,44,NA,51.968,49.656,49.031,48.843
73224.0,11242,0,4,9.0,100,50,NA,51.781,49.625,48.843,48.812
73331.0,11242,0,4,6.67,72,79,NA,51.812,49.593,49.0,48.75
73437.0,11242,0,4,6.58,70,72,NA,51.875,49.75,49.031,48.656
73552.0,11242,0,4,6.58,70,73,NA,51.625,49.656,49.031,48.718
73660.0,11242,0,4,7.0,75,71,NA,51.562,49.593,48.937,48.75
73767.0,11242,0,4,7.33,80,73,NA,51.531,49.687,48.843,48.718
73873.0,11242,0,4,5.83,70,72,NA,51.687,49.718,49.0,48.75
73981.0,11242,0,4,6.25,75,90,NA,51.562,49.625,48.812,48.656
74089.0,11242,0,4,9.67,100,51,NA,51.843,49.687,48.968,48.718
74196.0,11242,0,4,8.25,91,57,NA,51.781,49.781,48.812,48.812
74302.0,11242,0,4,7.75,63,63,NA,52.031,49.562,48.937,48.656
74410.0,11242,0,4,7.67,66,52,NA,52.125,49.687,49.062,48.75
74519.0,11242,0,4,7.5,90,56,NA,52.187,49.562,48.781,48.781
74627.0,11242,0,4,8.17,90,61,NA,51.843,49.843,48.937,48.843
74735.0,11242,0,4,8.0,87,60,NA,51.875,49.656,48.812,48.781
74842.0,11242,0,4,7.5,90,58,NA,51.875,49.687,48.906,48.781
74949.0,11242,0,4,7.33,88,61,NA,52.031,49.781,49.031,48.812
75056.0,11242,0,4,7.5,90,58,NA,52.156,49.656,48.843,48.812
75164.0,11242,0,4,7.5,90,59,NA,51.937,49.718,48.937,48.812
75272.0,11242,0,4,7.67,92,54,NA,51.812,49.625,48.812,48.687
75379.0,11242,0,4,8.25,91,56,NA,51.843,49.562,48.843,48.812
75487.0,11242,0,4,8.17,90,58,NA,52.156,49.75,49.062,48.687
75595.0,11242,0,4,7.5,90,54,NA,52.156,49.656,48.843,48.75
75703.0,11242,0,4,9.0,100,42,NA,51.937,49.718,48.906,48.812
75811.0,11242,0,4,9.0,100,46,NA,51.781,49.5,48.781,48.812
75919.0,11242,0,4,7.5,90,56,NA,51.812,49.656,48.937,48.75
76028.0,11242,0,4,6.17,66,79,NA,51.968,49.593,48.812,48.625
76136.0,11242,0,4,6.67,70,74,NA,51.718,49.656,48.875,48.718
76244.0,11254,0,4,7.83,75,64,NA,51.593,49.812,48.968,48.625
76351.0,11254,0,4,6.92,75,72,NA,51.531,49.593,48.906,48.75
76459.0,11254,0,4,7.42,81,74,NA,51.656,49.812,48.937,48.718
76567.0,11254,0,4,6.25,66,75,NA,51.75,49.656,48.781,48.656
76676.0,11254,0,4,6.75,63,47,NA,51.687,49.75,48.968,48.718
76784.0,11254,0,4,9.67,90,51,NA,51.812,49.562,48.843,48.75
76892.0,11254,0,4,7.33,88,57,NA,51.812,49.687,48.875,48.812
77000.0,11254,0,4,7.5,90,62,NA,52.0,49.718,49.062,48.781
77108.0,11254,0,4,8.17,81,55,NA,51.906,49.656,48.906,48.812
77216.0,11254,0,4,8.17,90,58,NA,52.093,49.656,48.968,48.593
77324.0,11254,0,4,7.5,90,52,NA,52.062,49.562,48.875,48.718
77431.0,11254,0,4,8.83,91,60,NA,52.187,49.625,48.906,48.718
77540.0,11254,0,4,7.58,91,56,NA,52.218,49.593,48.812,48.625
77648.0,11254,0,4,7.25,87,59,NA,52.187,49.562,48.906,48.656
77757.0,11254,0,4,8.17,90,61,NA,52.468,49.531,48.812,48.625
77865.0,11254,0,4,7.0,84,60,NA,52.187,49.656,48.875,48.687
77974.0,11254,0,4,8.83,90,49,NA,52.218,49.562,48.812,48.625
78083.0,11254,0,4,7.5,90,54,NA,52.093,49.593,48.843,48.718
78191.0,11254,0,4,7.5,90,55,NA,52.312,49.75,48.812,48.625
78302.0,11254,0,4,7.5,90,53,NA,52.062,49.625,48.843,48.687
78410.0,11254,0,4,8.25,90,37,NA,52.093,49.781,48.75,48.593
78518.0,11254,0,4,8.33,100,49,NA,52.125,49.562,48.875,48.593
78626.0,11254,0,4,7.5,90,68,NA,52.218,49.625,49.031,48.562
78735.0,11254,0,4,5.0,60,78,NA,51.781,49.625,48.843,48.718
78843.0,11254,0,4,6.0,72,75,NA,51.656,49.812,48.968,48.625
78952.0,11254,0,4,8.08,80,72,NA,51.562,49.593,48.781,48.593
79059.0,11254,0,4,7.67,75,70,NA,51.718,49.812,48.875,48.656
79167.0,11254,0,4,6.25,75,70,NA,51.718,49.875,48.843,48.625
79274.0,11254,0,4,7.5,81,72,NA,51.562,49.656,48.812,48.687
79381.0,11254,0,4,6.75,81,51,NA,51.656,49.781,48.906,48.593
79488.0,11254,0,4,9.0,81,56,NA,51.875,49.593,48.718,48.687
79596.0,11254,0,4,8.25,90,58,NA,52.218,49.656,48.968,48.593
79703.0,11254,0,4,7.5,90,52,NA,52.375,49.593,49.062,48.625
79810.0,11254,0,4,7.58,91,56,NA,52.125,49.593,48.812,48.593
79918.0,11254,0,4,8.17,90,59,NA,52.156,49.656,49.031,48.718
80026.0,11254,0,4,7.5,90,62,NA,52.031,49.531,48.75,48.687
80133.0,11254,0,4,9.0,90,61,NA,52.062,49.593,48.875,48.656
80241.0,11254,0,4,7.33,88,55,NA,52.25,49.562,49.093,48.656
80348.0,11254,0,4,7.58,91,59,NA,52.156,49.562,48.812,48.625
80456.0,11254,0,4,6.75,81,61,NA,52.156,49.718,48.937,48.625
80564.0,11254,0,4,8.25,90,53,NA,52.0,49.531,48.718,48.531
80671.0,11254,0,4,7.5,90,53,NA,52.062,49.625,48.843,48.656
80778.0,11254,0,4,8.25,90,60,NA,52.281,49.625,48.781,48.593
80887.0,11254,0,4,8.0,88,52,NA,52.093,49.5,48.843,48.625
80994.0,11254,0,4,7.0,84,53,NA,52.125,49.656,48.812,48.687
81102.0,11254,0,4,8.33,100,43,NA,52.062,49.531,48.812,48.531
81209.0,11254,0,4,9.08,100,51,NA,52.031,49.562,48.906,48.593
81316.0,11254,0,4,7.42,80,71,NA,52.093,49.781,48.781,48.531
81424.0,11254,0,4,5.25,37,74,NA,51.656,49.562,48.75,48.593
81532.0,11254,0,4,6.75,72,73,NA,51.625,49.625,48.937,48.593
81641.0,11254,0,4,7.58,83,71,NA,51.531,49.562,48.75,48.562
81749.0,11254,0,4,8.08,72,70,NA,51.718,49.781,48.843,48.687
81856.0,11254,0,4,7.92,77,70,NA,51.718,49.593,48.781,48.625
81963.0,11254,0,4,6.25,66,66,NA,51.562,49.562,48.812,48.593
82071.0,11254,0,4,7.58,91,51,NA,51.593,49.812,48.968,48.562
82178.0,11254,0,4,7.5,90,56,NA,51.75,49.593,48.718,48.75
82284.0,11254,0,4,7.5,90,57,NA,51.781,49.562,48.875,48.812
82391.0,11254,0,4,8.25,90,56,NA,52.093,49.718,48.937,48.687
82498.0,11254,0,4,8.17,90,52,NA,52.218,49.593,48.781,48.718
82606.0,11254,0,4,8.0,88,55,NA,51.843,49.656,48.843,48.781
82713.0,11254,0,4,8.25,90,59,NA,51.968,49.562,48.75,48.781
82821.0,11254,0,4,7.5,90,58,NA,51.781,49.531,48.906,48.75
82928.0,11254,0,4,7.5,90,56,NA,52.062,49.75,48.968,48.625
83035.0,11254,0,4,7.58,91,58,NA,51.781,49.562,48.75,48.687
83142.0,11254,0,4,8.25,90,59,NA,51.968,49.593,48.968,48.687
83250.0,11254,0,4,7.5,90,52,NA,51.906,49.781,48.812,48.687
83357.0,11254,0,4,7.5,90,52,NA,51.843,49.562,48.843,48.781
83465.0,11254,0,4,8.17,90,61,NA,51.781,49.625,48.875,48.625
83572.0,11254,0,4,7.5,90,52,NA,51.781,49.562,48.843,48.656
83682.0,11254,0,4,8.33,92,61,NA,51.812,49.562,48.875,48.75
83789.0,11254,0,4,9.08,100,42,NA,51.843,49.531,48.718,48.687
83896.0,11254,0,4,8.33,100,46,NA,51.875,49.562,48.812,48.656
84003.0,11254,0,4,8.17,80,67,NA,52.031,49.625,48.937,48.625
84114.0,11254,0,4,6.92,50,75,NA,51.687,49.562,48.843,48.625
84221.0,11254,0,4,7.42,53,77,NA,51.781,49.718,48.937,48.625
84329.0,11254,0,4,8.0,60,74,NA,51.593,49.5,48.781,48.656
84439.0,11254,0,4,8.42,66,75,NA,51.843,49.687,48.968,48.656
84546.0,11254,0,4,8.75,70,73,NA,52.031,49.562,48.718,48.687
84654.0,11254,0,4,7.5,54,71,NA,51.781,49.687,48.843,48.781
84761.0,11254,0,4,9.17,50,52,NA,52.031,49.562,48.75,48.656
84870.0,11254,0,4,9.67,100,54,NA,51.843,49.562,48.875,48.812
84979.0,11254,0,4,8.92,91,56,NA,52.0,49.562,48.718,48.656
85087.0,11254,0,4,9.83,83,51,NA,52.0,49.593,48.687,48.718
85193.0,11254,0,4,7.5,90,62,NA,52.156,49.625,48.906,48.718
85300.0,11254,0,4,7.5,90,58,NA,52.062,49.468,48.718,48.625
85407.0,11254,0,4,7.5,81,62,NA,52.093,49.562,48.718,48.593
85516.0,11254,0,4,9.08,91,60,NA,52.375,49.656,48.968,48.5
85624.0,11254,0,4,8.08,81,60,NA,52.468,49.531,48.781,48.625
85730.0,11254,0,4,8.92,90,65,NA,52.125,49.562,48.843,48.531
85837.0,11254,0,4,6.75,81,64,NA,52.093,49.531,48.781,48.531
85945.0,11254,0,4,8.25,90,64,NA,52.031,49.531,48.875,48.593
86054.0,11254,0,4,8.33,90,57,NA,52.406,49.625,48.968,48.5
86162.0,11254,0,4,8.25,83,68,NA,52.062,49.5,48.718,48.5
86270.0,11254,0,4,8.25,90,60,NA,52.25,49.562,48.906,48.562
86377.0,11254,0,4,9.5,88,60,NA,52.031,49.468,48.718,48.5
86484.0,11255,0,4,8.17,83,43,NA,52.093,49.562,48.781,48.5
86590.0,11255,0,4,9.83,100,42,NA,52.406,49.593,49.0,48.468
86699.0,11255,0,4,11.0,100,49,NA,52.062,49.468,48.843,48.593
86807.0,11255,0,4,6.83,63,80,NA,51.937,49.625,48.906,48.562
86915.0,11255,0,4,7.83,69,75,NA,51.656,49.562,48.687,48.593
87025.0,11255,0,4,6.75,55,74,NA,51.875,49.625,48.875,48.593
87133.0,11255,0,4,7.5,72,74,NA,52.031,49.562,48.718,48.656
87241.0,11255,0,4,6.33,66,76,NA,51.656,49.625,48.781,48.656
87350.0,11255,0,4,6.92,58,72,NA,51.562,49.5,48.687,48.625
87459.0,11255,0,4,7.42,70,38,NA,51.843,49.656,48.875,48.625
87567.0,11255,0,4,9.0,90,53,NA,51.968,49.5,48.687,48.593
87674.0,11255,0,4,9.0,90,55,NA,51.906,49.562,48.812,48.593
87781.0,11255,0,4,8.25,90,54,NA,52.0,49.625,48.968,48.531
87891.0,11255,0,4,9.08,91,58,NA,52.062,49.5,48.843,48.562
87999.0,11255,0,4,7.5,90,60,NA,52.187,49.593,48.812,48.656
88105.0,11255,0,4,8.17,80,64,NA,52.218,49.5,48.656,48.468
88212.0,11255,0,4,10.33,90,64,NA,52.093,49.5,48.687,48.593
88320.0,11255,0,4,6.92,83,63,NA,52.062,49.625,48.906,48.562
88430.0,11255,0,4,7.5,90,54,NA,52.156,49.468,48.812,48.625
88537.0,11255,0,4,8.33,72,63,NA,52.031,49.593,48.968,48.625
88645.0,11255,0,4,8.75,80,62,NA,52.062,49.437,48.75,48.468
88752.0,11255,0,4,8.42,91,55,NA,52.187,49.437,48.781,48.5
88860.0,11255,0,4,9.0,72,60,NA,52.656,49.687,48.656,48.375
88967.0,11255,0,4,8.25,81,64,NA,52.625,49.531,48.75,48.406
89075.0,11255,0,4,9.0,90,54,NA,52.812,49.656,49.031,48.437
89184.0,11255,0,4,8.17,90,60,NA,52.625,49.562,48.718,48.406
89291.0,11255,0,4,7.5,90,44,NA,52.812,49.562,48.781,48.375
89401.0,11255,0,4,10.33,100,49,NA,52.75,49.406,48.718,48.406
89508.0,11255,0,4,8.92,90,64,NA,52.593,49.531,48.781,48.531
89616.0,11255,0,4,7.25,44,78,NA,52.093,49.437,48.687,48.468
89724.0,11255,0,4,7.5,72,71,NA,51.906,49.562,48.75,48.468
89831.0,11255,0,4,8.92,80,70,NA,52.093,49.656,48.843,48.468
89940.0,11255,0,4,5.58,27,71,NA,51.593,49.562,48.781,48.562
90050.0,11255,0,4,9.5,72,74,NA,51.656,49.687,48.625,48.562
90159.0,11255,0,4,7.0,66,74,NA,51.593,49.562,48.781,48.562
90267.0,11255,0,4,5.83,50,58,NA,51.781,49.656,48.812,48.5
90377.0,11255,0,4,9.75,91,59,NA,51.718,49.562,48.718,48.406
90485.0,11255,0,4,6.75,81,59,NA,51.687,49.593,48.843,48.437
90592.0,11255,0,4,8.83,90,62,NA,51.687,49.468,48.718,48.437
90702.0,11255,0,4,8.33,90,55,NA,51.937,49.593,48.843,48.343
90812.0,11255,0,4,7.5,81,58,NA,51.718,49.5,48.718,48.5
90919.0,11255,0,4,8.92,90,59,NA,51.781,49.562,48.843,48.343
91027.0,11255,0,4,7.58,81,62,NA,51.687,49.375,48.75,48.468
91137.0,11255,0,4,8.92,90,69,NA,51.781,49.625,48.875,48.468
91247.0,11255,0,4,8.08,81,64,NA,51.562,49.5,48.75,48.437
91355.0,11255,0,4,9.0,90,65,NA,52.031,49.593,48.812,48.5
91464.0,11255,0,4,8.42,50,64,NA,52.156,49.468,48.687,48.531
91574.0,11255,0,4,7.5,81,53,NA,51.875,49.531,48.875,48.531
91683.0,11255,0,4,9.17,54,57,NA,51.968,49.5,48.75,48.531
91791.0,11255,0,4,9.0,90,64,NA,52.125,49.562,48.812,48.406
91898.0,11255,0,4,6.92,83,59,NA,52.25,49.437,48.625,48.406
92005.0,11255,0,4,11.92,90,58,NA,52.062,49.375,48.718,48.468
92115.0,11255,0,4,7.5,90,42,NA,52.062,49.375,48.625,48.406
92224.0,11255,0,4,9.67,100,48,NA,52.0,49.562,48.718,48.5
92331.0,11255,0,4,8.0,88,66,NA,52.187,49.562,48.875,48.437
92439.0,11255,0,4,6.83,66,78,NA,51.687,49.437,48.75,48.468
92549.0,11255,0,4,7.25,45,74,NA,52.031,49.593,48.656,48.468
92656.0,11255,0,4,9.42,41,72,NA,51.562,49.5,48.625,48.5
92764.0,11255,0,4,7.58,72,75,NA,51.687,49.531,48.718,48.625
92874.0,11255,0,4,7.67,40,75,NA,51.593,49.437,48.687,48.531
92984.0,11255,0,4,6.0,72,73,NA,51.843,49.687,48.906,48.593
93094.0,11255,0,4,8.83,60,52,NA,51.937,49.562,48.718,48.5
93204.0,11255,0,4,9.42,88,52,NA,51.75,49.656,48.906,48.656
93311.0,11255,0,4,8.42,60,53,NA,51.593,49.468,48.781,48.625
93419.0,11255,0,4,8.83,90,53,NA,52.0,49.593,48.812,48.625
93527.0,11255,0,4,7.5,90,57,NA,52.218,49.5,48.625,48.562
93637.0,11255,0,4,6.42,77,63,NA,52.125,49.531,48.843,48.406
93745.0,11255,0,4,8.67,88,62,NA,51.937,49.531,48.75,48.437
93854.0,11255,0,4,8.25,81,59,NA,52.093,49.531,48.812,48.531
93962.0,11255,0,4,8.33,90,61,NA,52.281,49.468,48.781,48.531
94070.0,11255,0,4,8.67,81,64,NA,52.062,49.468,48.718,48.593
94180.0,11255,0,4,8.17,90,63,NA,52.343,49.343,48.625,48.5
94288.0,11255,0,4,9.17,84,65,NA,52.062,49.468,48.75,48.531
94395.0,11255,0,4,9.42,90,56,NA,52.218,49.625,48.593,48.468
94504.0,11255,0,4,8.25,90,60,NA,51.968,49.437,48.718,48.468
94614.0,11255,0,4,8.17,81,65,NA,52.218,49.562,48.687,48.406
94720.0,11255,0,4,7.5,90,60,NA,51.843,49.375,48.75,48.437
94828.0,11255,0,4,11.0,90,46,NA,52.093,49.531,48.718,48.531
94935.0,11255,0,4,8.33,100,41,NA,52.0,49.281,48.687,48.468
95044.0,11255,0,4,10.5,100,48,NA,52.062,49.375,48.75,48.562
95152.0,11255,0,4,8.42,50,76,NA,52.031,49.656,48.718,48.531
95260.0,11255,0,4,6.5,58,75,NA,51.687,49.468,48.75,48.5
95369.0,11255,0,4,7.25,50,71,NA,51.625,49.468,48.843,48.5
95477.0,11255,0,4,8.0,70,73,NA,51.468,49.437,48.687,48.437
95585.0,11255,0,4,7.33,70,71,NA,51.687,49.593,48.843,48.437
95695.0,11255,0,4,7.25,70,73,NA,51.562,49.593,48.718,48.406
95803.0,11255,0,4,8.92,75,49,NA,51.531,49.562,48.843,48.375
95909.0,11255,0,4,9.17,100,53,NA,51.625,49.468,48.687,48.406
96016.0,11255,0,4,8.33,91,52,NA,51.687,49.5,48.75,48.468
96123.0,11255,0,4,8.17,90,54,NA,52.031,49.593,48.875,48.375
96232.0,11255,0,4,8.25,90,53,NA,51.656,49.437,48.718,48.375
96340.0,11255,0,4,8.25,91,56,NA,51.781,49.5,48.906,48.343
96447.0,11255,0,4,9.0,90,49,NA,51.656,49.437,48.625,48.343
96554.0,11255,0,4,8.58,85,56,NA,51.656,49.468,48.718,48.406
96661.0,11255,0,4,8.33,90,49,NA,51.843,49.625,48.843,48.343
96771.0,11254,0,4,11.0,91,59,NA,51.625,49.406,48.718,48.437
96879.0,11254,0,4,7.33,88,60,NA,51.781,49.656,48.906,48.312
96987.0,11254,0,4,8.25,81,55,NA,51.625,49.281,48.687,48.281
97094.0,11254,0,4,9.75,100,49,NA,51.781,49.5,48.812,48.468
97203.0,11254,0,4,9.0,90,59,NA,51.937,49.312,48.593,48.343
97313.0,11254,0,4,8.25,90,60,NA,51.656,49.468,48.812,48.437
97421.0,11254,0,4,8.92,90,54,NA,51.687,49.343,48.656,48.406
97529.0,11254,0,4,9.17,91,38,NA,51.718,49.437,48.75,48.437
97636.0,11254,0,4,9.08,100,44,NA,51.781,49.375,48.593,48.343
97746.0,11254,0,4,10.33,100,53,NA,51.562,49.375,48.625,48.437
97855.0,11254,0,4,5.75,60,79,NA,51.875,49.437,48.562,48.375
97965.0,11254,0,4,8.0,70,77,NA,51.562,49.5,48.562,48.406
98073.0,11254,0,4,8.25,66,76,NA,51.343,49.375,48.531,48.343
98182.0,11254,0,4,8.0,72,76,NA,51.5,49.468,48.718,48.468
98293.0,11254,0,4,8.08,72,76,NA,51.656,49.468,48.531,48.406
98401.0,11254,0,4,7.58,75,70,NA,51.562,49.562,48.718,48.468
98511.0,11254,0,4,8.33,83,50,NA,51.531,49.468,48.593,48.406
98620.0,11254,0,4,7.58,91,53,NA,51.937,49.562,48.625,48.468
98728.0,11254,0,4,8.83,90,56,NA,51.812,49.375,48.593,48.375
98835.0,11254,0,4,9.58,90,54,NA,51.625,49.437,48.656,48.406
98943.0,11254,0,4,7.5,90,55,NA,52.031,49.406,48.906,48.375
99051.0,11254,0,4,9.0,91,57,NA,51.625,49.375,48.593,48.437
99162.0,11254,0,4,7.5,90,57,NA,51.812,49.562,48.656,48.375
99269.0,11254,0,4,8.17,90,55,NA,51.593,49.375,48.593,48.343
99377.0,11254,0,4,8.25,91,58,NA,51.906,49.468,48.812,48.5
99489.0,11254,0,4,8.17,90,59,NA,51.593,49.406,48.593,48.375
99597.0,11254,0,4,7.5,90,56,NA,51.781,49.625,48.843,48.375
99705.0,11254,0,4,8.58,87,57,NA,51.625,49.375,48.625,48.375
99816.0,11254,0,4,9.67,91,54,NA,51.875,49.562,48.562,48.343
99923.0,11254,0,4,7.5,90,59,NA,51.656,49.406,48.656,48.437
100032.0,11254,0,4,8.83,90,54,NA,52.0,49.531,48.781,48.343
100143.0,11254,0,4,10.17,90,57,NA,51.781,49.375,48.625,48.375
100252.0,11254,0,4,8.33,100,44,NA,51.718,49.25,48.812,48.312
100360.0,11254,0,4,9.0,100,50,NA,51.656,49.375,48.656,48.437
100475.0,11254,0,4,7.08,50,68,NA,51.593,49.343,48.625,48.312
100586.0,11254,0,4,8.5,50,75,NA,51.75,49.593,48.75,48.375
100693.0,11254,0,4,7.08,77,77,NA,51.375,49.406,48.687,48.343
100802.0,11254,0,4,8.33,75,75,NA,51.468,49.531,48.843,48.343
100911.0,11254,0,4,8.92,80,69,NA,51.437,49.437,48.687,48.406
101019.0,11254,0,4,9.67,83,71,NA,51.531,49.468,48.687,48.5
101128.0,11254,0,4,7.42,72,69,NA,51.718,49.406,48.593,48.375
101237.0,11254,0,4,8.83,81,51,NA,51.437,49.562,48.781,48.375
101344.0,11254,0,4,8.17,90,59,NA,51.562,49.406,48.656,48.281
101454.0,11254,0,4,7.5,90,56,NA,51.718,49.5,48.718,48.343
101560.0,11254,0,4,8.33,81,64,NA,51.906,49.281,48.625,48.218
101670.0,11254,0,4,8.33,91,57,NA,51.656,49.5,48.625,48.343
101777.0,11254,0,4,7.33,88,59,NA,51.625,49.562,48.75,48.343
101885.0,11254,0,4,9.67,84,61,NA,51.687,49.375,48.625,48.25
101995.0,11254,0,4,8.83,90,63,NA,51.812,49.531,48.812,48.25
102104.0,11254,0,4,8.92,81,66,NA,51.687,49.343,48.781,48.312
102213.0,11254,0,4,8.75,88,63,NA,52.031,49.625,48.75,48.312
102321.0,11254,0,4,8.33,83,63,NA,51.593,49.406,48.625,48.343
102429.0,11254,0,4,9.67,90,64,NA,51.718,49.5,48.812,48.312
102537.0,11254,0,4,8.25,90,60,NA,51.562,49.281,48.625,48.312
102647.0,11254,0,4,8.25,83,55,NA,51.906,49.5,48.718,48.343
102754.0,11254,0,4,8.83,88,59,NA,51.906,49.281,48.562,48.312
102864.0,11254,0,4,8.33,84,61,NA,51.75,49.437,48.687,48.343
102974.0,11254,0,4,9.58,90,61,NA,51.593,49.281,48.593,48.343
103082.0,11254,0,4,8.33,100,42,NA,51.843,49.531,48.687,48.343
103190.0,11254,0,4,9.75,100,49,NA,51.812,49.281,48.562,48.218
103298.0,11254,0,4,6.33,76,76,NA,51.562,49.437,48.656,48.343
103406.0,11254,0,4,8.5,70,72,NA,51.375,49.343,48.593,48.343
103513.0,11254,0,4,6.75,72,74,NA,51.343,49.343,48.656,48.343
103621.0,11254,0,4,7.42,80,70,NA,51.406,49.468,48.812,48.312
103729.0,11254,0,4,9.92,76,75,NA,51.375,49.312,48.625,48.406
103838.0,11254,0,4,6.67,80,74,NA,51.468,49.406,48.718,48.375
103946.0,11254,0,4,8.92,81,70,NA,51.312,49.437,48.562,48.343
104053.0,11254,0,4,8.17,80,54,NA,51.343,49.531,48.656,48.343
104163.0,11254,0,4,9.0,91,56,NA,51.562,49.437,48.625,48.281
104270.0,11254,0,4,8.25,90,60,NA,51.625,49.343,48.531,48.343
104379.0,11254,0,4,9.0,83,59,NA,51.843,49.25,48.937,48.187
104486.0,11254,0,4,8.83,88,59,NA,51.562,49.281,48.531,48.281
104594.0,11254,0,4,10.33,90,65,NA,51.687,49.406,48.656,48.281
104702.0,11254,0,4,7.42,81,60,NA,51.593,49.312,48.562,48.312
104810.0,11254,0,4,8.83,90,63,NA,51.656,49.281,48.781,48.343
104919.0,11254,0,4,8.75,81,61,NA,51.937,49.25,48.562,48.25
105026.0,11254,0,4,8.17,90,65,NA,51.625,49.343,48.656,48.343
105136.0,11254,0,4,6.75,81,65,NA,51.562,49.156,48.531,48.281
105243.0,11254,0,4,9.0,90,61,NA,51.625,49.375,48.656,48.25
105352.0,11254,0,4,8.92,83,60,NA,51.843,49.468,48.625,48.25
105459.0,11254,0,4,8.83,88,59,NA,51.906,49.218,48.531,48.281
105567.0,11254,0,4,7.42,81,64,NA,51.625,49.437,48.656,48.312
105675.0,11254,0,4,8.92,90,59,NA,51.562,49.312,48.625,48.218
105782.0,11254,0,4,8.08,88,64,NA,51.562,49.375,48.625,48.312
105892.0,11254,0,4,9.08,100,43,NA,51.843,49.25,48.562,48.25
105999.0,11254,0,4,9.83,100,49,NA,51.593,49.281,48.593,48.343
106108.0,11254,0,4,6.75,72,83,NA,51.5,49.468,48.531,48.281
106216.0,11254,0,4,6.25,58,77,NA,51.437,49.437,48.625,48.281
106327.0,11254,0,4,7.0,75,75,NA,51.437,49.281,48.531,48.343
106435.0,11254,0,4,9.83,81,69,NA,51.375,49.375,48.593,48.375
106544.0,11254,0,4,7.83,75,68,NA,51.687,49.375,48.531,48.343
106651.0,11254,0,4,10.75,77,70,NA,51.343,49.375,48.593,48.343
106762.0,11254,0,4,7.75,75,72,NA,51.406,49.5,48.562,48.343
106869.0,11254,0,4,9.0,90,56,NA,51.312,49.343,48.5,48.312
106977.0,11254,0,4,8.33,90,61,NA,51.5,49.468,48.687,48.281
107083.0,11254,0,4,8.83,88,63,NA,51.812,49.281,48.5,48.25
107191.0,11254,0,4,7.42,81,60,NA,51.562,49.312,48.593,48.343
107299.0,11254,0,4,9.0,90,54,NA,51.468,49.375,48.656,48.218
107406.0,11254,0,4,8.5,84,63,NA,51.437,49.281,48.5,48.218
107515.0,11254,0,4,8.25,90,54,NA,51.687,49.437,48.718,48.218
107622.0,11254,0,4,8.83,90,63,NA,51.468,49.281,48.562,48.312
107732.0,11254,0,4,8.83,81,61,NA,51.562,49.437,48.625,48.218
107840.0,11254,0,4,8.17,90,65,NA,51.406,49.281,48.5,48.187
107949.0,11254,0,4,8.42,83,65,NA,51.468,49.375,48.562,48.218
108056.0,11254,0,4,8.08,81,60,NA,51.687,49.5,48.531,48.187
108164.0,11254,0,4,7.25,87,55,NA,51.562,49.218,48.531,48.218
108272.0,11254,0,4,7.5,90,64,NA,51.562,49.375,48.75,48.125
108381.0,11254,0,4,8.58,77,63,NA,51.406,49.312,48.531,48.218
108489.0,11254,0,4,9.75,90,57,NA,51.562,49.437,48.656,48.312
108599.0,11254,0,4,7.58,91,53,NA,51.468,49.281,48.593,48.218
108708.0,11254,0,4,9.75,100,42,NA,51.5,49.437,48.531,48.218
108818.0,11254,0,4,9.83,100,51,NA,51.437,49.25,48.562,48.156
108926.0,11254,0,4,5.92,62,81,NA,51.531,49.375,48.656,48.187
109035.0,11254,0,4,8.33,75,72,NA,51.375,49.312,48.531,48.25
109146.0,11254,0,4,8.17,72,72,NA,51.531,49.562,48.5,48.25
109254.0,11254,0,4,7.17,70,72,NA,51.281,49.406,48.625,48.218
109365.0,11254,0,4,8.92,83,72,NA,51.156,49.281,48.5,48.312
109473.0,11254,0,4,7.92,70,72,NA,51.281,49.406,48.593,48.281
109584.0,11254,0,4,9.83,75,75,NA,51.343,49.375,48.406,48.281
109691.0,11254,0,4,10.5,100,50,NA,51.343,49.343,48.531,48.343
109801.0,11254,0,4,8.83,90,61,NA,51.781,49.218,48.468,48.156
109908.0,11254,0,4,7.67,83,63,NA,51.343,49.312,48.562,48.25
110017.0,11254,0,4,10.42,90,57,NA,51.593,49.375,48.531,48.187
110124.0,11254,0,4,8.83,88,61,NA,51.5,49.187,48.531,48.218
110232.0,11254,0,4,8.83,81,57,NA,51.5,49.437,48.656,48.343
110341.0,11254,0,4,8.17,90,65,NA,51.875,49.25,48.531,48.187
110449.0,11254,0,4,8.75,81,59,NA,51.625,49.343,48.593,48.281
110557.0,11254,0,4,7.5,90,64,NA,51.437,49.281,48.468,48.125
110665.0,11254,0,4,8.17,81,64,NA,51.5,49.375,48.562,48.281
110775.0,11254,0,4,9.67,90,66,NA,51.656,49.187,48.531,48.218
110884.0,11254,0,4,8.83,81,62,NA,51.531,49.281,48.593,48.343
110994.0,11254,0,4,9.5,90,61,NA,51.437,49.218,48.531,48.156
111101.0,11254,0,4,9.08,90,59,NA,51.437,49.281,48.562,48.218
111211.0,11254,0,4,8.08,81,58,NA,51.656,49.125,48.531,48.187
111318.0,11254,0,4,10.33,90,60,NA,51.5,49.375,48.625,48.187
111428.0,11254,0,4,8.25,90,43,NA,51.75,49.187,48.468,48.218
111535.0,11254,0,4,8.33,100,44,NA,51.375,49.187,48.531,48.218
111645.0,11254,0,4,9.42,90,54,NA,51.562,49.343,48.531,48.156
111753.0,11254,0,4,8.0,72,80,NA,51.406,49.343,48.531,48.25
111862.0,11254,0,4,6.33,66,73,NA,51.468,49.562,48.718,48.218
111970.0,11254,0,4,7.75,75,75,NA,51.093,49.312,48.468,48.343
112079.0,11254,0,4,8.0,80,73,NA,51.375,49.437,48.718,48.156
112189.0,11254,0,4,7.58,83,72,NA,51.187,49.375,48.5,48.343
112296.0,11254,0,4,8.08,72,71,NA,51.437,49.375,48.625,48.375
112404.0,11254,0,4,8.67,77,39,NA,51.5,49.343,48.562,48.187
112512.0,11254,0,4,8.92,90,58,NA,51.312,49.406,48.531,48.281
112620.0,11254,0,4,8.83,90,57,NA,51.312,49.25,48.5,48.156
112728.0,11254,0,4,8.25,81,62,NA,51.406,49.312,48.562,48.25
112837.0,11254,0,4,10.08,40,59,NA,51.718,49.437,48.468,48.218
112944.0,11254,0,4,10.92,90,63,NA,51.531,49.218,48.531,48.187
113052.0,11254,0,4,7.67,83,65,NA,51.562,49.281,48.656,48.25
113161.0,11254,0,4,8.25,90,65,NA,51.562,49.25,48.531,48.156
113269.0,11254,0,4,7.83,45,64,NA,51.625,49.281,48.593,48.218
113379.0,11254,0,4,9.5,90,59,NA,51.406,49.25,48.531,48.218
113487.0,11254,0,4,9.5,81,64,NA,51.375,49.281,48.625,48.25
113595.0,11254,0,4,8.33,91,66,NA,51.375,49.312,48.468,48.093
113702.0,11254,0,4,7.5,81,62,NA,51.531,49.218,48.656,48.25
113811.0,11254,0,4,8.25,90,60,NA,51.5,49.406,48.375,48.156
113918.0,11254,0,4,9.42,88,65,NA,51.468,49.218,48.437,48.218
114027.0,11255,0,4,8.33,83,60,NA,51.625,49.468,48.718,48.187
114133.0,11255,0,4,8.92,88,58,NA,51.406,49.218,48.5,48.218
114242.0,11255,0,4,8.33,91,41,NA,51.5,49.281,48.625,48.281
114349.0,11255,0,4,8.33,100,49,NA,51.406,49.156,48.468,48.125
114457.0,11255,0,4,7.5,90,63,NA,51.437,49.218,48.562,48.156
114565.0,11255,0,4,8.83,72,79,NA,51.625,49.437,48.687,48.187
114672.0,11255,0,4,6.33,76,75,NA,51.281,49.281,48.5,48.25
114780.0,11255,0,4,8.33,75,74,NA,51.281,49.281,48.593,48.281
114888.0,11255,0,4,7.92,77,74,NA,51.218,49.343,48.562,48.218
114997.0,11255,0,4,8.25,72,74,NA,51.281,49.375,48.531,48.281
115106.0,11255,0,4,7.42,81,70,NA,51.562,49.25,48.5,48.218
115214.0,11255,0,4,8.08,80,47,NA,51.312,49.375,48.531,48.25
115321.0,11255,0,4,9.75,90,51,NA,51.406,49.406,48.468,48.125
115429.0,11255,0,4,8.92,84,61,NA,51.312,49.187,48.5,48.156
115541.0,11255,0,4,8.25,90,60,NA,51.562,49.156,48.468,48.125
115649.0,11255,0,4,8.25,90,60,NA,51.5,49.281,48.531,48.312
115761.0,11255,0,4,9.58,83,61,NA,51.343,49.156,48.5,48.125
115869.0,11255,0,4,7.33,88,64,NA,51.562,49.312,48.625,48.218
115979.0,11255,0,4,7.5,81,63,NA,51.437,49.218,48.406,48.187
116088.0,11255,0,4,7.5,90,64,NA,51.343,49.25,48.593,48.218
116198.0,11255,0,4,8.75,81,64,NA,51.625,49.218,48.5,48.218
116306.0,11255,0,4,7.5,90,63,NA,51.562,49.343,48.562,48.25
116416.0,11255,0,4,8.42,84,63,NA,51.375,49.218,48.468,48.156
116523.0,11255,0,4,8.08,88,57,NA,51.531,49.25,48.531,48.218
116633.0,11255,0,4,9.58,90,57,NA,51.562,49.187,48.531,48.187
116741.0,11255,0,4,6.92,83,63,NA,51.406,49.25,48.531,48.218
116848.0,11255,0,4,9.67,90,60,NA,51.281,49.25,48.375,48.156
116956.0,11255,0,4,6.92,83,64,NA,51.343,49.218,48.406,48.218
117064.0,11255,0,4,8.33,100,42,NA,51.562,49.343,48.625,48.125
117171.0,11255,0,4,10.5,100,46,NA,51.437,49.187,48.437,48.156
117282.0,11255,0,4,8.92,81,67,NA,51.625,49.218,48.625,48.156
117390.0,11255,0,4,5.17,62,76,NA,51.187,49.25,48.531,48.218
117498.0,11255,0,4,7.67,75,75,NA,51.343,49.343,48.562,48.281
117605.0,11255,0,4,8.17,72,74,NA,51.437,49.187,48.468,48.218
117712.0,11255,0,4,8.83,77,70,NA,51.187,49.281,48.5,48.218
117822.0,11255,0,4,9.42,80,70,NA,51.562,49.281,48.5,48.156
117929.0,11254,0,4,6.0,72,68,NA,51.156,49.281,48.468,48.281
118036.0,11254,0,4,8.67,80,49,NA,51.375,49.406,48.593,48.281
118146.0,11254,0,4,9.75,90,59,NA,51.406,49.187,48.468,48.25
118253.0,11254,0,4,7.58,91,60,NA,51.281,49.343,48.562,48.281
118363.0,11254,0,4,8.42,83,64,NA,51.687,49.218,48.468,48.125
118470.0,11254,0,4,7.33,88,58,NA,51.406,49.218,48.562,48.218
118580.0,11254,0,4,8.08,81,60,NA,51.5,49.187,48.437,48.156
118688.0,11254,0,4,9.67,91,60,NA,51.531,49.25,48.531,48.25
118799.0,11254,0,4,8.83,81,63,NA,51.562,49.187,48.468,48.062
118905.0,11254,0,4,9.0,90,64,NA,51.562,49.281,48.531,48.25
119015.0,11254,0,4,7.58,83,64,NA,51.5,49.218,48.406,48.125
119122.0,11254,0,4,8.25,90,64,NA,51.406,49.343,48.562,48.218
119230.0,11254,0,4,8.08,81,64,NA,51.625,49.156,48.75,48.156
119338.0,11254,0,4,7.33,88,55,NA,51.531,49.156,48.5,48.125
119445.0,11254,0,4,7.5,90,60,NA,51.562,49.312,48.562,48.156
119555.0,11254,0,4,8.42,84,61,NA,51.5,49.218,48.468,48.125
119663.0,11254,0,4,9.58,90,58,NA,51.562,49.218,48.531,48.218
119772.0,11254,0,4,8.17,81,60,NA,51.5,49.156,48.5,48.062
119879.0,11254,0,4,9.08,100,44,NA,51.468,49.156,48.437,48.156
119988.0,11254,0,4,9.0,100,50,NA,51.812,49.062,48.437,48.125
120096.0,11254,0,4,9.33,77,83,NA,51.468,49.25,48.531,48.187
120205.0,11254,0,4,5.67,60,73,NA,51.312,49.187,48.468,48.093
120313.0,11254,0,4,6.67,70,69,NA,51.156,49.281,48.437,48.218
120422.0,11254,0,4,8.25,81,68,NA,51.468,49.343,48.656,48.125
120530.0,11254,0,4,7.58,72,72,NA,51.281,49.312,48.5,48.156
120641.0,11254,0,4,8.83,80,71,NA,51.187,49.437,48.375,48.218
120748.0,11254,0,4,7.75,76,73,NA,51.187,49.312,48.437,48.156
120859.0,11254,0,4,10.33,90,52,NA,51.312,49.187,48.406,48.125
120966.0,11254,0,4,11.83,91,60,NA,51.312,49.187,48.531,48.093
121077.0,11254,0,4,7.5,81,65,NA,51.625,49.156,48.406,48.062
121185.0,11254,0,4,8.92,90,60,NA,51.375,49.125,48.468,48.093
121296.0,11254,0,4,9.0,83,61,NA,51.281,49.187,48.375,48.125
121405.0,11254,0,4,8.17,90,63,NA,51.343,49.218,48.437,48.156
121515.0,11254,0,4,9.67,90,54,NA,51.562,49.187,48.437,48.062
121622.0,11254,0,4,7.5,81,65,NA,51.437,49.156,48.437,48.125
121731.0,11254,0,4,9.5,90,57,NA,51.25,49.375,48.406,48.031
121838.0,11254,0,4,6.75,81,64,NA,51.343,49.125,48.468,48.156
121946.0,11254,0,4,8.92,90,65,NA,51.5,49.25,48.531,48.093
122054.0,11254,0,4,8.83,80,60,NA,51.593,49.156,48.375,48.125
122164.0,11254,0,4,7.5,90,56,NA,51.406,49.218,48.5,48.25
122271.0,11254,0,4,7.5,81,62,NA,51.312,49.125,48.375,48.062
122380.0,11254,0,4,8.25,90,65,NA,51.468,49.25,48.531,48.187
122487.0,11254,0,4,8.17,90,54,NA,51.5,49.093,48.437,48.0
122594.0,11254,0,4,9.67,91,39,NA,51.312,49.156,48.375,48.125
122704.0,11254,0,4,10.33,100,42,NA,51.562,49.062,48.312,48.0
122811.0,11254,0,4,8.42,91,50,NA,51.281,49.125,48.437,48.093
122922.0,11254,0,4,6.25,66,80,NA,51.343,49.343,48.343,48.093
123029.0,11254,0,4,6.58,70,75,NA,51.187,49.25,48.406,48.156
123140.0,11254,0,4,11.25,80,73,NA,51.406,49.312,48.312,48.125
123247.0,11254,0,4,6.75,72,75,NA,51.25,49.25,48.375,48.156
123358.0,11254,0,4,8.17,80,75,NA,51.156,49.468,48.625,48.156
123465.0,11254,0,4,9.25,75,72,NA,51.093,49.218,48.437,48.156
123575.0,11254,0,4,7.25,70,89,NA,51.25,49.093,48.656,48.156
123683.0,11254,0,4,8.33,100,57,NA,51.125,49.125,48.406,48.125
123793.0,11254,0,4,9.0,81,63,NA,51.625,49.375,48.625,48.062
123900.0,11254,0,4,8.08,88,62,NA,51.25,49.125,48.406,48.062
124007.0,11254,0,4,8.92,90,61,NA,51.406,49.187,48.5,48.156
124115.0,11254,0,4,7.42,81,56,NA,51.562,49.125,48.375,48.0
124221.0,11254,0,4,7.33,88,67,NA,51.312,49.218,48.375,48.125
124331.0,11254,0,4,8.25,90,65,NA,51.718,49.062,48.375,48.062
124438.0,11254,0,4,8.17,80,63,NA,51.312,49.125,48.406,48.125
124547.0,11254,0,4,9.0,90,65,NA,51.437,49.218,48.531,48.156
124653.0,11254,0,4,8.08,81,62,NA,51.468,49.093,48.343,48.093
124761.0,11254,0,4,10.17,77,64,NA,51.5,49.093,48.406,48.156
124870.0,11254,0,4,7.67,83,66,NA,51.781,49.062,48.281,48.062
124976.0,11254,0,4,8.25,90,56,NA,51.343,49.062,48.375,48.156
125084.0,11254,0,4,8.5,84,67,NA,51.562,49.125,48.562,48.062
125191.0,11254,0,4,8.0,88,64,NA,51.562,49.125,48.406,48.093
125298.0,11254,0,4,8.25,90,57,NA,51.5,49.218,48.375,48.093
125407.0,11254,0,4,8.25,90,35,NA,51.312,49.281,48.343,48.125
125515.0,11254,0,4,8.33,100,43,NA,51.406,49.156,48.437,48.062
125624.0,11254,0,4,9.58,90,53,NA,51.531,49.25,48.281,48.0
125733.0,11254,0,4,7.0,66,78,NA,51.375,49.062,48.468,48.093
125841.0,11254,0,4,7.33,70,73,NA,51.468,49.281,48.562,48.093
125948.0,11254,0,4,7.5,72,71,NA,51.156,49.156,48.437,48.125
126058.0,11254,0,4,8.17,80,76,NA,51.281,49.375,48.531,48.218
126166.0,11254,0,4,11.17,80,71,NA,51.156,49.156,48.375,48.093
126275.0,11254,0,4,6.67,72,70,NA,51.093,49.343,48.5,48.187
126383.0,11254,0,4,8.08,70,94,NA,51.437,49.156,48.281,48.156
126492.0,11254,0,4,9.08,100,47,NA,51.406,49.218,48.531,48.125
126600.0,11254,0,4,9.08,81,60,NA,51.312,49.062,48.406,48.031
126708.0,11254,0,4,9.0,90,66,NA,51.406,49.156,48.468,48.156
126814.0,11254,0,4,8.25,90,55,NA,51.593,49.343,48.531,48.125
126923.0,11254,0,4,8.08,81,59,NA,51.468,49.093,48.468,48.156
127030.0,11254,0,4,8.67,88,60,NA,51.437,49.156,48.531,48.187
127138.0,11254,0,4,8.92,80,63,NA,51.406,49.125,48.343,48.0
127246.0,11254,0,4,8.67,88,63,NA,51.375,49.093,48.5,48.093
127353.0,11254,0,4,7.83,45,62,NA,51.562,49.281,48.593,48.062
127462.0,11253,0,4,7.67,84,64,NA,51.437,49.125,48.406,48.218
127569.0,11253,0,4,9.5,77,64,NA,51.406,49.218,48.468,48.156
127678.0,11253,0,4,8.17,81,65,NA,51.375,49.062,48.406,48.031
127786.0,11253,0,4,8.25,90,60,NA,51.531,49.187,48.406,48.125
127896.0,11253,0,4,8.25,90,57,NA,51.531,49.125,48.406,47.968
128003.0,11253,0,4,7.5,81,60,NA,51.5,49.125,48.437,48.156
128112.0,11253,0,4,8.25,81,60,NA,51.218,49.156,48.343,47.968
128219.0,11253,0,4,10.33,90,45,NA,51.281,49.062,48.468,48.062
128328.0,11253,0,4,9.08,100,43,NA,51.5,49.093,48.562,48.031
128436.0,11253,0,4,10.58,100,57,NA,51.343,49.218,48.343,48.031
128551.0,11253,0,4,6.0,63,78,NA,51.5,49.125,48.375,48.062
128659.0,11253,0,4,7.5,72,74,NA,51.187,49.281,48.406,48.156
128770.0,11253,0,4,8.0,70,70,NA,51.093,49.125,48.437,48.093
128877.0,11253,0,4,8.17,80,71,NA,51.375,49.375,48.531,48.187
128988.0,11253,0,4,9.83,75,71,NA,51.156,49.25,48.406,48.062
129095.0,11253,0,4,10.42,80,72,NA,51.218,49.218,48.562,48.093
129203.0,11253,0,4,9.08,75,57,NA,51.125,49.156,48.343,48.093
129310.0,11253,0,4,10.42,100,52,NA,51.375,49.25,48.375,48.125
129420.0,11253,0,4,9.83,83,63,NA,51.375,49.125,48.406,47.968
129527.0,11253,0,4,8.83,90,66,NA,51.437,49.218,48.406,48.031
129634.0,11253,0,4,8.25,90,60,NA,51.656,49.218,48.656,48.093
129742.0,11253,0,4,7.5,81,59,NA,51.343,49.125,48.437,48.093
129849.0,11253,0,4,8.08,88,62,NA,51.5,49.156,48.5,48.093
129958.0,11253,0,4,8.25,81,64,NA,51.406,49.093,48.375,48.093
130064.0,11253,0,4,9.0,90,66,NA,51.406,49.156,48.468,48.093
130172.0,11253,0,4,7.67,83,59,NA,51.718,49.218,48.531,48.062
130279.0,11253,0,4,8.25,90,65,NA,51.375,49.093,48.375,48.031
130385.0,11253,0,4,9.08,81,63,NA,51.375,49.187,48.406,48.187
130495.0,11253,0,4,8.25,90,63,NA,51.562,49.125,48.312,48.031
130602.0,11253,0,4,8.25,81,60,NA,51.437,49.093,48.343,48.0
130710.0,11253,0,4,8.17,90,61,NA,51.687,49.187,48.375,48.0
130816.0,11253,0,4,8.25,90,58,NA,51.375,49.031,48.437,48.125
130923.0,11253,0,4,6.75,81,60,NA,51.468,49.093,48.375,48.125
131031.0,11253,0,4,9.08,100,44,NA,51.562,48.968,48.281,48.0
131138.0,11253,0,4,8.25,90,47,NA,51.437,49.093,48.375,48.0
131247.0,11253,0,4,9.08,100,58,NA,51.312,49.312,48.468,48.0
131355.0,11253,0,4,7.58,66,77,NA,51.187,49.093,48.375,48.125
131466.0,11253,0,4,7.75,75,73,NA,51.312,49.25,48.5,48.062
131574.0,11253,0,4,10.0,77,72,NA,51.156,49.156,48.281,48.156
131681.0,11253,0,4,7.25,70,70,NA,51.187,49.156,48.562,48.25
131791.0,11253,0,4,9.33,80,70,NA,51.031,49.156,48.375,48.125
131899.0,11253,0,4,7.0,76,75,NA,51.187,49.281,48.468,48.125
132011.0,11253,0,4,8.42,77,47,NA,51.156,49.156,48.312,48.125
132119.0,11253,0,4,10.33,91,53,NA,51.375,49.281,48.468,48.125
132229.0,11253,0,4,7.33,88,62,NA,51.343,49.125,48.343,48.062
132336.0,11253,0,4,7.67,83,54,NA,51.406,49.156,48.5,48.125
132445.0,11253,0,4,8.25,90,56,NA,51.375,49.093,48.281,48.062
132552.0,11253,0,4,8.92,90,61,NA,51.562,49.218,48.437,48.125
132662.0,11253,0,4,7.67,83,62,NA,51.375,49.0,48.375,47.968
132769.0,11253,0,4,8.08,88,63,NA,51.406,49.187,48.375,48.031
132876.0,11253,0,4,6.92,83,65,NA,51.437,49.281,48.406,48.062
132983.0,11253,0,4,8.83,88,60,NA,51.406,49.093,48.375,48.062
133091.0,11253,0,4,8.83,81,64,NA,51.562,49.093,48.437,48.093
133199.0,11253,0,4,7.5,90,64,NA,51.562,49.0,48.312,48.062
133306.0,11253,0,4,7.5,81,60,NA,51.5,49.093,48.437,48.125
133415.0,11253,0,4,9.0,90,57,NA,51.343,49.031,48.343,47.968
133522.0,11254,0,4,6.75,81,62,NA,51.343,48.968,48.343,48.062
133629.0,11254,0,4,8.92,90,60,NA,51.531,49.187,48.406,47.968
133736.0,11254,0,4,9.75,90,60,NA,51.562,49.0,48.343,47.968
133843.0,11254,0,4,7.58,91,42,NA,51.375,49.125,48.406,48.031
133951.0,11254,0,4,10.58,100,48,NA,51.375,49.281,48.531,47.968
134059.0,11254,0,4,9.58,90,65,NA,51.406,49.062,48.406,47.968
134167.0,11254,0,4,6.5,70,79,NA,51.343,49.156,48.437,47.968
134276.0,11254,0,4,6.75,72,72,NA,51.093,49.093,48.25,48.125
134384.0,11254,0,4,9.5,72,72,NA,51.156,49.218,48.5,48.156
134493.0,11254,0,4,6.67,80,71,NA,51.093,49.062,48.312,48.062
134600.0,11254,0,4,8.25,72,73,NA,51.218,49.125,48.437,48.125
134708.0,11254,0,4,8.0,80,74,NA,51.281,49.125,48.531,48.062
134816.0,11254,0,4,8.08,81,47,NA,51.125,49.156,48.375,48.062
134924.0,11254,0,4,10.83,90,56,NA,51.25,49.218,48.437,47.968
135034.0,11254,0,4,7.67,83,61,NA,51.468,49.125,48.375,48.093
135141.0,11254,0,4,7.5,90,59,NA,51.468,49.25,48.531,48.0
135250.0,11254,0,4,8.25,90,58,NA,51.375,49.093,48.312,48.031
135357.0,11254,0,4,8.08,80,61,NA,51.437,49.093,48.406,48.125
135464.0,11254,0,4,8.08,88,64,NA,51.656,49.0,48.281,47.968
135572.0,11254,0,4,7.08,85,65,NA,51.312,49.031,48.406,48.093
135680.0,11254,0,4,9.0,90,64,NA,51.562,49.125,48.468,48.0
135788.0,11254,0,4,8.83,81,62,NA,51.406,49.156,48.343,47.937
135896.0,11254,0,4,7.5,90,64,NA,51.281,49.156,48.5,48.093
136004.0,11254,0,4,6.67,80,58,NA,51.312,49.062,48.312,48.031
136112.0,11254,0,4,10.58,90,59,NA,51.468,49.156,48.343,48.093
136222.0,11254,0,4,10.42,90,58,NA,51.375,48.968,48.281,48.031
136330.0,11254,0,4,7.5,81,65,NA,51.406,49.062,48.406,48.093
136439.0,11254,0,4,7.5,90,57,NA,51.656,48.968,48.312,47.968
136546.0,11254,0,4,8.92,90,60,NA,51.468,49.0,48.5,48.031
136656.0,11254,0,4,9.0,90,41,NA,51.406,49.0,48.281,47.937
136762.0,11254,0,4,9.75,100,49,NA,51.375,49.062,48.375,47.968
136870.0,11254,0,4,8.25,90,70,NA,51.562,49.156,48.531,48.062
136977.0,11254,0,4,8.33,66,79,NA,51.468,49.093,48.281,48.0
137085.0,11254,0,4,7.33,70,73,NA,51.156,49.093,48.406,48.125
137193.0,11254,0,4,9.0,72,70,NA,51.187,49.093,48.343,48.062
137302.0,11254,0,4,9.42,80,71,NA,51.031,49.093,48.343,48.125
137409.0,11254,0,4,8.25,81,70,NA,51.281,49.312,48.5,48.031
137520.0,11254,0,4,9.17,76,70,NA,51.093,49.093,48.437,48.062
137627.0,11254,0,4,6.67,80,48,NA,51.125,49.281,48.375,48.031
137736.0,11254,0,4,10.67,90,53,NA,51.093,49.093,48.343,48.062
137843.0,11254,0,4,8.83,90,61,NA,51.468,49.093,48.468,47.937
137951.0,11254,0,4,8.17,81,58,NA,51.468,49.062,48.25,48.0
138060.0,11254,0,4,8.92,90,55,NA,51.25,49.125,48.343,48.062
138168.0,11254,0,4,8.17,90,61,NA,51.0,49.031,48.25,47.937
138278.0,11254,0,4,8.25,81,64,NA,51.343,49.062,48.375,48.062
138385.0,11254,0,4,7.42,80,64,NA,51.406,49.25,48.25,47.968
138494.0,11254,0,4,8.83,90,62,NA,51.25,49.093,48.343,48.031
138603.0,11254,0,4,8.92,90,64,NA,51.562,49.031,48.281,47.843
138711.0,11254,0,4,7.42,81,63,NA,51.218,49.093,48.406,48.0
138821.0,11254,0,4,6.5,60,65,NA,51.156,49.031,48.281,47.968
138929.0,11254,0,4,9.75,91,61,NA,51.25,49.125,48.375,48.0
139037.0,11254,0,4,9.0,90,57,NA,51.375,49.218,48.25,47.875
139145.0,11254,0,4,8.67,80,65,NA,51.218,49.062,48.281,48.031
139254.0,11254,0,4,9.75,90,57,NA,51.187,49.187,48.406,47.968
139362.0,11254,0,4,8.08,88,64,NA,51.281,49.0,48.343,48.031
139470.0,11254,0,4,9.0,91,42,NA,51.281,49.031,48.406,48.031
139580.0,11254,0,4,9.0,100,49,NA,51.187,49.0,48.281,48.0
139688.0,11254,0,4,8.17,81,70,NA,51.281,49.093,48.468,48.031
139797.0,11254,0,4,7.42,72,74,NA,51.093,49.062,48.281,48.0
139905.0,11254,0,4,6.58,70,71,NA,51.187,49.125,48.406,48.125
140014.0,11254,0,4,7.17,77,70,NA,51.125,49.062,48.312,48.031
140121.0,11254,0,4,7.08,76,70,NA,51.031,49.125,48.375,48.031
140230.0,11254,0,4,8.08,80,74,NA,51.375,49.062,48.531,47.968
140340.0,11254,0,4,7.33,72,71,NA,51.093,49.125,48.281,48.093
140447.0,11254,0,4,9.5,81,55,NA,51.093,49.031,48.218,48.031
140555.0,11254,0,4,10.33,100,55,NA,51.093,49.093,48.312,47.968
140663.0,11254,0,4,6.67,80,58,NA,51.375,49.156,48.406,48.0
140771.0,11254,0,4,8.25,90,65,NA,51.593,49.031,48.25,47.937
140882.0,11254,0,4,8.25,81,60,NA,51.375,49.187,48.5,47.968
140990.0,11254,0,4,10.42,90,59,NA,51.093,49.031,48.343,48.031
141098.0,11254,0,4,8.92,90,60,NA,51.406,49.062,48.468,48.0
141208.0,11254,0,4,9.33,81,62,NA,51.312,49.031,48.312,48.031
141316.0,11254,0,4,10.17,91,66,NA,51.281,49.062,48.406,47.906
141426.0,11254,0,4,7.58,83,62,NA,51.187,49.062,48.312,47.968
141534.0,11254,0,4,10.17,88,64,NA,51.312,49.062,48.406,47.906
141646.0,11254,0,4,8.42,83,65,NA,51.187,49.031,48.375,48.031
141753.0,11254,0,4,7.5,90,61,NA,51.468,49.031,48.406,47.968
141865.0,11254,0,4,6.75,81,59,NA,51.25,49.062,48.218,48.0
141972.0,11254,0,4,9.58,90,62,NA,51.343,49.187,48.437,47.937
142081.0,11254,0,4,8.92,90,60,NA,51.218,48.937,48.312,47.906
142188.0,11254,0,4,8.17,81,66,NA,51.312,49.031,48.375,47.875
142297.0,11254,0,4,8.33,100,42,NA,51.5,48.968,48.281,47.906
142405.0,11254,0,4,10.33,100,48,NA,51.281,49.062,48.25,47.968
142516.0,11254,0,4,7.33,80,81,NA,51.187,49.062,48.312,48.0
142623.0,11254,0,4,6.42,60,75,NA,51.156,49.093,48.375,48.093
142731.0,11254,0,4,7.42,80,74,NA,51.093,49.062,48.218,48.031
142838.0,11254,0,4,7.0,66,73,NA,51.0,49.093,48.343,48.093
142945.0,11254,0,4,7.58,75,74,NA,51.437,49.156,48.562,47.937
143053.0,11254,0,4,8.75,80,73,NA,51.0,49.062,48.218,48.031
143163.0,11254,0,4,8.08,72,69,NA,51.093,49.25,48.343,48.062
143271.0,11254,0,4,10.25,91,56,NA,51.156,49.031,48.281,48.062
143378.0,11254,0,4,9.0,91,61,NA,51.281,49.031,48.312,48.0
143487.0,11254,0,4,10.33,90,64,NA,51.562,49.062,48.25,47.937
143595.0,11254,0,4,6.92,83,59,NA,51.437,49.062,48.281,47.968
143705.0,11254,0,4,7.5,90,59,NA,51.406,48.968,48.25,47.937
143815.0,11254,0,4,7.42,81,64,NA,51.375,49.062,48.375,47.968
143923.0,11254,0,4,9.5,88,54,NA,51.562,49.062,48.281,47.968
144032.0,11254,0,4,7.5,90,64,NA,51.343,49.031,48.312,47.937
144140.0,11254,0,4,7.5,81,63,NA,51.218,48.968,48.218,47.937
144249.0,11254,0,4,9.0,91,64,NA,51.406,48.968,48.343,48.031
144357.0,11254,0,4,7.5,81,63,NA,51.531,49.031,48.156,47.937
144465.0,11254,0,4,7.42,80,61,NA,51.343,48.968,48.375,47.968
144574.0,11254,0,4,9.42,88,54,NA,51.562,49.0,48.406,47.937
144682.0,11254,0,4,8.58,58,67,NA,51.125,48.968,48.312,48.0
144791.0,11254,0,4,7.5,90,66,NA,51.281,49.125,48.406,47.937
144899.0,11254,0,4,8.33,91,55,NA,51.25,49.031,48.187,47.875
145008.0,11254,0,4,8.17,81,45,NA,51.406,49.062,48.375,47.906
145117.0,11254,0,4,10.42,100,42,NA,51.531,48.968,48.187,47.906
145225.0,11254,0,4,9.67,100,51,NA,51.25,49.062,48.343,48.031
145337.0,11254,0,4,7.83,70,78,NA,51.125,49.062,48.25,48.0
145445.0,11254,0,4,6.25,66,78,NA,51.156,49.093,48.312,47.906
145554.0,11254,0,4,9.33,75,74,NA,51.031,49.062,48.281,48.031
145661.0,11254,0,4,7.17,77,73,NA,51.093,49.125,48.437,48.093
145769.0,11254,0,4,6.75,72,69,NA,50.937,49.062,48.281,48.0
145877.0,11254,0,4,8.83,80,69,NA,51.093,49.062,48.281,48.125
145984.0,11254,0,4,8.08,70,89,NA,51.125,49.062,48.5,47.968
146092.0,11254,0,4,7.5,90,47,NA,51.031,49.062,48.312,47.968
146199.0,11254,0,4,10.92,90,57,NA,51.156,49.187,48.375,47.937
146306.0,11254,0,4,8.17,90,61,NA,51.125,49.031,48.156,47.937
146416.0,11254,0,4,7.67,83,59,NA,51.25,49.125,48.281,48.0
146523.0,11254,0,4,9.58,90,62,NA,51.281,48.906,48.156,47.875
146633.0,11254,0,4,9.58,90,62,NA,51.218,49.031,48.312,47.968
146740.0,11254,0,4,6.75,81,60,NA,51.562,48.937,48.218,47.906
146847.0,11254,0,4,9.08,91,62,NA,51.093,49.031,48.187,47.968
146955.0,11254,0,4,6.75,81,65,NA,51.312,49.062,48.375,47.875
147061.0,11254,0,4,8.25,90,66,NA,51.25,48.937,48.156,47.937
147171.0,11254,0,4,7.67,83,64,NA,51.187,49.062,48.375,47.937
147278.0,11254,0,4,9.75,90,66,NA,51.062,48.968,48.25,47.875
147386.0,11254,0,4,8.08,88,58,NA,51.093,49.062,48.25,47.906
147493.0,11254,0,4,6.92,83,63,NA,51.281,49.125,48.437,47.875
147602.0,11254,0,4,8.17,90,64,NA,51.187,49.0,48.187,47.906
147710.0,11254,0,4,11.08,83,57,NA,51.156,49.093,48.312,47.906
147818.0,11254,0,4,8.33,90,46,NA,51.093,48.968,48.187,47.906
147925.0,11254,0,4,10.58,100,42,NA,51.25,49.062,48.281,47.937
148031.0,11254,0,4,9.75,100,49,NA,51.25,49.031,48.437,47.875
148140.0,11254,0,4,6.58,70,80,NA,51.062,49.0,48.343,47.937
148247.0,11254,0,4,6.0,72,74,NA,51.0,49.156,48.375,48.0
148357.0,11254,0,4,8.33,72,70,NA,50.937,49.031,48.281,47.937
148467.0,11254,0,4,9.75,81,69,NA,51.062,49.187,48.375,47.937
148574.0,11254,0,4,5.83,70,70,NA,50.843,48.937,48.187,47.906
148686.0,11254,0,4,8.33,83,70,NA,51.093,49.156,48.406,47.937
148794.0,11254,0,4,8.0,70,68,NA,51.0,49.062,48.312,47.968
148903.0,11254,0,4,10.42,91,49,NA,51.093,49.156,48.406,47.937
149011.0,11254,0,4,8.25,90,63,NA,51.218,49.031,48.25,47.906
149121.0,11254,0,4,8.92,90,62,NA,51.281,49.156,48.468,47.906
149229.0,11254,0,4,6.92,83,60,NA,51.125,49.0,48.281,47.875
149340.0,11254,0,4,8.25,90,61,NA,51.375,49.093,48.406,47.906
149448.0,11254,0,4,8.92,90,60,NA,51.187,48.968,48.281,47.968
149558.0,11254,0,4,9.0,81,63,NA,51.218,49.093,48.468,47.875
149666.0,11254,0,4,8.17,90,65,NA,51.156,48.968,48.25,47.875
149775.0,11254,0,4,7.67,83,60,NA,51.343,49.093,48.312,47.937
149882.0,11254,0,4,9.75,90,65,NA,51.406,48.968,48.187,47.906
149990.0,11254,0,4,7.75,84,63,NA,51.281,48.968,48.406,48.031
150097.0,11254,0,4,8.83,88,64,NA,51.343,48.875,48.218,47.968
150206.0,11254,0,4,9.17,84,60,NA,51.187,48.937,48.312,48.031
150312.0,11254,0,4,7.5,90,61,NA,51.343,49.062,48.468,47.875
150419.0,11254,0,4,7.5,90,61,NA,51.468,48.906,48.125,47.875
150527.0,11254,0,4,8.33,83,57,NA,51.187,48.937,48.312,47.937
150634.0,11254,0,4,8.08,88,45,NA,51.281,49.062,48.187,47.843
150744.0,11254,0,4,11.67,90,45,NA,51.187,48.968,48.156,47.875
150850.0,11254,0,4,10.33,100,52,NA,51.406,49.031,48.281,47.843
150960.0,11254,0,4,6.25,66,77,NA,51.281,49.062,48.281,47.968
151069.0,11254,0,4,7.25,70,77,NA,51.062,49.093,48.343,47.937
151178.0,11254,0,4,8.92,72,74,NA,51.0,48.937,48.25,48.0
151287.0,11254,0,4,9.17,83,76,NA,51.187,49.093,48.406,47.968
151393.0,11254,0,4,8.17,70,69,NA,51.281,49.062,48.218,47.937
151501.0,11254,0,4,6.42,77,71,NA,51.062,49.031,48.25,47.968
151609.0,11254,0,4,9.67,72,43,NA,50.968,49.25,48.125,47.968
151717.0,11254,0,4,10.5,100,56,NA,51.156,48.968,48.312,47.906
151826.0,11254,0,4,9.0,81,62,NA,51.687,48.937,48.375,47.968
151934.0,11254,0,4,10.83,88,68,NA,51.593,49.031,48.187,48.031
152042.0,11254,0,4,8.08,80,61,NA,51.625,49.093,48.375,47.968
152150.0,11254,0,4,9.0,90,59,NA,51.718,48.906,48.281,47.968
152258.0,11254,0,4,8.83,81,62,NA,51.75,49.062,48.312,48.0
152365.0,11254,0,4,8.92,90,64,NA,51.843,49.0,48.25,47.937
152475.0,11254,0,4,8.25,90,62,NA,51.593,49.031,48.281,47.937
152583.0,11254,0,4,8.42,84,64,NA,52.031,48.875,48.218,47.875
152693.0,11254,0,4,9.58,91,65,NA,51.75,48.968,48.343,48.031
152801.0,11254,0,4,8.33,81,67,NA,51.718,48.937,48.156,47.875
152910.0,11254,0,4,7.42,81,64,NA,51.656,49.0,48.312,47.875
153018.0,11254,0,4,8.92,90,59,NA,51.937,48.968,48.187,47.906
153127.0,11254,0,4,8.25,90,56,NA,51.687,48.968,48.312,48.0
153235.0,11254,0,4,6.92,83,59,NA,51.75,49.187,48.406,47.968
153343.0,11254,0,4,9.67,90,58,NA,51.625,48.937,48.218,47.937
153450.0,11254,0,4,9.0,90,44,NA,51.875,49.031,48.406,48.031
153560.0,11254,0,4,9.08,100,48,NA,51.656,48.875,48.25,47.937
153668.0,11254,0,4,8.33,91,59,NA,51.687,49.031,48.312,48.062
153777.0,11254,0,4,8.0,70,77,NA,51.375,49.031,48.187,48.0
153885.0,11254,0,4,8.17,72,71,NA,51.406,49.062,48.281,48.062
153993.0,11254,0,4,8.83,81,70,NA,51.343,49.031,48.218,48.031
154101.0,11254,0,4,7.67,66,72,NA,51.125,49.062,48.25,48.093
154210.0,11254,0,4,7.83,50,71,NA,51.5,49.062,48.25,48.093
154318.0,11254,0,4,7.58,63,71,NA,51.343,49.062,48.218,48.0
154428.0,11254,0,4,8.0,70,41,NA,51.312,49.031,48.156,48.062
154535.0,11254,0,4,10.67,100,57,NA,51.5,48.968,48.281,48.0
154647.0,11254,0,4,8.33,84,60,NA,51.906,48.968,48.218,47.906
154755.0,11254,0,4,8.25,90,61,NA,51.718,49.062,48.281,47.968
154866.0,11254,0,4,9.58,90,60,NA,51.625,48.968,48.156,47.906
154974.0,11254,0,4,7.5,81,62,NA,51.718,49.062,48.312,47.968
155084.0,11254,0,4,10.42,91,64,NA,51.625,48.906,48.187,47.968
155192.0,11254,0,4,6.75,81,65,NA,51.625,49.031,48.281,48.031
155302.0,11254,0,4,9.58,81,65,NA,52.031,48.937,48.187,47.937
155409.0,11254,0,4,7.5,90,61,NA,51.625,48.968,48.281,48.062
155520.0,11254,0,4,8.83,90,64,NA,51.687,48.937,48.281,47.875
155628.0,11254,0,4,8.17,80,63,NA,51.687,48.937,48.25,48.062
155738.0,11254,0,4,8.17,90,60,NA,51.906,48.968,48.187,48.0
155846.0,11254,0,4,8.08,81,56,NA,51.781,49.031,48.281,47.906
155957.0,11254,0,4,8.25,90,65,NA,51.718,48.968,48.25,47.937
156064.0,11254,0,4,8.08,80,61,NA,51.843,49.062,48.281,48.0
156175.0,11254,0,4,9.5,90,61,NA,51.656,48.968,48.25,47.875
156283.0,11254,0,4,9.0,100,42,NA,51.781,49.062,48.281,47.906
156393.0,11254,0,4,9.0,100,50,NA,52.031,48.906,48.187,47.875
156501.0,11254,0,4,8.83,80,71,NA,51.625,49.062,48.375,48.0
156611.0,11254,0,4,5.75,60,73,NA,51.312,49.0,48.25,47.968
156719.0,11254,0,4,8.17,80,73,NA,51.281,49.093,48.281,48.031
156827.0,11254,0,4,8.42,76,70,NA,51.437,48.968,48.187,47.968
156937.0,11254,0,4,8.5,77,71,NA,51.187,49.062,48.375,48.062
157046.0,11254,0,4,7.67,75,72,NA,51.156,49.0,48.25,48.0
157156.0,11254,0,4,9.17,84,69,NA,51.25,49.156,48.343,48.093
157263.0,11254,0,4,8.25,81,54,NA,51.281,48.968,48.25,47.906
157373.0,11254,0,4,8.25,90,57,NA,51.593,49.0,48.218,47.968
157481.0,11254,0,4,8.25,90,56,NA,52.031,48.968,48.218,47.906
157591.0,11254,0,4,9.58,84,62,NA,51.75,49.062,48.25,47.906
157699.0,11254,0,4,10.17,88,59,NA,51.625,49.062,48.156,47.906
157808.0,11254,0,4,8.42,83,64,NA,51.593,49.062,48.312,47.968
157916.0,11254,0,4,8.83,90,58,NA,51.906,48.968,48.218,47.843
158024.0,11254,0,4,8.42,83,63,NA,51.593,48.968,48.218,47.937
158132.0,11254,0,4,9.58,90,58,NA,51.687,49.062,48.406,47.843
158240.0,11254,0,4,8.17,81,67,NA,51.593,49.0,48.156,47.937
158347.0,11254,0,4,8.25,90,64,NA,51.812,49.0,48.312,47.843
158458.0,11254,0,4,9.58,83,64,NA,51.656,48.937,48.25,47.968
158566.0,11254,0,4,7.33,88,57,NA,51.593,49.062,48.312,48.0
158676.0,11254,0,4,7.58,91,59,NA,51.625,49.062,48.218,47.937
158784.0,11254,0,4,8.83,81,64,NA,51.781,49.031,48.343,47.968
158894.0,11254,0,4,10.33,91,54,NA,51.718,48.968,48.281,47.875
159001.0,11254,0,4,9.25,83,64,NA,51.562,49.031,48.218,47.968
159111.0,11254,0,4,11.67,100,42,NA,52.062,48.812,48.187,47.906
159218.0,11254,0,4,9.83,100,50,NA,51.718,49.0,48.25,47.937
159327.0,11254,0,4,6.67,80,82,NA,51.531,48.875,48.156,47.968
159435.0,11254,0,4,7.08,30,79,NA,51.187,49.062,48.25,48.0
159545.0,11254,0,4,6.67,70,74,NA,51.406,48.937,48.187,47.906
159654.0,11254,0,4,8.33,81,73,NA,51.218,49.093,48.281,47.968
159761.0,11254,0,4,8.0,70,69,NA,51.093,49.156,48.156,47.875
159869.0,11254,0,4,8.0,80,70,NA,51.031,49.062,48.156,47.968
159977.0,11254,0,4,8.0,72,68,NA,51.343,49.062,48.468,47.937
160085.0,11254,0,4,9.5,90,53,NA,51.25,49.0,48.187,47.843
160193.0,11254,0,4,8.92,90,59,NA,51.468,49.031,48.281,48.0
160300.0,11254,0,4,8.67,88,63,NA,51.562,48.968,48.156,47.875
160409.0,11254,0,4,7.67,83,60,NA,51.625,49.0,48.281,48.031
160517.0,11254,0,4,7.5,90,55,NA,51.656,48.906,48.125,47.843
160627.0,11254,0,4,8.75,81,64,NA,51.562,49.0,48.156,47.968
160735.0,11254,0,4,9.0,90,54,NA,51.875,48.875,48.093,47.843
160844.0,11254,0,4,10.25,90,65,NA,51.562,49.031,48.281,47.968
160951.0,11254,0,4,7.0,84,60,NA,51.562,49.062,48.312,47.875
161060.0,11254,0,4,10.75,90,64,NA,51.531,48.937,48.218,47.937
161168.0,11254,0,4,7.67,83,63,NA,51.75,48.968,48.343,47.968
161277.0,11254,0,4,9.58,90,61,NA,51.593,48.937,48.218,47.906
161385.0,11254,0,4,8.17,80,55,NA,51.593,49.031,48.281,47.968
161495.0,11254,0,4,8.25,90,62,NA,51.468,48.937,48.187,47.906
161602.0,11254,0,4,8.83,90,65,NA,51.687,48.968,48.25,47.968
161712.0,11254,0,4,7.67,83,57,NA,51.562,48.906,48.187,47.875
161819.0,11254,0,4,7.5,90,56,NA,51.625,48.968,48.218,47.937
161927.0,11254,0,4,9.75,100,43,NA,51.562,48.812,48.125,47.843
162036.0,11254,0,4,9.75,100,51,NA,51.5,48.968,48.312,47.875
162144.0,11254,0,4,5.5,66,80,NA,51.562,48.906,48.375,47.937
162252.0,11254,0,4,7.5,72,75,NA,51.218,48.968,48.281,47.937
162363.0,11254,0,4,7.58,75,71,NA,51.5,48.906,48.156,47.875
162471.0,11254,0,4,8.33,75,70,NA,51.218,49.062,48.187,48.031
162581.0,11254,0,4,7.42,80,71,NA,51.093,48.937,48.187,47.937
162690.0,11254,0,4,9.5,80,73,NA,51.156,49.0,48.25,48.062
162800.0,11254,0,4,8.08,70,77,NA,51.312,48.906,48.156,48.0
162908.0,11254,0,4,9.75,91,53,NA,51.25,49.031,48.187,47.906
163017.0,11254,0,4,9.5,88,63,NA,51.406,49.187,48.218,47.875
163125.0,11254,0,4,6.75,81,62,NA,51.468,49.0,48.218,47.937
163234.0,11254,0,4,10.25,90,54,NA,51.625,48.906,48.437,47.843
163342.0,11255,0,4,8.17,90,61,NA,51.562,48.968,48.156,47.937
163451.0,11255,0,4,8.08,80,60,NA,51.875,49.093,48.093,47.937
163559.0,11255,0,4,10.42,90,63,NA,51.437,48.906,48.218,47.906
163669.0,11255,0,4,8.17,80,59,NA,51.593,49.062,48.406,47.875
163777.0,11255,0,4,9.0,90,63,NA,51.625,48.937,48.218,47.906
163885.0,11255,0,4,8.17,81,64,NA,51.718,49.062,48.312,47.843
163992.0,11255,0,4,9.0,90,64,NA,51.812,48.937,48.093,47.937
164102.0,11255,0,4,7.67,83,64,NA,51.593,49.031,48.312,47.937
164209.0,11255,0,4,8.25,90,59,NA,51.531,48.875,48.125,47.843
164319.0,11255,0,4,8.75,81,63,NA,51.656,48.968,48.25,47.937
164427.0,11255,0,4,9.0,90,60,NA,51.687,48.906,48.062,47.875
164535.0,11255,0,4,9.5,90,57,NA,51.562,48.906,48.156,47.968
164645.0,11255,0,4,8.17,90,44,NA,51.562,48.812,48.156,47.843
164753.0,11255,0,4,8.33,100,44,NA,51.562,48.906,48.187,47.906
164862.0,11255,0,4,7.58,91,54,NA,51.656,48.906,48.125,47.906
164972.0,11254,0,4,8.75,72,77,NA,51.187,49.0,48.187,48.0
165079.0,11254,0,4,7.92,70,75,NA,51.406,49.062,48.125,47.875
165188.0,11254,0,4,6.0,72,75,NA,51.093,48.968,48.156,47.968
165296.0,11254,0,4,7.92,77,75,NA,51.218,49.093,48.312,47.968
165405.0,11254,0,4,7.83,76,72,NA,51.125,49.0,48.218,47.937
165511.0,11254,0,4,8.5,77,71,NA,51.093,49.187,48.312,48.031
165621.0,11254,0,4,6.58,70,46,NA,51.468,49.031,48.25,47.843
165729.0,11254,0,4,9.08,91,57,NA,51.406,48.937,48.25,47.968
165836.0,11254,0,4,9.0,90,62,NA,51.625,49.062,48.156,47.843
165944.0,11254,0,4,7.5,90,64,NA,51.5,48.875,48.25,47.906
166052.0,11254,0,4,8.33,91,56,NA,51.687,49.156,48.375,47.875
166161.0,11254,0,4,7.33,80,62,NA,51.562,49.031,48.187,47.937
166268.0,11254,0,4,8.17,90,63,NA,51.593,49.031,48.281,47.968
166378.0,11254,0,4,8.75,81,63,NA,51.5,48.937,48.218,47.875
166484.0,11254,0,4,9.0,90,65,NA,51.593,48.968,48.25,48.031
166591.0,11254,0,4,7.5,81,62,NA,51.781,49.125,48.218,47.875
166700.0,11254,0,4,7.5,90,67,NA,51.656,48.968,48.218,47.906
166806.0,11254,0,4,7.42,81,68,NA,51.531,49.062,48.281,47.843
166916.0,11254,0,4,7.5,90,66,NA,51.5,48.906,48.187,47.875
167021.0,11254,0,4,9.75,90,57,NA,51.468,49.0,48.281,47.937
167128.0,11254,0,4,8.08,81,60,NA,51.812,48.968,48.406,47.875
167237.0,11254,0,4,9.5,90,61,NA,51.593,48.937,48.25,47.937
167343.0,11254,0,4,8.83,88,59,NA,51.562,48.968,48.312,48.062
167453.0,11254,0,4,9.08,91,46,NA,51.562,49.031,48.218,47.875
167560.0,11254,0,4,9.92,100,48,NA,51.781,49.031,48.25,48.031
167669.0,11254,0,4,9.5,90,57,NA,51.843,48.843,48.156,47.906
167775.0,11254,0,4,7.75,76,79,NA,51.406,49.0,48.25,47.968
167890.0,11254,0,4,8.67,33,71,NA,51.062,48.937,48.187,47.906
167999.0,11254,0,4,7.5,72,72,NA,51.093,49.187,48.375,47.937
168107.0,11254,0,4,8.17,81,72,NA,50.968,49.0,48.125,47.937
168231.0,11254,0,4,8.75,75,73,NA,51.125,49.062,48.375,47.875
168339.0,11254,0,4,8.17,81,69,NA,51.281,49.0,48.187,47.906
168448.0,11255,0,4,6.92,75,39,NA,51.0,49.093,48.218,47.937
168555.0,11255,0,4,10.5,100,52,NA,51.031,49.0,48.218,47.875
168664.0,11255,0,4,6.92,83,61,NA,51.312,48.906,48.312,47.843
168772.0,11255,0,4,8.33,90,60,NA,51.468,48.875,48.156,47.906
168880.0,11255,0,4,9.67,90,60,NA,51.187,49.0,48.281,47.843
168988.0,11255,0,4,8.92,81,63,NA,51.312,49.062,48.343,47.843
169096.0,11255,0,4,8.25,90,66,NA,51.187,48.968,48.187,47.843
169205.0,11255,0,4,7.5,81,63,NA,51.281,49.031,48.375,47.843
169313.0,11255,0,4,9.0,90,66,NA,51.125,48.937,48.218,47.843
169422.0,11255,0,4,9.67,83,57,NA,51.187,49.062,48.343,47.843
169530.0,11255,0,4,8.83,90,63,NA,51.25,48.968,48.125,47.812
169639.0,11255,0,4,8.25,81,65,NA,51.218,48.937,48.25,47.906
169746.0,11255,0,4,8.92,90,59,NA,51.406,48.968,48.093,47.843
169855.0,11255,0,4,9.0,90,54,NA,51.093,49.031,48.25,47.875
169962.0,11255,0,4,8.42,83,64,NA,51.562,49.062,48.093,47.875
170070.0,11255,0,4,9.5,88,61,NA,51.156,48.968,48.156,47.843
170177.0,11255,0,4,7.5,90,56,NA,51.375,49.0,48.281,47.812
170286.0,11255,0,4,7.5,90,42,NA,51.156,48.937,48.125,47.906
170393.0,11255,0,4,9.08,100,50,NA,51.156,48.906,48.218,47.968
170501.0,11255,0,4,8.75,88,66,NA,51.125,48.937,48.125,47.812
170610.0,11255,0,4,8.83,63,80,NA,51.093,49.031,48.343,47.906
170720.0,11255,0,4,8.58,76,75,NA,50.937,49.031,48.187,47.875
170828.0,11255,0,4,8.33,75,74,NA,50.937,49.062,48.187,47.906
170942.0,11255,0,4,7.92,70,71,NA,51.093,49.031,48.218,47.937
171050.0,11255,0,4,8.83,80,70,NA,51.375,49.156,48.312,47.906
171158.0,11255,0,4,7.67,75,70,NA,50.937,48.968,48.187,48.0
171267.0,11255,0,4,10.25,81,48,NA,51.062,49.062,48.375,47.968
171375.0,11255,0,4,8.25,90,58,NA,51.093,48.968,48.156,47.843
171484.0,11255,0,4,8.92,90,61,NA,51.156,49.031,48.343,47.937
171591.0,11255,0,4,9.5,88,63,NA,51.093,48.875,48.156,47.843
171701.0,11255,0,4,9.17,84,60,NA,51.281,49.062,48.281,47.968
171810.0,11255,0,4,8.25,90,63,NA,51.156,48.937,48.156,47.906
171919.0,11255,0,4,8.83,81,61,NA,51.281,49.0,48.218,47.968
172027.0,11255,0,4,8.92,90,65,NA,51.312,48.875,48.187,47.875
172138.0,11255,0,4,8.0,80,68,NA,51.25,49.062,48.281,47.906
172245.0,11255,0,4,9.0,90,64,NA,51.156,48.812,48.125,47.843
172356.0,11255,0,4,9.58,83,65,NA,51.312,49.062,48.187,47.968
172463.0,11255,0,4,9.0,90,66,NA,51.343,48.843,48.125,47.843
172573.0,11255,0,4,8.08,88,60,NA,51.125,48.875,48.25,47.906
172680.0,11255,0,4,9.75,83,57,NA,51.562,48.875,48.187,47.875
172789.0,11255,0,4,7.25,87,59,NA,51.25,48.937,48.312,47.843
172897.0,11255,0,4,8.25,83,60,NA,51.218,49.062,48.312,47.812
173006.0,11255,0,4,7.33,88,63,NA,51.125,48.906,48.187,47.875
173114.0,11255,0,4,9.67,100,43,NA,51.437,49.031,48.281,47.843
173223.0,11255,0,4,9.83,100,51,NA,51.062,48.906,48.156,47.875
173330.0,11255,0,4,6.75,72,83,NA,51.156,48.968,48.281,47.968
173440.0,11255,0,4,6.0,72,78,NA,50.937,48.906,48.125,47.875
173557.0,11255,0,4,9.92,72,76,NA,50.968,49.031,48.156,47.906
173664.0,11255,0,4,7.5,81,68,NA,51.156,49.062,48.281,48.0
173772.0,11255,0,4,6.75,72,70,NA,51.375,49.0,48.093,47.937
173882.0,11255,0,4,8.25,81,68,NA,51.031,49.156,48.281,48.0
173990.0,11255,0,4,7.5,72,72,NA,51.062,48.937,48.156,47.875
174099.0,11255,0,4,10.25,90,53,NA,50.968,48.968,48.218,47.968
174205.0,11255,0,4,8.17,88,59,NA,51.343,49.187,48.125,47.812
174313.0,11255,0,4,9.58,90,63,NA,51.187,48.968,48.218,47.906
174421.0,11255,0,4,7.67,83,60,NA,51.187,49.062,48.25,47.843
174529.0,11255,0,4,8.33,91,59,NA,51.187,48.968,48.156,47.812
174638.0,11255,0,4,8.08,80,65,NA,51.343,48.968,48.25,47.906
174745.0,11255,0,4,9.08,90,58,NA,51.437,48.937,48.156,47.843
174855.0,11255,0,4,8.0,54,62,NA,51.187,49.031,48.218,47.937
174961.0,11255,0,4,6.92,83,60,NA,51.218,48.781,48.312,47.843
175071.0,11255,0,4,9.5,90,62,NA,51.156,48.906,48.218,47.875
175179.0,11255,0,4,8.17,81,64,NA,51.406,49.0,48.375,47.812
175290.0,11255,0,4,8.17,81,67,NA,51.187,48.906,48.281,47.906
175398.0,11255,0,4,8.25,90,59,NA,51.531,48.968,48.125,47.843
175508.0,11255,0,4,7.5,90,65,NA,51.25,48.937,48.218,47.937
175615.0,11255,0,4,9.08,83,64,NA,51.281,48.937,48.093,47.937
175725.0,11255,0,4,9.67,90,60,NA,51.156,48.906,48.25,48.0
175832.0,11255,0,4,8.25,90,44,NA,51.437,49.031,48.343,47.843
175938.0,11255,0,4,9.83,100,41,NA,51.156,48.937,48.156,47.843
176049.0,11255,0,4,9.0,100,53,NA,51.25,49.031,48.375,47.843
176156.0,11255,0,4,6.92,66,78,NA,51.093,48.906,48.187,47.843
176266.0,11255,0,4,9.17,63,76,NA,51.281,49.062,48.281,47.875
176372.0,11255,0,4,9.67,80,70,NA,51.312,48.968,48.156,47.906
176479.0,11255,0,4,6.25,75,70,NA,51.062,49.0,48.218,47.968
176591.0,11255,0,4,9.42,80,71,NA,50.937,48.937,48.25,47.906
176697.0,11255,0,4,6.0,72,67,NA,50.937,49.0,48.218,47.906
176804.0,11255,0,4,8.0,72,82,NA,51.093,49.187,48.343,48.062
176911.0,11255,0,4,9.92,100,53,NA,51.312,48.906,48.218,47.906
177021.0,11255,0,4,9.83,92,60,NA,51.218,49.062,48.312,47.906
177128.0,11255,0,4,9.58,83,61,NA,51.218,48.875,48.218,47.843
177234.0,11255,0,4,10.25,87,60,NA,51.218,48.937,48.187,47.875
177340.0,11255,0,4,8.83,90,62,NA,51.312,48.937,48.25,47.968
177447.0,11255,0,4,6.75,81,62,NA,51.562,48.968,48.187,47.937
177553.0,11255,0,4,9.5,90,55,NA,51.25,48.968,48.218,47.937
177660.0,11255,0,4,7.75,83,66,NA,51.312,49.031,48.281,47.906
177769.0,11255,0,4,8.92,80,59,NA,51.218,48.906,48.218,47.843
177877.0,11255,0,4,9.67,81,65,NA,51.218,48.906,48.312,47.937
177984.0,11255,0,4,8.17,90,63,NA,51.5,48.843,48.156,47.843
178090.0,11255,0,4,7.42,80,60,NA,51.093,48.968,48.125,47.843
178197.0,11255,0,4,8.25,90,60,NA,51.343,48.968,48.281,47.906
178305.0,11255,0,4,9.75,91,57,NA,51.281,48.843,48.125,47.843
178415.0,11255,0,4,7.5,81,64,NA,51.187,48.906,48.281,47.937
178523.0,11255,0,4,8.83,90,60,NA,51.437,48.875,48.187,47.906
178629.0,11255,0,4,8.42,83,51,NA,51.125,48.937,48.218,47.875
178736.0,11255,0,4,11.08,100,44,NA,51.343,49.031,48.25,47.875
178842.0,11255,0,4,9.08,100,51,NA,51.281,48.781,48.187,47.843
178949.0,11255,0,4,6.67,71,82,NA,51.156,48.906,48.218,47.937
179059.0,11255,0,4,7.42,63,74,NA,51.0,48.875,48.125,47.937
179166.0,11255,0,4,8.0,77,72,NA,50.968,48.968,48.187,47.843
179272.0,11255,0,4,8.0,76,70,NA,51.187,49.031,48.312,47.968
179382.0,11255,0,4,9.67,80,70,NA,51.0,48.937,48.093,47.875
179488.0,11255,0,4,7.42,72,72,NA,51.093,48.968,48.187,48.0
179598.0,11255,0,4,8.83,80,71,NA,50.906,48.968,48.125,47.875
179708.0,11255,0,4,7.5,81,54,NA,51.093,49.062,48.187,47.968
179814.0,11255,0,4,10.33,91,61,NA,51.156,49.125,48.125,47.843
179921.0,11255,0,4,7.5,90,62,NA,51.125,48.937,48.187,47.843
180028.0,11255,0,4,8.0,88,60,NA,51.218,49.062,48.312,47.906
180135.0,11255,0,4,6.92,83,58,NA,51.093,48.875,48.125,47.812
180243.0,11255,0,4,8.92,90,65,NA,51.062,48.937,48.187,47.843
180353.0,11255,0,4,8.42,83,59,NA,51.343,48.875,48.125,47.843
180460.0,11255,0,4,8.33,90,64,NA,51.187,48.906,48.218,47.843
180567.0,11255,0,4,8.17,80,53,NA,51.343,48.937,48.375,48.0
180674.0,11255,0,4,7.33,88,63,NA,51.218,48.875,48.062,47.843
180781.0,11255,0,4,9.5,90,65,NA,51.187,48.937,48.218,47.843
180889.0,11255,0,4,9.0,81,61,NA,51.375,49.062,48.375,47.843
180998.0,11255,0,4,8.92,90,60,NA,51.25,48.843,48.187,47.843
181105.0,11255,0,4,9.58,81,57,NA,51.25,48.968,48.281,47.843
181211.0,11255,0,4,8.33,91,60,NA,51.125,48.906,48.062,47.812
181318.0,11255,0,4,8.33,90,57,NA,51.187,48.968,48.156,47.843
181426.0,11255,0,4,8.75,81,63,NA,51.312,49.0,48.312,47.843
181533.0,11255,0,4,9.17,100,43,NA,51.406,48.875,48.125,47.781
181643.0,11255,0,4,9.75,100,49,NA,51.312,49.093,48.312,47.781
181751.0,11255,0,4,8.0,80,68,NA,51.093,48.937,48.218,47.812
181859.0,11255,0,4,7.58,66,78,NA,51.156,49.062,48.281,47.968
181969.0,11255,0,4,7.5,72,75,NA,50.937,48.968,48.156,47.843
182076.0,11255,0,4,9.92,76,74,NA,51.062,49.062,48.25,48.031
182186.0,11255,0,4,8.58,80,70,NA,50.937,48.906,48.093,47.937
182296.0,11255,0,4,8.0,72,69,NA,51.0,49.062,48.312,47.968
182404.0,11255,0,4,9.0,80,69,NA,50.968,48.968,48.156,47.937
182512.0,11255,0,4,9.75,83,54,NA,51.0,49.062,48.218,47.937
182622.0,11255,0,4,8.17,90,61,NA,51.375,48.937,48.218,47.843
182731.0,11255,0,4,8.25,90,59,NA,51.218,48.875,48.281,47.968
182838.0,11255,0,4,7.58,81,62,NA,51.125,48.906,48.375,47.843
182945.0,11255,0,4,8.25,90,56,NA,51.187,48.968,48.187,47.843
183052.0,11255,0,4,9.0,90,62,NA,51.312,49.0,48.312,48.0
183160.0,11255,0,4,9.0,83,60,NA,51.562,48.843,48.093,47.906
183270.0,11255,0,4,9.67,90,65,NA,51.25,48.968,48.218,47.968
183378.0,11255,0,4,8.17,80,59,NA,51.093,48.906,48.156,47.906
183486.0,11255,0,4,8.67,88,63,NA,51.125,49.031,48.156,47.875
183594.0,11255,0,4,8.17,81,62,NA,51.437,48.906,48.187,47.843
183701.0,11255,0,4,10.08,90,63,NA,51.25,48.937,48.218,47.937
183811.0,11255,0,4,7.0,84,59,NA,51.093,49.062,48.062,47.812
183921.0,11255,0,4,10.42,92,57,NA,51.218,48.843,48.187,47.906
184029.0,11255,0,4,8.25,81,63,NA,51.312,49.0,48.187,47.875
184138.0,11255,0,4,9.5,88,58,NA,51.187,48.906,48.187,47.875
184249.0,11255,0,4,8.83,90,58,NA,51.343,48.906,48.125,47.843
184358.0,11255,0,4,10.42,100,41,NA,51.218,48.937,48.281,47.875
184466.0,11255,0,4,8.25,90,49,NA,51.156,48.812,48.156,47.843
184577.0,11255,0,4,7.42,81,80,NA,51.156,48.937,48.25,47.875
184686.0,11255,0,4,9.58,75,72,NA,51.156,48.812,48.187,47.906
184795.0,11255,0,4,9.0,72,71,NA,50.968,48.968,48.25,47.968
184907.0,11255,0,4,8.08,72,69,NA,50.906,49.062,48.156,47.968
185015.0,11255,0,4,9.75,83,69,NA,51.062,49.093,48.312,47.906
185125.0,11255,0,4,7.0,66,72,NA,50.906,48.968,48.156,47.875
185233.0,11255,0,4,8.25,81,73,NA,51.093,49.062,48.281,47.937
185340.0,11255,0,4,9.83,90,47,NA,51.218,48.968,48.062,47.843
185448.0,11255,0,4,9.75,80,60,NA,51.125,48.968,48.218,47.937
185556.0,11255,0,4,8.42,83,60,NA,51.093,48.875,48.031,47.843
185667.0,11255,0,4,9.0,91,58,NA,51.281,49.0,48.25,47.968
185775.0,11255,0,4,8.92,90,60,NA,51.437,48.875,48.125,47.906
185883.0,11255,0,4,6.92,83,64,NA,51.156,49.0,48.187,47.875
185989.0,11255,0,4,9.5,90,60,NA,51.25,49.125,48.281,47.812
186099.0,11255,0,4,6.75,81,64,NA,51.125,48.937,48.281,47.906
186210.0,11255,0,4,10.25,91,51,NA,51.281,48.875,48.0,47.843
186318.0,11255,0,4,7.42,81,63,NA,51.125,48.875,48.125,47.812
186425.0,11255,0,4,10.25,90,62,NA,51.468,48.968,48.343,47.906
186537.0,11255,0,4,6.92,83,61,NA,51.156,48.937,48.312,47.906
186645.0,11255,0,4,8.08,88,55,NA,51.125,49.156,48.156,47.843
186753.0,11255,0,4,10.17,90,60,NA,51.156,48.906,48.093,47.843
186862.0,11255,0,4,7.67,83,60,NA,51.437,49.062,48.375,47.781
186973.0,11255,0,4,9.25,88,58,NA,51.218,48.937,48.218,47.843
187081.0,11255,0,4,10.33,90,66,NA,51.5,48.812,48.156,47.875
187189.0,11255,0,4,11.17,90,44,NA,51.093,48.875,48.187,47.843
187297.0,11255,0,4,9.83,100,51,NA,51.281,48.968,48.25,47.843
187408.0,11255,0,4,8.67,77,78,NA,51.125,48.906,48.156,47.937
187516.0,11255,0,4,6.0,63,76,NA,51.25,49.156,48.312,47.875
187625.0,11255,0,4,10.33,81,72,NA,51.093,48.906,48.218,47.875
187734.0,11255,0,4,8.83,70,72,NA,51.093,49.156,48.281,47.906
187843.0,11255,0,4,9.75,81,71,NA,50.812,48.937,48.156,47.937
187952.0,11255,0,4,9.33,70,73,NA,51.093,48.875,48.343,47.937
188059.0,11255,0,4,7.33,72,68,NA,50.968,48.968,48.187,47.937
188166.0,11255,0,4,9.08,60,55,NA,51.031,48.968,48.187,47.968
188273.0,11255,0,4,10.0,54,58,NA,51.062,48.843,48.093,47.843
188380.0,11255,0,4,8.33,90,62,NA,51.156,48.875,48.156,47.906
188490.0,11255,0,4,8.25,83,61,NA,51.281,49.093,48.406,47.843
188599.0,11255,0,4,8.08,88,57,NA,51.156,48.843,48.156,47.875
188707.0,11255,0,4,8.33,90,67,NA,51.187,49.093,48.281,47.843
188813.0,11255,0,4,8.08,80,59,NA,51.125,48.875,48.156,47.781
188921.0,11256,0,4,10.33,90,63,NA,51.25,48.906,48.156,47.843
189029.0,11256,0,4,9.75,83,67,NA,51.375,48.875,48.093,47.812
189138.0,11256,0,4,10.25,90,62,NA,51.156,48.968,48.187,47.843
189245.0,11256,0,4,8.25,80,64,NA,51.187,49.062,48.125,47.781
189353.0,11256,0,4,8.25,90,64,NA,51.093,48.968,48.125,47.843
189461.0,11256,0,4,8.5,83,58,NA,51.312,49.031,48.25,47.906
189570.0,11256,0,4,8.25,90,60,NA,51.25,48.812,48.125,47.812
189680.0,11256,0,4,8.42,83,62,NA,51.406,49.031,48.343,47.843
189787.0,11256,0,4,8.92,90,60,NA,51.156,48.781,48.062,47.875
189894.0,11256,0,4,7.5,90,62,NA,51.25,48.906,48.218,47.875
190001.0,11256,0,4,10.25,90,43,NA,51.312,49.062,48.312,47.843
190109.0,11256,0,4,9.67,100,51,NA,51.25,48.875,48.187,47.75
190220.0,11256,0,4,9.42,81,67,NA,51.406,48.843,48.25,47.843
190328.0,11256,0,4,8.5,66,75,NA,50.968,49.0,48.093,47.937
190437.0,11256,0,4,8.25,72,75,NA,51.0,49.062,48.375,47.875
190545.0,11256,0,4,7.42,80,70,NA,50.906,48.968,48.218,47.906
190654.0,11256,0,4,8.92,72,69,NA,51.156,49.062,48.312,47.843
190763.0,11256,0,4,6.75,81,70,NA,51.031,49.0,48.187,47.937
190871.0,11256,0,4,8.92,80,69,NA,51.031,49.031,48.312,47.906
190979.0,11256,0,4,8.25,80,56,NA,50.937,48.937,48.093,47.906
191089.0,11256,0,4,9.0,90,60,NA,51.281,49.062,48.312,47.843
191197.0,11256,0,4,8.92,90,57,NA,51.312,48.968,48.187,47.843
191305.0,11256,0,4,12.17,83,65,NA,51.312,48.937,48.156,47.937
191415.0,11256,0,4,10.17,90,60,NA,51.093,48.937,48.156,47.843
191522.0,11256,0,4,9.0,90,66,NA,51.375,48.906,48.25,47.875
191630.0,11256,0,4,7.75,83,60,NA,51.218,49.062,48.062,47.843
191741.0,11256,0,4,7.5,81,64,NA,51.156,49.0,48.156,47.937
191849.0,11256,0,4,9.0,90,53,NA,51.531,48.906,48.093,47.843
191956.0,11256,0,4,7.5,90,64,NA,51.25,48.843,48.187,47.937
192064.0,11256,0,4,9.5,81,64,NA,51.343,49.031,48.281,47.843
192170.0,11256,0,4,7.67,83,64,NA,51.218,48.875,48.156,47.875
192280.0,11256,0,4,8.25,90,58,NA,51.25,48.937,48.281,47.906
192389.0,11256,0,4,9.08,90,58,NA,51.593,48.906,48.156,47.875
192496.0,11256,0,4,8.75,81,65,NA,51.218,49.0,48.187,47.968
192604.0,11256,0,4,9.67,90,54,NA,51.125,48.937,48.218,47.843
192712.0,11256,0,4,8.25,90,64,NA,51.187,48.906,48.187,47.937
192823.0,11256,0,4,9.67,100,40,NA,51.468,48.875,48.156,47.875
192931.0,11256,0,4,8.92,91,48,NA,51.218,48.781,48.218,47.875
193040.0,11256,0,4,9.0,81,83,NA,51.156,49.156,48.156,47.906
193149.0,11256,0,4,8.42,75,78,NA,51.125,48.937,48.218,47.906
193258.0,11256,0,4,7.5,66,75,NA,51.156,49.093,48.093,47.875
193365.0,11256,0,4,6.67,72,72,NA,51.031,48.968,48.093,47.968
193472.0,11256,0,4,10.17,81,73,NA,51.0,49.0,48.156,47.968
193582.0,11256,0,4,6.75,72,69,NA,50.812,48.937,48.187,47.968
193690.0,11256,0,4,7.5,80,68,NA,51.062,49.062,48.281,47.875
193797.0,11256,0,4,8.83,88,51,NA,51.125,48.906,48.125,47.843
193904.0,11256,0,4,9.0,81,59,NA,51.187,48.968,48.218,47.906
194014.0,11256,0,4,9.58,91,61,NA,51.562,48.875,48.125,47.937
194123.0,11256,0,4,8.67,88,57,NA,51.281,48.937,48.218,47.875
194231.0,11256,0,4,8.25,83,59,NA,51.218,48.843,48.156,47.875
194338.0,11256,0,4,8.25,90,64,NA,51.125,48.843,48.125,47.875
194448.0,11256,0,4,8.83,81,60,NA,51.437,49.031,48.062,47.843
194558.0,11256,0,4,8.17,90,64,NA,51.25,48.937,48.156,47.906
194665.0,11256,0,4,7.33,88,53,NA,51.25,49.031,48.375,47.843
194773.0,11256,0,4,9.58,83,63,NA,51.156,48.906,48.187,47.906
194883.0,11256,0,4,9.42,88,66,NA,51.375,48.906,48.406,47.843
194992.0,11256,0,4,8.42,83,64,NA,51.25,48.906,48.218,47.843
195099.0,11256,0,4,8.25,90,60,NA,51.156,48.968,48.25,47.906
195206.0,11256,0,4,8.92,83,61,NA,51.25,48.906,48.187,47.812
195314.0,11256,0,4,7.5,90,63,NA,51.218,48.937,48.218,47.875
195423.0,11256,0,4,10.42,91,54,NA,51.5,48.812,48.062,47.843
195534.0,11256,0,4,8.25,83,60,NA,51.187,48.968,48.25,47.906
195641.0,11256,0,4,9.17,100,41,NA,51.562,48.781,48.062,47.843
195749.0,11256,0,4,10.33,100,49,NA,51.093,48.875,48.187,47.843
195859.0,11256,0,4,7.75,76,81,NA,51.031,48.812,48.093,47.843
195967.0,11256,0,4,6.5,40,73,NA,50.968,48.937,48.156,47.937
196077.0,11256,0,4,7.25,70,72,NA,51.125,48.937,48.093,47.906
196186.0,11256,0,4,9.5,81,69,NA,51.0,48.937,48.187,48.062
196294.0,11256,0,4,8.08,72,69,NA,50.968,49.031,48.312,47.906
196405.0,11256,0,4,6.75,72,71,NA,51.031,49.031,48.343,47.906
196513.0,11256,0,4,7.92,72,75,NA,51.187,48.875,48.125,47.937
196621.0,11256,0,4,9.17,72,59,NA,51.125,48.937,48.187,48.031
196732.0,11256,0,4,8.5,45,60,NA,51.656,48.906,48.156,48.0
196840.0,11256,0,4,7.5,90,61,NA,51.468,48.968,48.187,48.062
196947.0,11256,0,4,8.33,90,55,NA,51.593,49.062,48.093,47.906
197054.0,11256,0,4,8.83,81,61,NA,51.437,48.843,48.156,47.968
197162.0,11256,0,4,8.33,90,64,NA,51.437,48.906,48.25,48.062
197270.0,11256,0,4,8.92,90,58,NA,51.875,48.843,48.125,47.968
197380.0,11256,0,4,8.25,81,62,NA,51.593,48.937,48.218,48.093
197487.0,11256,0,4,8.83,88,61,NA,51.468,48.906,48.125,47.968
197593.0,11256,0,4,7.5,81,62,NA,51.437,48.875,48.156,47.968
197701.0,11256,0,4,8.17,90,62,NA,51.656,49.031,48.375,48.062
197809.0,11256,0,4,7.0,84,62,NA,51.843,48.781,48.125,48.0
197918.0,11256,0,4,9.58,90,58,NA,51.562,48.968,48.281,47.937
198028.0,11256,0,4,8.17,80,61,NA,51.437,48.812,48.062,48.0
198137.0,11256,0,4,7.42,80,65,NA,51.437,49.0,48.25,48.031
198245.0,11256,0,4,8.83,90,55,NA,51.375,48.906,48.187,47.875
198354.0,11256,0,4,9.92,91,66,NA,51.156,48.937,48.281,47.937
198464.0,11256,0,4,9.08,100,42,NA,51.125,48.906,48.062,47.875
198572.0,11256,0,4,8.33,100,48,NA,51.218,48.906,48.25,47.968
198680.0,11256,0,4,6.58,70,83,NA,51.093,48.906,48.062,47.875
198791.0,11256,0,4,7.5,63,78,NA,51.187,49.0,48.25,47.968
198899.0,11256,0,4,8.0,70,76,NA,51.343,48.875,48.125,47.937
199009.0,11256,0,4,6.58,70,73,NA,51.062,49.062,48.25,48.031
199116.0,11255,0,4,8.75,70,73,NA,51.031,48.875,48.093,47.937
199224.0,11255,0,4,6.75,72,74,NA,50.968,48.906,48.25,47.937
199334.0,11255,0,4,7.67,76,79,NA,51.312,48.968,48.062,48.0
199442.0,11255,0,4,9.5,90,52,NA,51.25,48.968,48.187,48.0
199549.0,11255,0,4,9.92,90,56,NA,51.406,49.156,48.281,47.906
199656.0,11255,0,4,8.33,91,56,NA,51.25,48.968,48.156,47.906
199765.0,11255,0,4,9.67,100,50,NA,51.406,49.0,48.312,47.843
199876.0,11255,0,4,7.67,83,56,NA,51.281,48.906,48.218,47.875
199983.0,11255,0,4,8.17,88,55,NA,51.312,49.031,48.312,47.875
200090.0,11255,0,4,8.92,90,59,NA,51.218,48.937,48.062,47.906
200197.0,11255,0,4,9.08,90,60,NA,51.25,49.0,48.125,47.937
200303.0,11255,0,4,8.83,90,57,NA,51.5,49.031,48.25,47.937
200413.0,11255,0,4,8.33,90,58,NA,51.281,48.875,48.156,47.968
200520.0,11255,0,4,8.92,90,61,NA,51.312,49.062,48.25,47.937
200628.0,11255,0,4,8.17,90,53,NA,51.312,48.875,48.156,47.906
200736.0,11255,0,4,8.33,90,56,NA,51.406,49.031,48.218,47.968
200843.0,11255,0,4,7.5,90,56,NA,51.5,48.906,48.125,47.968
200950.0,11255,0,4,9.0,90,52,NA,51.312,48.843,48.156,47.906
201060.0,11255,0,4,10.67,90,42,NA,51.218,49.0,48.062,47.843
201168.0,11255,0,4,9.83,100,41,NA,51.281,48.843,48.125,47.906
201275.0,11255,0,4,8.33,100,51,NA,51.375,48.968,48.25,48.0
201383.0,11255,0,4,8.0,72,78,NA,51.406,48.906,48.062,47.968
201492.0,11255,0,4,6.75,63,79,NA,51.093,49.031,48.25,48.062
201600.0,11255,0,4,7.75,76,75,NA,50.968,48.968,48.156,48.0
201707.0,11255,0,4,6.58,70,73,NA,50.968,48.906,48.25,47.906
201818.0,11255,0,4,10.5,75,74,NA,51.125,48.812,48.093,47.937
201925.0,11255,0,4,6.42,77,73,NA,51.031,48.843,48.218,48.062
202034.0,11255,0,4,8.5,70,42,NA,51.312,48.875,48.343,47.937
202143.0,11255,0,4,9.58,90,52,NA,51.281,49.0,48.156,47.968
202251.0,11255,0,4,9.08,100,55,NA,51.375,49.062,48.343,47.937
202357.0,11255,0,4,7.75,83,57,NA,51.218,49.0,48.125,47.937
202464.0,11255,0,4,8.75,75,53,NA,51.312,48.968,48.25,48.187
202570.0,11255,0,4,8.83,90,57,NA,51.312,49.062,48.25,47.875
202676.0,11255,0,4,8.25,90,55,NA,51.25,48.875,48.156,47.906
202782.0,11255,0,4,9.0,91,59,NA,51.218,48.843,48.187,47.937
202888.0,11255,0,4,9.0,90,51,NA,51.437,48.968,48.25,48.062
202996.0,11255,0,4,8.0,87,59,NA,51.562,48.843,48.125,47.968
203105.0,11255,0,4,8.33,90,58,NA,51.375,48.937,48.218,47.906
203212.0,11255,0,4,9.0,90,55,NA,51.25,48.875,48.062,47.937
203320.0,11255,0,4,10.17,90,55,NA,51.218,48.937,48.281,47.906
203427.0,11255,0,4,9.0,90,64,NA,51.437,49.062,48.25,47.906
203538.0,11255,0,4,8.33,92,57,NA,51.281,48.875,48.187,47.875
203646.0,11255,0,4,9.25,88,54,NA,51.343,49.031,48.25,47.812
203753.0,11255,0,4,8.25,90,46,NA,51.312,48.812,48.093,47.843
203861.0,11255,0,4,9.08,100,42,NA,51.406,48.937,48.218,47.937
203968.0,11255,0,4,9.92,100,54,NA,51.437,48.843,48.062,47.812
204078.0,11255,0,4,6.92,66,80,NA,51.156,48.937,48.156,47.968
204185.0,11255,0,4,5.58,36,75,NA,50.968,49.031,48.062,47.937
204292.0,11255,0,4,8.0,77,73,NA,51.062,48.906,48.093,47.937
204401.0,11255,0,4,8.58,70,72,NA,51.125,49.125,48.343,47.937
204509.0,11255,0,4,9.58,80,73,NA,51.031,48.937,48.156,47.906
204616.0,11255,0,4,7.92,75,72,NA,51.031,49.062,48.125,47.968
204723.0,11255,0,4,6.67,70,82,NA,50.875,49.125,48.156,47.968
204833.0,11255,0,4,10.5,100,56,NA,51.093,48.843,48.125,47.906
204940.0,11255,0,4,9.17,83,63,NA,51.312,49.062,48.312,47.843
205046.0,11255,0,4,8.17,90,63,NA,51.406,48.906,48.125,47.843
205153.0,11255,0,4,8.25,90,60,NA,51.187,48.937,48.218,47.968
205261.0,11255,0,4,7.58,81,60,NA,51.156,49.062,48.156,47.843
205370.0,11255,0,4,10.75,90,69,NA,51.218,48.875,48.093,47.875
205476.0,11255,0,4,7.75,83,64,NA,51.375,49.031,48.281,47.843
205582.0,11255,0,4,9.58,90,59,NA,51.5,48.781,48.187,47.875
205689.0,11255,0,4,7.42,81,62,NA,51.25,48.843,48.156,47.906
205797.0,11255,0,4,8.83,90,63,NA,51.281,48.937,48.343,47.843
205908.0,11255,0,4,6.75,81,63,NA,51.25,48.875,48.187,47.875
206015.0,11255,0,4,9.58,90,63,NA,51.406,48.875,48.281,47.812
206121.0,11255,0,4,7.25,87,57,NA,51.562,48.906,48.125,47.875
206229.0,11255,0,4,9.92,83,64,NA,51.312,48.812,48.156,47.937
206337.0,11255,0,4,9.0,90,62,NA,51.343,48.781,48.093,47.843
206447.0,11255,0,4,8.33,84,55,NA,51.343,48.875,48.187,47.937
206556.0,11255,0,4,9.5,88,54,NA,51.5,48.875,48.125,47.875
206663.0,11255,0,4,9.67,100,41,NA,51.312,48.843,48.218,47.843
206771.0,11255,0,4,10.33,100,49,NA,51.562,48.968,48.062,47.812
206882.0,11255,0,4,7.08,75,80,NA,51.343,48.906,48.187,47.937
206989.0,11255,0,4,7.58,63,76,NA,51.218,49.062,48.343,47.843
207096.0,11255,0,4,6.67,80,73,NA,50.906,48.937,48.062,47.906
207207.0,11255,0,4,10.0,70,71,NA,51.187,49.062,48.281,47.875
207314.0,11255,0,4,8.08,81,74,NA,50.968,49.031,48.093,47.906
207422.0,11255,0,4,9.33,75,75,NA,51.093,48.968,48.312,48.062
207531.0,11255,0,4,6.92,66,69,NA,50.906,48.875,48.125,47.968
207638.0,11255,0,4,8.42,91,47,NA,50.968,48.937,48.25,47.937
207749.0,11255,0,4,8.25,90,63,NA,51.5,48.875,48.187,47.812
207857.0,11255,0,4,9.5,88,61,NA,51.281,48.906,48.187,47.843
207964.0,11255,0,4,7.5,81,60,NA,51.156,48.781,48.156,47.875
208074.0,11255,0,4,9.67,92,61,NA,51.156,48.875,48.218,47.843
208182.0,11255,0,4,7.42,80,65,NA,51.406,48.875,48.031,47.843
208292.0,11255,0,4,9.58,90,64,NA,51.187,48.968,48.125,47.906
208399.0,11255,0,4,9.58,90,61,NA,51.562,49.031,48.125,47.843
208508.0,11255,0,4,8.83,81,65,NA,51.125,48.906,48.156,47.843
208616.0,11255,0,4,8.25,90,64,NA,51.25,49.0,48.281,47.875
208725.0,11255,0,4,7.5,81,62,NA,51.125,48.843,48.156,47.843
208834.0,11255,0,4,8.92,90,63,NA,51.468,48.906,48.312,47.812
208943.0,11255,0,4,10.42,83,60,NA,51.281,48.843,48.093,47.937
209051.0,11255,0,4,8.83,88,63,NA,51.218,48.937,48.218,47.843
209159.0,11255,0,4,7.75,77,63,NA,51.093,48.843,48.125,47.843
209267.0,11255,0,4,8.92,90,59,NA,51.156,48.875,48.281,47.843
209375.0,11256,0,4,9.75,90,45,NA,51.406,48.812,48.125,47.843
209482.0,11256,0,4,9.67,100,45,NA,51.156,48.875,48.25,47.875
209589.0,11256,0,4,9.08,100,54,NA,51.156,49.0,48.281,47.843
209697.0,11256,0,4,5.33,55,80,NA,51.093,48.906,48.156,47.843
209806.0,11256,0,4,7.25,70,72,NA,51.187,48.968,48.25,47.875
209913.0,11256,0,4,8.83,80,71,NA,51.25,48.937,48.125,47.875
210021.0,11256,0,4,8.92,72,74,NA,50.937,48.968,48.156,47.937
210130.0,11256,0,4,9.17,77,77,NA,50.937,48.906,48.062,47.843
210240.0,11256,0,4,6.75,72,70,NA,50.968,49.031,48.218,47.937
210348.0,11256,0,4,9.0,80,86,NA,51.062,48.937,48.156,47.843
210459.0,11256,0,4,9.75,90,56,NA,51.031,48.906,48.218,47.843
210567.0,11256,0,4,10.25,90,62,NA,51.093,48.843,48.093,47.781
210678.0,11256,0,4,9.17,81,69,NA,51.218,48.937,48.218,47.843
210786.0,11256,0,4,9.58,91,60,NA,51.187,48.843,48.062,47.843
210896.0,11256,0,4,8.08,88,64,NA,51.375,48.843,48.343,47.937
211004.0,11256,0,4,7.42,81,63,NA,51.406,48.781,48.125,47.843
211112.0,11256,0,4,7.67,83,64,NA,51.187,48.906,48.218,47.906
211220.0,11256,0,4,8.25,90,64,NA,51.125,48.843,48.156,47.875
211329.0,11256,0,4,9.58,90,60,NA,51.125,48.875,48.125,47.906
211436.0,11256,0,4,7.67,83,65,NA,51.437,49.0,48.093,47.843
211545.0,11256,0,4,6.67,80,66,NA,51.218,48.937,48.187,47.843
211654.0,11256,0,4,7.5,90,61,NA,51.125,49.062,48.343,47.812
211764.0,11256,0,4,8.92,90,54,NA,51.093,48.843,48.156,47.843
211872.0,11256,0,4,8.42,83,61,NA,51.343,49.062,48.281,47.843
211982.0,11256,0,4,9.5,90,60,NA,51.125,48.843,48.062,47.875
212090.0,11256,0,4,8.25,83,56,NA,51.5,49.062,48.343,47.843
212201.0,11256,0,4,9.08,100,44,NA,51.25,48.906,48.156,47.843
212309.0,11256,0,4,9.75,100,49,NA,51.187,48.75,48.343,47.812
212419.0,11256,0,4,7.42,81,66,NA,51.093,48.937,48.187,47.906
212528.0,11256,0,4,8.58,70,79,NA,51.187,48.75,48.125,47.843
212636.0,11256,0,4,6.83,63,78,NA,51.0,48.906,48.187,47.937
212746.0,11256,0,4,8.5,70,74,NA,51.343,48.843,48.062,47.875
212855.0,11256,0,4,9.0,81,70,NA,51.0,49.031,48.187,47.906
212964.0,11256,0,4,7.58,72,70,NA,50.843,48.843,48.125,47.843
213072.0,11256,0,4,8.67,80,71,NA,50.937,49.0,48.187,47.968
213182.0,11256,0,4,8.83,80,39,NA,51.093,48.937,48.093,47.843
213289.0,11256,0,4,8.83,90,55,NA,51.062,48.937,48.25,47.906
213399.0,11256,0,4,8.25,91,59,NA,51.031,48.812,48.312,47.812
213505.0,11256,0,4,8.75,80,62,NA,51.062,48.906,48.125,47.875
213614.0,11256,0,4,8.83,90,61,NA,51.343,49.0,48.25,47.937
213722.0,11256,0,4,8.92,90,61,NA,51.375,48.875,48.125,47.875
213829.0,11256,0,4,6.75,81,63,NA,51.156,48.843,48.156,47.875
213939.0,11256,0,4,8.17,90,65,NA,51.093,48.843,48.093,47.843
214048.0,11256,0,4,8.25,83,64,NA,51.312,48.875,48.187,47.968
214159.0,11256,0,4,8.25,90,62,NA,51.187,48.968,48.156,47.812
214267.0,11256,0,4,7.67,83,65,NA,51.218,49.0,48.218,47.968
214378.0,11256,0,4,9.5,88,63,NA,51.156,48.875,48.156,47.875
214485.0,11256,0,4,7.42,80,60,NA,51.156,49.0,48.187,47.781
214595.0,11256,0,4,7.5,90,57,NA,51.187,48.812,48.125,47.843
214703.0,11256,0,4,8.42,83,65,NA,51.375,48.937,48.281,47.906
214814.0,11256,0,4,8.17,72,60,NA,51.125,48.906,48.156,47.875
214921.0,11256,0,4,8.42,83,61,NA,51.093,48.875,48.25,47.906
215030.0,11256,0,4,9.75,100,43,NA,51.062,48.812,48.156,47.843
215136.0,11256,0,4,9.83,100,49,NA,51.25,48.812,48.218,47.781
215244.0,11256,0,4,8.25,83,71,NA,51.312,49.062,48.062,47.812
215353.0,11256,0,4,8.92,45,77,NA,51.093,48.937,48.187,47.906
215463.0,11256,0,4,7.33,72,72,NA,51.281,48.843,48.125,47.843
215571.0,11256,0,4,6.75,72,72,NA,51.0,48.937,48.093,47.875
215682.0,11256,0,4,8.75,80,71,NA,51.093,48.875,48.125,47.875
215791.0,11256,0,4,8.25,81,73,NA,50.937,48.937,48.156,47.937
215898.0,11256,0,4,7.67,75,71,NA,51.156,49.125,48.125,47.875
216006.0,11256,0,4,8.25,83,47,NA,51.0,48.906,48.125,47.843
216117.0,11256,0,4,8.33,90,57,NA,51.093,48.812,48.062,47.843
216224.0,11256,0,4,8.92,90,59,NA,51.125,48.906,48.156,47.843
216334.0,11256,0,4,8.5,83,64,NA,51.312,48.843,48.312,47.843
216441.0,11256,0,4,8.25,90,57,NA,51.187,48.843,48.187,47.843
216550.0,11256,0,4,8.83,90,63,NA,51.187,49.031,48.218,47.812
216659.0,11256,0,4,8.33,81,57,NA,51.187,48.843,48.125,47.843
216767.0,11256,0,4,8.25,90,63,NA,51.312,48.968,48.187,47.968
216874.0,11256,0,4,7.5,81,59,NA,51.281,48.781,48.125,47.843
216983.0,11256,0,4,8.92,90,64,NA,51.218,48.937,48.218,47.843
217090.0,11256,0,4,8.17,80,65,NA,51.156,49.031,48.062,47.843
217201.0,11256,0,4,8.25,91,62,NA,51.312,48.906,48.25,47.906
217309.0,11256,0,4,8.83,81,59,NA,51.312,48.812,48.093,47.843
217419.0,11256,0,4,9.0,90,57,NA,51.093,48.968,48.218,47.875
217526.0,11256,0,4,9.42,87,64,NA,51.375,49.031,48.156,47.843
217636.0,11256,0,4,6.92,83,58,NA,51.25,48.906,48.156,47.843
217743.0,11256,0,4,9.75,90,65,NA,51.125,49.0,48.25,47.718
217852.0,11256,0,4,9.08,100,43,NA,51.093,48.937,48.093,47.843
217959.0,11256,0,4,9.67,100,50,NA,51.312,49.0,48.218,47.75
218069.0,11256,0,4,7.33,70,80,NA,51.062,48.843,48.218,47.875
218185.0,11256,0,4,9.58,75,73,NA,51.25,48.968,48.125,47.937
218296.0,11256,0,4,6.58,70,72,NA,50.875,49.093,48.125,47.812
218403.0,11256,0,4,8.33,81,68,NA,50.781,48.906,48.062,47.875
218511.0,11256,0,4,7.5,72,69,NA,51.062,49.0,48.218,48.0
218620.0,11256,0,4,7.75,77,72,NA,50.968,48.843,48.093,47.906
218727.0,11256,0,4,6.75,72,70,NA,50.937,49.031,48.218,47.968
218836.0,11256,0,4,9.75,90,55,NA,50.843,48.843,48.062,47.875
218943.0,11256,0,4,9.08,91,61,NA,51.093,48.937,48.156,47.843
219052.0,11256,0,4,8.42,83,63,NA,51.375,48.812,48.343,47.843
219159.0,11256,0,4,8.25,90,60,NA,51.156,48.906,48.187,47.843
219267.0,11256,0,4,10.25,90,55,NA,51.187,48.937,48.281,47.843
219377.0,11256,0,4,8.92,81,64,NA,51.125,48.843,48.156,47.843
219484.0,11256,0,4,7.5,90,60,NA,51.25,48.875,48.093,47.843
219593.0,11256,0,4,8.17,81,66,NA,51.156,48.75,48.125,47.875
219701.0,11256,0,4,7.5,90,62,NA,51.156,48.937,48.156,47.843
219809.0,11256,0,4,9.25,84,64,NA,51.5,48.843,48.062,47.812
219918.0,11256,0,4,9.67,90,63,NA,51.25,48.812,48.218,47.875
220027.0,11256,0,4,10.67,83,63,NA,51.156,48.812,48.125,47.781
220137.0,11256,0,4,8.92,90,57,NA,51.312,48.875,48.281,47.875
220244.0,11256,0,4,7.67,83,64,NA,51.375,48.812,48.062,47.812
220354.0,11256,0,4,8.92,90,65,NA,51.156,48.937,48.156,47.937
220460.0,11256,0,4,8.08,88,61,NA,51.156,48.718,48.343,47.843
220568.0,11256,0,4,8.33,83,45,NA,51.156,48.843,48.125,47.843
220677.0,11256,0,4,9.67,100,43,NA,51.281,48.937,48.25,47.843
220784.0,11256,0,4,8.33,100,51,NA,51.375,48.812,48.156,47.781
220892.0,11256,0,4,9.67,75,80,NA,51.156,49.031,48.218,47.875
221008.0,11256,0,4,8.25,75,75,NA,51.093,48.968,48.156,47.875
221117.0,11256,0,4,8.42,75,73,NA,50.937,48.843,48.062,47.812
221224.0,11256,0,4,7.42,80,70,NA,51.0,48.906,48.093,47.906
221354.0,11256,0,4,9.42,69,71,NA,50.906,48.937,48.218,47.843
221478.0,11256,0,4,6.33,76,70,NA,51.125,49.125,48.0,47.812
221593.0,11256,0,4,6.67,72,56,NA,51.125,49.031,48.312,47.906
221701.0,11256,0,4,9.08,100,54,NA,50.875,48.812,48.156,47.812
221809.0,11256,0,4,9.0,91,61,NA,51.093,49.031,48.312,47.843
221926.0,11256,0,4,8.75,81,69,NA,51.156,48.906,48.281,47.937
222042.0,11256,0,4,6.75,81,59,NA,51.281,48.937,48.125,47.812
222150.0,11256,0,4,8.25,90,59,NA,51.375,48.812,48.125,47.843
222267.0,11256,0,4,10.0,81,62,NA,51.468,48.781,48.093,47.843
222383.0,11256,0,4,7.33,81,64,NA,51.031,48.875,48.062,47.843
222489.0,11256,0,4,8.25,81,62,NA,51.25,48.906,48.218,47.906
222605.0,11256,0,4,8.83,90,61,NA,51.125,48.906,48.187,47.875
222712.0,11256,0,4,8.5,84,64,NA,51.281,48.875,48.25,47.843
222819.0,11256,0,4,8.08,81,63,NA,51.343,48.875,48.093,47.843
222928.0,11256,0,4,9.0,90,58,NA,51.25,48.968,48.25,47.75
223035.0,11256,0,4,10.17,90,60,NA,51.187,48.906,48.125,47.843
223142.0,11256,0,4,7.0,84,65,NA,51.093,48.906,48.156,47.843
223250.0,11256,0,4,10.58,88,55,NA,51.312,48.968,48.062,47.812
223356.0,11256,0,4,8.17,90,60,NA,51.437,48.812,48.125,47.781
223467.0,11256,0,4,8.33,91,45,NA,51.281,48.937,48.218,47.812
223573.0,11256,0,4,9.83,100,49,NA,51.093,48.812,48.125,47.812
223681.0,11256,0,4,8.25,90,65,NA,51.125,48.937,48.156,47.843
223788.0,11256,0,4,7.75,75,77,NA,51.218,49.062,48.093,47.843
223901.0,11256,0,4,6.58,55,72,NA,51.093,48.812,48.25,47.968
224009.0,11256,0,4,8.5,66,69,NA,51.0,48.875,48.093,47.843
224118.0,11256,0,4,8.25,72,71,NA,51.187,48.968,48.187,47.906
224225.0,11256,0,4,7.17,77,71,NA,51.156,49.093,48.093,47.843
224333.0,11256,0,4,10.33,80,75,NA,51.156,48.906,48.156,47.937
224442.0,11256,0,4,6.75,72,41,NA,51.312,48.968,48.25,47.843
224550.0,11256,0,4,10.5,91,52,NA,51.218,48.937,48.093,47.843
224657.0,11256,0,4,8.25,90,62,NA,51.593,48.937,48.187,47.937
224767.0,11256,0,4,8.83,90,60,NA,51.562,48.843,48.156,47.843
224875.0,11256,0,4,7.75,83,60,NA,51.625,48.937,48.187,47.968
224986.0,11256,0,4,8.17,90,60,NA,51.5,48.843,48.125,47.812
225096.0,11256,0,4,8.17,81,66,NA,51.5,49.0,48.187,47.843
225204.0,11256,0,4,9.0,90,66,NA,51.562,48.843,48.125,47.906
225313.0,11256,0,4,9.67,84,66,NA,51.687,48.937,48.281,47.781
225422.0,11256,0,4,8.92,88,61,NA,51.531,48.875,48.062,47.843
225530.0,11256,0,4,7.67,83,63,NA,51.625,49.0,48.218,47.781
225640.0,11256,0,4,9.58,90,64,NA,51.406,48.843,48.093,47.843
225746.0,11256,0,4,8.83,88,60,NA,51.562,48.937,48.093,47.875
225856.0,11256,0,4,7.75,84,55,NA,51.531,48.812,48.093,47.906
225963.0,11256,0,4,8.25,90,65,NA,51.562,48.875,48.187,47.843
226071.0,11256,0,4,8.25,83,60,NA,51.843,48.843,48.062,47.843
226179.0,11256,0,4,8.25,90,63,NA,51.593,48.906,48.062,47.843
226287.0,11256,0,4,11.58,100,43,NA,51.687,48.937,48.093,47.812
226395.0,11256,0,4,8.33,100,50,NA,51.562,48.875,48.125,47.843
226503.0,11256,0,4,8.67,80,70,NA,51.625,48.875,48.25,47.843
226610.0,11256,0,4,6.33,66,74,NA,51.437,48.812,48.062,47.843
226718.0,11256,0,4,6.25,75,71,NA,51.125,48.875,48.062,47.906
226827.0,11256,0,4,7.67,54,72,NA,50.937,48.843,48.062,47.843
226938.0,11256,0,4,7.25,70,70,NA,51.093,48.937,48.218,47.937
227047.0,11256,0,4,8.92,80,73,NA,51.093,48.812,48.062,47.843
227156.0,11256,0,4,8.25,72,74,NA,50.875,49.062,48.25,47.968
227264.0,11256,0,4,9.0,90,55,NA,50.906,48.75,48.062,47.906
227374.0,11256,0,4,11.58,91,59,NA,51.093,49.0,48.125,47.875
227481.0,11256,0,4,8.17,80,59,NA,51.25,49.093,48.062,47.812
227591.0,11256,0,4,9.58,90,65,NA,51.093,48.937,48.25,47.875
227699.0,11256,0,4,8.0,88,55,NA,51.406,48.875,48.062,47.781
227808.0,11256,0,4,7.5,81,66,NA,51.25,48.875,48.156,47.875
227922.0,11256,0,4,11.58,91,58,NA,51.125,48.875,48.125,47.843
228029.0,11256,0,4,7.5,81,64,NA,51.343,48.968,48.187,47.843
228146.0,11256,0,4,7.42,81,67,NA,51.343,48.937,48.25,47.781
228252.0,11256,0,4,11.0,90,64,NA,51.343,48.812,48.062,47.812
228368.0,11256,0,4,8.42,84,64,NA,51.5,48.781,48.062,47.843
228485.0,11256,0,4,7.42,81,63,NA,51.062,48.812,48.093,47.843
228602.0,11256,0,4,7.42,81,58,NA,51.093,48.781,48.156,47.843
228709.0,11256,0,4,8.25,90,62,NA,51.093,48.875,48.187,47.843
228818.0,11256,0,4,7.67,83,66,NA,51.25,48.75,48.125,47.781
228926.0,11256,0,4,8.25,90,55,NA,51.125,48.812,48.093,47.875
229044.0,11256,0,4,7.08,85,41,NA,51.125,48.906,48.156,47.843
229153.0,11256,0,4,9.75,100,43,NA,51.062,48.812,48.093,47.843
229270.0,11256,0,4,9.67,100,50,NA,51.062,48.781,48.156,47.781
229395.0,11256,0,4,7.33,58,80,NA,51.156,48.875,48.156,47.781
229517.0,11256,0,4,6.67,72,72,NA,50.875,48.75,48.0,47.843
229624.0,11256,0,4,8.25,72,71,NA,50.812,48.906,48.187,47.906
229734.0,11256,0,4,8.83,81,69,NA,51.156,48.906,48.062,47.843
229842.0,11257,0,4,7.67,83,74,NA,50.937,48.875,48.218,47.875
229951.0,11257,0,4,5.83,70,75,NA,50.75,48.937,48.062,47.812
230058.0,11257,0,4,10.17,70,70,NA,50.812,48.875,48.093,47.843
230165.0,11257,0,4,9.0,100,53,NA,51.093,49.062,48.125,47.875
230273.0,11257,0,4,11.17,90,63,NA,51.437,48.812,48.093,47.843
230382.0,11257,0,4,8.83,81,61,NA,51.25,48.875,48.25,47.843
230489.0,11257,0,4,7.5,90,60,NA,51.093,48.718,48.062,47.812
230597.0,11257,0,4,9.0,90,62,NA,51.218,48.718,48.156,47.812
230705.0,11257,0,4,8.92,80,64,NA,51.375,49.031,48.343,47.843
230813.0,11257,0,4,8.17,90,56,NA,51.5,48.812,48.062,47.781
230922.0,11257,0,4,8.75,80,60,NA,51.156,48.843,48.343,47.875
231030.0,11257,0,4,8.92,90,64,NA,51.125,48.812,48.125,47.812
231140.0,11257,0,4,7.67,84,62,NA,51.218,48.937,48.218,47.781
231247.0,11257,0,4,10.08,88,64,NA,51.375,48.812,48.125,47.843
231355.0,11257,0,4,8.33,83,59,NA,51.125,48.812,48.25,47.843
231463.0,11257,0,4,7.5,90,54,NA,51.031,48.75,48.093,47.812
231570.0,11257,0,4,10.75,90,66,NA,51.093,48.906,48.062,47.843
231678.0,11257,0,4,7.58,83,63,NA,51.25,48.937,48.281,47.812
231786.0,11257,0,4,8.83,90,60,NA,51.343,48.843,48.156,47.843
231896.0,11257,0,4,9.5,90,36,NA,51.156,49.031,48.218,47.718
232005.0,11257,0,4,9.08,100,44,NA,51.062,48.843,48.093,47.781
232113.0,11257,0,4,10.42,100,54,NA,51.281,48.906,48.187,47.718
232222.0,11257,0,4,6.75,63,80,NA,51.0,48.843,48.062,47.843
232329.0,11257,0,4,7.75,66,75,NA,50.906,48.937,48.187,47.906
232439.0,11257,0,4,8.25,81,73,NA,50.875,48.875,48.062,47.843
232546.0,11257,0,4,7.5,72,75,NA,50.968,48.968,48.281,48.062
232654.0,11257,0,4,7.42,81,74,NA,50.937,48.875,48.093,47.843
232762.0,11257,0,4,7.58,66,69,NA,50.906,48.875,48.093,47.906
232871.0,11257,0,4,8.17,72,86,NA,51.125,49.156,48.281,47.843
232978.0,11257,0,4,10.58,100,57,NA,50.843,48.937,48.062,47.875
233086.0,11257,0,4,7.42,80,63,NA,51.093,48.937,48.187,47.875
233194.0,11257,0,4,8.25,90,67,NA,51.125,48.906,48.093,47.843
233301.0,11257,0,4,8.83,88,60,NA,51.093,48.812,48.093,47.781
233409.0,11257,0,4,8.17,81,57,NA,51.343,48.75,48.062,47.843
233516.0,11257,0,4,7.58,91,62,NA,51.093,48.875,48.062,47.843
233624.0,11257,0,4,8.33,81,62,NA,51.25,49.0,48.218,47.968
233732.0,11257,0,4,8.83,90,61,NA,51.125,48.781,48.093,47.781
233842.0,11257,0,4,8.92,83,60,NA,51.281,48.843,48.25,47.781
233950.0,11257,0,4,8.83,90,65,NA,51.531,48.812,48.062,47.781
234065.0,11257,0,4,9.17,81,64,NA,51.062,48.812,48.125,47.843
234173.0,11257,0,4,8.08,81,64,NA,51.093,48.781,48.187,47.843
234289.0,11257,0,4,10.17,90,60,NA,51.0,48.812,48.156,47.875
234407.0,11257,0,4,8.58,80,59,NA,50.906,48.875,48.125,47.843
234514.0,11257,0,4,8.75,70,57,NA,51.25,48.812,48.031,47.75
234623.0,11257,0,4,7.5,90,59,NA,51.125,48.906,48.125,47.843
234731.0,11257,0,4,8.92,91,44,NA,51.125,48.937,48.343,47.781
234839.0,11257,0,4,10.5,100,48,NA,51.093,48.781,48.125,47.781
234948.0,11257,0,4,8.25,90,60,NA,51.093,48.937,48.25,47.75
235056.0,11257,0,4,6.5,30,79,NA,51.0,48.843,48.156,47.781
235165.0,11257,0,4,8.08,80,74,NA,50.968,49.062,48.156,47.906
235271.0,11257,0,4,7.42,72,74,NA,50.843,48.875,48.062,47.906
235380.0,11257,0,4,8.92,70,75,NA,50.906,48.906,48.187,47.968
235489.0,11257,0,4,9.5,81,75,NA,51.031,48.875,48.156,47.843
235596.0,11257,0,4,7.42,72,71,NA,50.906,48.843,48.156,47.843
235703.0,11257,0,4,7.67,83,40,NA,50.937,48.968,48.218,47.843
235812.0,11257,0,4,9.08,90,58,NA,50.906,48.875,48.156,47.843
235918.0,11257,0,4,7.33,88,56,NA,51.125,48.812,48.25,47.843
236027.0,11257,0,4,9.5,83,60,NA,51.25,48.812,48.093,47.75
236134.0,11257,0,4,8.25,90,60,NA,51.125,48.812,48.156,47.843
236242.0,11257,0,4,9.0,91,62,NA,51.562,49.0,48.093,47.75
236350.0,11257,0,4,8.25,81,64,NA,51.125,48.843,48.093,47.843
236457.0,11257,0,4,7.33,88,63,NA,51.218,48.843,48.218,47.843
236567.0,11257,0,4,9.58,83,65,NA,51.156,48.843,48.062,47.812
236674.0,11257,0,4,9.0,90,55,NA,51.125,48.843,48.187,47.906
236785.0,11257,0,4,8.92,83,64,NA,51.125,48.875,48.156,47.718
236892.0,11257,0,4,7.5,90,64,NA,51.187,48.843,48.125,47.906
237000.0,11257,0,4,8.17,80,63,NA,51.312,48.75,48.062,47.718
237106.0,11257,0,4,9.67,90,58,NA,51.093,48.812,48.062,47.843
237213.0,11257,0,4,7.5,90,59,NA,51.093,48.875,48.218,47.843
237323.0,11257,0,4,9.67,83,60,NA,51.093,48.75,48.125,47.781
237429.0,11257,0,4,7.58,91,57,NA,51.25,48.875,48.062,47.812
237538.0,11257,0,4,8.92,90,41,NA,51.343,48.687,48.031,47.843
237644.0,11257,0,4,8.33,100,49,NA,51.156,48.781,48.125,47.843
237751.0,11257,0,4,8.33,91,61,NA,51.093,48.937,48.125,47.718
237858.0,11257,0,4,7.25,70,80,NA,50.906,48.781,48.093,47.843
237965.0,11257,0,4,8.5,75,72,NA,50.781,48.906,48.125,47.906
238072.0,11257,0,4,8.08,70,73,NA,50.968,49.031,48.312,47.781
238188.0,11257,0,4,8.33,83,73,NA,51.093,48.906,48.312,47.843
238295.0,11257,0,4,8.58,75,76,NA,51.187,48.875,48.062,47.906
238403.0,11257,0,4,9.5,80,73,NA,50.968,49.0,48.187,47.843
238511.0,11257,0,4,8.17,80,49,NA,50.968,48.937,48.062,47.781
238619.0,11257,0,4,9.58,90,52,NA,50.937,48.968,48.187,47.843
238725.0,11257,0,4,7.5,81,62,NA,51.343,49.031,48.281,47.812
238837.0,11257,0,4,8.25,90,60,NA,51.093,48.843,48.062,47.875
238944.0,11257,0,4,8.25,90,60,NA,51.218,49.0,48.281,47.75
239059.0,11257,0,4,8.83,81,61,NA,51.312,48.875,48.281,47.843
239170.0,11257,0,4,7.5,90,64,NA,51.062,48.781,48.062,47.843
239278.0,11257,0,4,10.17,81,63,NA,51.312,49.0,48.25,47.781
239387.0,11257,0,4,8.25,90,67,NA,51.156,48.875,48.125,47.843
239494.0,11257,0,4,8.25,81,64,NA,51.218,48.875,48.25,47.843
239603.0,11257,0,4,7.5,90,64,NA,51.062,48.843,48.062,47.75
239710.0,11257,0,4,7.58,83,64,NA,51.093,48.906,48.125,47.843
239819.0,11257,0,4,8.75,88,61,NA,51.406,48.843,48.031,47.843
239927.0,11257,0,4,9.67,90,54,NA,51.187,48.906,48.125,47.75
240037.0,11257,0,4,8.83,83,65,NA,51.187,48.875,48.093,47.687
240145.0,11261,0,4,8.17,90,60,NA,51.062,48.843,48.125,47.781
240256.0,11261,0,4,8.75,81,64,NA,51.093,48.781,48.062,47.718
240363.0,11261,0,4,10.33,100,42,NA,51.125,48.781,48.156,47.843
240472.0,11261,0,4,9.75,100,48,NA,51.406,48.843,48.062,47.75
240580.0,11261,0,4,8.08,80,71,NA,51.093,48.812,48.187,47.843
240706.0,11261,0,4,7.75,41,74,NA,50.968,48.843,48.093,47.843
240814.0,11261,0,4,6.0,72,72,NA,50.843,48.843,48.156,47.906
240922.0,11261,0,4,9.33,80,69,NA,51.062,48.843,48.25,47.875
241037.0,11261,0,4,7.0,75,69,NA,51.218,49.031,48.062,47.843
241145.0,11261,0,4,8.42,75,69,NA,51.031,48.937,48.093,47.875
241253.0,11261,0,4,10.5,81,74,NA,50.968,48.968,48.125,47.906
241361.0,11261,0,4,10.92,90,49,NA,50.906,48.812,48.093,47.843
241470.0,11261,0,4,10.42,91,60,NA,51.156,48.937,48.218,47.875
241577.0,11261,0,4,7.42,80,66,NA,51.312,48.75,48.062,47.75
241685.0,11261,0,4,9.0,90,59,NA,51.156,48.812,48.093,47.781
241793.0,11261,0,4,7.5,81,60,NA,51.156,49.031,48.312,47.718
241907.0,11261,0,4,8.83,90,63,NA,51.25,48.937,48.125,47.75
242014.0,11261,0,4,6.75,81,58,NA,51.062,48.812,48.031,47.812
242124.0,11261,0,4,8.17,90,64,NA,51.093,48.937,48.125,47.843
242231.0,11261,0,4,8.17,81,54,NA,51.375,48.75,48.0,47.812
242341.0,11261,0,4,8.25,90,63,NA,51.093,48.875,48.187,47.843
242448.0,11261,0,4,7.5,81,66,NA,51.125,48.906,48.062,47.781
242556.0,11261,0,4,8.33,90,59,NA,51.0,48.875,48.093,47.781
242662.0,11261,0,4,7.5,81,57,NA,50.968,48.875,48.187,47.843
242769.0,11261,0,4,8.17,80,62,NA,51.5,48.812,48.093,47.75
242879.0,11261,0,4,7.58,91,66,NA,51.093,48.875,48.187,47.843
242986.0,11261,0,4,9.75,90,54,NA,51.156,48.718,48.062,47.718
243096.0,11261,0,4,8.83,90,40,NA,51.093,48.812,48.062,47.812
243202.0,11261,0,4,12.42,100,42,NA,51.406,49.0,48.281,47.75
243309.0,11261,0,4,9.0,100,51,NA,51.437,48.75,48.125,47.843
243418.0,11261,0,4,7.58,75,79,NA,51.062,48.875,48.187,47.906
243526.0,11261,0,4,9.67,50,76,NA,50.875,48.812,48.093,47.843
243634.0,11261,0,4,6.83,72,73,NA,50.812,48.875,48.125,47.968
243743.0,11261,0,4,7.0,75,71,NA,51.093,48.906,48.093,47.843
243850.0,11261,0,4,7.08,77,75,NA,50.843,48.875,48.093,47.875
243958.0,11261,0,4,8.33,75,73,NA,50.906,49.093,48.281,47.843
244065.0,11261,0,4,7.33,70,70,NA,50.843,48.843,48.062,47.875
244175.0,11261,0,4,9.75,100,53,NA,51.093,49.0,48.218,47.75
244283.0,11261,0,4,9.0,90,61,NA,51.156,48.843,48.062,47.781
244395.0,11261,0,4,10.42,84,62,NA,51.281,48.937,48.031,47.75
244503.0,11261,0,4,8.17,90,60,NA,51.0,48.843,48.093,47.75
244615.0,11261,0,4,9.0,81,60,NA,51.093,48.781,47.968,47.718
244723.0,11261,0,4,10.83,90,67,NA,51.187,48.843,48.093,47.843
244833.0,11261,0,4,8.17,81,64,NA,51.187,48.781,48.031,47.812
244941.0,11261,0,4,8.17,90,60,NA,51.062,48.937,48.093,47.812
245051.0,11261,0,4,7.67,83,64,NA,51.0,48.718,48.031,47.75
245158.0,11261,0,4,8.0,88,64,NA,50.968,48.75,48.125,47.75
245266.0,11261,0,4,9.75,83,64,NA,51.093,48.937,48.343,47.75
245373.0,11261,0,4,8.75,88,64,NA,51.25,48.781,48.031,47.812
245480.0,11261,0,4,9.83,91,58,NA,50.968,48.906,48.125,47.781
245588.0,11261,0,4,7.42,80,68,NA,50.937,48.75,48.062,47.781
245695.0,11261,0,4,8.25,90,64,NA,51.062,48.843,48.0,47.843
245804.0,11261,0,4,8.25,90,58,NA,51.343,48.937,48.281,47.812
245912.0,11261,0,4,7.5,90,43,NA,51.156,48.75,48.062,47.718
246022.0,11261,0,4,9.75,100,43,NA,51.375,48.937,48.062,47.781
246130.0,11261,0,4,8.25,90,54,NA,51.0,48.843,48.031,47.812
246239.0,11261,0,4,5.83,70,78,NA,51.031,49.062,48.218,47.75
246348.0,11261,0,4,8.0,70,77,NA,50.906,48.875,48.062,47.875
246455.0,11261,0,4,8.67,70,76,NA,50.906,49.031,48.156,47.906
246564.0,11261,0,4,7.33,80,73,NA,50.75,48.875,48.062,47.843
246671.0,11261,0,4,8.92,72,71,NA,50.843,48.875,48.062,47.937
246780.0,11261,0,4,8.0,80,68,NA,51.0,49.093,48.031,47.843
246888.0,11261,0,4,8.67,70,46,NA,50.75,48.906,48.156,47.843
246996.0,11261,0,4,9.75,91,57,NA,51.093,49.062,48.218,47.718
247105.0,11261,0,4,8.17,90,61,NA,51.0,48.843,48.156,47.75
247214.0,11261,0,4,9.75,90,66,NA,51.093,48.843,48.281,47.75
247322.0,11261,0,4,6.92,83,55,NA,51.0,48.812,48.062,47.75
247432.0,11261,0,4,8.25,90,63,NA,51.125,49.0,47.968,47.75
247539.0,11261,0,4,9.58,83,65,NA,51.062,48.75,48.031,47.75
247647.0,11261,0,4,8.25,90,63,NA,51.062,48.906,48.25,47.75
247758.0,11261,0,4,9.67,90,65,NA,50.937,48.781,48.125,47.812
247865.0,11261,0,4,8.33,83,61,NA,51.125,48.875,48.187,47.75
247975.0,11261,0,4,8.92,90,64,NA,51.093,48.812,48.156,47.75
248083.0,11261,0,4,7.67,83,65,NA,51.0,48.906,48.187,47.875
248192.0,11261,0,4,8.25,90,64,NA,51.093,48.875,48.031,47.75
248300.0,11261,0,4,9.17,83,60,NA,51.062,48.906,48.125,47.843
248410.0,11261,0,4,8.25,90,54,NA,51.0,48.812,48.062,47.75
248518.0,11261,0,4,7.42,80,58,NA,51.0,49.0,48.125,47.812
248627.0,11261,0,4,8.83,90,60,NA,51.281,48.781,48.062,47.812
248734.0,11261,0,4,7.58,91,44,NA,51.031,48.875,48.125,47.812
248844.0,11261,0,4,10.42,100,49,NA,50.937,48.812,48.031,47.687
248952.0,11261,0,4,9.58,91,65,NA,50.937,48.843,48.187,47.843
249061.0,11261,0,4,6.0,72,78,NA,51.25,48.843,48.0,47.781
249169.0,11261,0,4,8.5,75,72,NA,50.812,48.906,48.062,47.781
249276.0,11261,0,4,9.67,72,70,NA,50.875,49.062,48.25,47.843
249384.0,11261,0,4,7.08,77,71,NA,50.781,48.875,48.031,47.843
249492.0,11261,0,4,11.83,80,71,NA,50.906,48.906,48.125,47.875
249599.0,11261,0,4,7.0,75,71,NA,50.968,48.812,48.062,47.843
249707.0,11261,0,4,10.33,80,38,NA,50.875,48.812,48.062,47.843
249815.0,11261,0,4,8.25,90,53,NA,50.843,48.968,48.25,47.812
249925.0,11261,0,4,8.17,90,62,NA,51.031,48.875,48.062,47.843
250032.0,11261,0,4,7.67,83,63,NA,51.156,49.031,48.25,47.75
250141.0,11261,0,4,8.5,44,61,NA,51.125,48.812,48.062,47.812
250248.0,11261,0,4,7.67,84,59,NA,51.156,49.031,48.25,47.75
250358.0,11265,0,4,8.25,90,63,NA,51.093,48.718,48.093,47.812
250465.0,11265,0,4,8.25,81,62,NA,51.187,48.875,48.093,47.843
250575.0,11265,0,4,8.92,90,65,NA,51.093,48.812,48.031,47.843
250682.0,11265,0,4,8.25,81,59,NA,51.093,48.812,48.187,47.843
250791.0,11265,0,4,8.17,90,62,NA,51.406,48.812,48.031,47.781
250899.0,11265,0,4,9.0,75,55,NA,51.187,48.937,48.062,47.843
251008.0,11265,0,4,9.58,90,61,NA,51.093,48.718,48.0,47.781
251116.0,11265,0,4,9.0,90,60,NA,50.937,48.812,48.031,47.843
251223.0,11265,0,4,7.67,83,61,NA,51.218,48.937,48.218,47.687
251332.0,11265,0,4,7.33,88,56,NA,51.0,48.812,48.062,47.781
251440.0,11265,0,4,7.5,81,62,NA,51.0,48.875,48.156,47.843
251550.0,11265,0,4,10.42,100,42,NA,50.968,48.812,48.062,47.781
251658.0,11265,0,4,10.33,100,48,NA,51.218,48.843,48.156,47.625
251768.0,11265,0,4,8.08,88,65,NA,51.031,48.875,48.062,47.718
251877.0,11265,0,4,7.92,63,77,NA,51.187,48.875,48.25,47.75
251986.0,11265,0,4,8.42,72,73,NA,50.812,48.875,48.093,47.843
252093.0,11265,0,4,6.92,50,71,NA,51.0,49.0,48.125,47.843
252202.0,11265,0,4,7.42,80,74,NA,50.906,48.875,48.093,47.812
252308.0,11265,0,4,8.08,72,69,NA,50.906,48.875,48.0,47.843
252416.0,11265,0,4,8.92,81,69,NA,51.187,49.031,48.25,47.843
252524.0,11265,0,4,9.0,81,51,NA,50.75,48.875,48.031,47.781
252633.0,11265,0,4,10.33,90,54,NA,51.093,49.062,48.187,47.812
252741.0,11265,0,4,6.75,81,62,NA,51.031,48.875,48.062,47.781
252850.0,11265,0,4,8.25,90,58,NA,51.343,48.906,48.218,47.906
252958.0,11265,0,4,10.17,90,60,NA,51.375,48.812,48.062,47.812
253067.0,11265,0,4,7.67,83,62,NA,51.156,48.906,48.187,47.875
253175.0,11265,0,4,8.58,50,64,NA,51.031,48.812,48.093,47.718
253284.0,11265,0,4,8.25,83,64,NA,51.218,48.875,48.187,47.843
253391.0,11265,0,4,9.33,88,63,NA,51.25,48.75,48.062,47.75
253499.0,11265,0,4,9.0,90,65,NA,51.062,48.812,48.093,47.75
253606.0,11265,0,4,7.5,81,63,NA,51.093,48.875,48.312,47.718
253714.0,11265,0,4,8.42,83,64,NA,51.0,48.812,48.0,47.718
253822.0,11265,0,4,7.58,91,60,NA,51.156,48.875,48.218,47.843
253931.0,11265,0,4,7.5,90,56,NA,51.281,48.781,48.0,47.687
254040.0,11265,0,4,8.75,80,64,NA,51.093,48.875,48.218,47.843
254149.0,11265,0,4,8.92,91,60,NA,50.937,48.812,48.062,47.75
254257.0,11265,0,4,8.08,88,64,NA,51.062,48.75,48.062,47.843
254365.0,11265,0,4,9.17,91,43,NA,51.125,48.718,48.062,47.687
254474.0,11265,0,4,9.58,100,48,NA,51.0,48.875,48.125,47.812
254582.0,11265,0,4,8.67,80,70,NA,51.343,48.968,48.031,47.718
254690.0,11265,0,4,7.0,66,78,NA,50.843,48.843,48.093,47.812
254799.0,11265,0,4,8.25,72,75,NA,50.968,49.0,48.156,47.687
254908.0,11265,0,4,8.08,80,74,NA,50.812,48.906,48.031,47.843
255019.0,11265,0,4,6.67,72,74,NA,50.968,48.812,48.062,47.781
255126.0,11265,0,4,6.5,36,67,NA,51.281,48.781,48.062,47.843
255236.0,11265,0,4,8.58,50,72,NA,50.937,49.062,48.031,47.843
255344.0,11265,0,4,7.17,77,50,NA,50.843,48.843,48.093,47.781
255452.0,11265,0,4,9.67,90,56,NA,51.187,48.968,48.187,47.75
255559.0,11265,0,4,7.5,90,59,NA,51.187,48.937,48.062,47.75
255667.0,11265,0,4,8.08,88,62,NA,51.125,48.906,48.093,47.875
255774.0,11265,0,4,7.58,83,60,NA,51.093,48.687,48.062,47.781
255881.0,11265,0,4,10.0,88,64,NA,51.031,48.843,48.093,47.843
255990.0,11265,0,4,8.25,90,59,NA,51.312,48.968,48.281,47.781
256097.0,11265,0,4,8.25,81,64,NA,51.375,48.812,48.125,47.812
256206.0,11265,0,4,8.33,91,69,NA,51.187,48.875,48.218,47.906
256313.0,11265,0,4,8.25,81,63,NA,51.093,48.781,48.062,47.781
256423.0,11265,0,4,8.25,90,65,NA,51.281,48.875,48.187,47.875
256531.0,11265,0,4,6.67,80,65,NA,51.312,48.718,48.062,47.781
256640.0,11265,0,4,7.5,90,61,NA,51.125,48.906,48.156,47.843
256747.0,11265,0,4,9.0,83,60,NA,51.031,48.968,48.0,47.718
256856.0,11265,0,4,8.25,90,62,NA,51.093,48.812,48.093,47.75
256962.0,11265,0,4,10.5,90,61,NA,51.281,49.031,48.187,47.843
257069.0,11265,0,4,6.75,81,64,NA,51.343,48.812,48.062,47.718
257178.0,11265,0,4,10.33,100,43,NA,51.156,48.843,48.093,47.781
257287.0,11265,0,4,9.0,100,49,NA,51.093,48.843,48.062,47.718
257396.0,11265,0,4,8.75,81,72,NA,51.093,48.875,48.156,47.875
257505.0,11265,0,4,7.17,69,77,NA,50.906,48.812,48.031,47.75
257613.0,11265,0,4,10.5,77,74,NA,50.906,48.968,48.062,47.875
257723.0,11265,0,4,8.0,72,73,NA,51.125,48.843,48.031,47.843
257831.0,11265,0,4,7.42,80,75,NA,50.968,48.968,48.125,47.843
257942.0,11265,0,4,7.67,75,68,NA,50.843,48.875,48.125,47.781
258051.0,11265,0,4,7.67,83,70,NA,51.0,48.937,48.218,47.906
258161.0,11265,0,4,8.08,81,54,NA,50.875,48.781,48.031,47.843
258269.0,11265,0,4,9.67,90,60,NA,51.031,48.906,48.156,47.812
258379.0,11265,0,4,8.92,90,63,NA,50.968,48.843,48.062,47.75
258486.0,11265,0,4,7.92,80,60,NA,51.218,48.906,48.125,47.843
258595.0,11265,0,4,9.58,90,54,NA,51.093,48.718,48.062,47.75
258701.0,11265,0,4,6.75,81,64,NA,51.125,48.843,48.062,47.843
258808.0,11265,0,4,8.25,90,58,NA,51.343,49.0,48.156,47.687
258916.0,11265,0,4,8.83,90,64,NA,51.062,48.75,48.062,47.781
259024.0,11265,0,4,6.75,81,62,NA,51.187,48.875,48.187,47.843
259134.0,11265,0,4,8.33,83,62,NA,51.187,48.75,48.125,47.781
259241.0,11265,0,4,7.5,90,65,NA,51.093,48.843,48.187,47.875
259351.0,11265,0,4,9.58,83,59,NA,51.343,48.75,48.031,47.843
259459.0,11265,0,4,9.5,90,60,NA,51.156,48.875,48.062,47.781
259568.0,11265,0,4,10.17,88,64,NA,51.062,48.687,48.031,47.812
259675.0,11265,0,4,8.25,83,62,NA,51.125,48.875,48.093,47.812
259784.0,11265,0,4,8.83,90,60,NA,51.343,48.937,48.031,47.75
259890.0,11265,0,4,7.5,90,50,NA,51.468,48.843,48.031,47.75
259998.0,11266,0,4,9.0,100,43,NA,51.281,48.875,48.187,47.812
260106.0,11266,0,4,8.33,100,50,NA,51.062,48.781,48.093,47.75
260213.0,11266,0,4,7.08,76,78,NA,51.093,48.812,48.093,47.812
260322.0,11266,0,4,8.25,72,76,NA,51.093,49.062,47.968,47.812
260431.0,11266,0,4,6.58,70,77,NA,50.875,48.906,48.093,47.843
260538.0,11264,0,4,9.67,61,69,NA,50.875,49.031,48.187,47.812
260647.0,11264,0,4,8.83,80,69,NA,50.75,48.812,48.062,47.843
260755.0,11264,0,4,8.58,77,70,NA,50.906,48.937,48.218,47.906
260866.0,11264,0,4,8.83,66,80,NA,50.812,48.906,48.093,47.843
260972.0,11264,0,4,11.92,100,52,NA,50.812,48.937,48.218,47.843
261080.0,11264,0,4,9.0,90,55,NA,50.906,48.781,48.062,47.781
261189.0,11264,0,4,8.42,83,63,NA,51.093,48.937,48.156,47.843
261297.0,11264,0,4,8.25,90,55,NA,51.093,48.781,48.062,47.812
261406.0,11264,0,4,8.33,84,62,NA,51.031,48.843,48.031,47.843
261514.0,11264,0,4,9.42,88,63,NA,51.312,48.812,48.25,47.75
261622.0,11264,0,4,9.67,90,60,NA,50.906,48.843,48.156,47.75
261730.0,11264,0,4,6.92,83,64,NA,51.156,49.0,48.187,47.781
261839.0,11264,0,4,7.33,88,55,NA,50.968,48.75,48.062,47.781
261948.0,11264,0,4,8.33,83,64,NA,51.187,48.906,48.218,47.656
262056.0,11264,0,4,8.25,90,64,NA,51.312,48.687,48.062,47.75
262163.0,11264,0,4,8.0,50,59,NA,51.125,48.875,48.125,47.812
262273.0,11264,0,4,9.58,90,59,NA,51.125,48.687,48.062,47.75
262381.0,11264,0,4,8.33,83,60,NA,51.093,48.843,48.062,47.781
262489.0,11264,0,4,8.92,90,66,NA,51.406,49.0,47.968,47.75
262596.0,11264,0,4,9.08,90,58,NA,51.093,48.75,48.062,47.75
262704.0,11264,0,4,8.33,83,37,NA,51.156,48.812,48.343,47.718
262813.0,11264,0,4,9.08,100,43,NA,51.062,48.656,48.031,47.781
262923.0,11264,0,4,9.83,100,49,NA,51.25,48.875,48.312,47.718
263031.0,11264,0,4,7.42,72,78,NA,51.031,48.75,48.125,47.781
263140.0,11264,0,4,8.08,70,72,NA,50.937,48.968,48.156,47.812
263248.0,11264,0,4,8.58,76,73,NA,50.843,48.843,48.062,47.875
263355.0,11264,0,4,8.83,80,75,NA,50.968,48.843,48.187,47.843
263462.0,11264,0,4,7.33,72,73,NA,51.062,48.843,48.25,47.781
263570.0,11264,0,4,9.17,77,69,NA,50.812,48.937,48.062,47.843
263681.0,11264,0,4,8.08,72,89,NA,51.218,48.875,48.0,47.812
263789.0,11264,0,4,9.08,91,47,NA,50.906,48.781,48.062,47.781
263898.0,11264,0,4,8.17,90,57,NA,51.062,48.937,48.062,47.812
264006.0,11264,0,4,8.08,81,60,NA,50.906,48.718,48.125,47.812
264116.0,11264,0,4,8.83,90,58,NA,51.156,49.0,48.062,47.75
264231.0,11264,0,4,9.42,90,60,NA,51.281,48.843,48.218,47.656
264346.0,11264,0,4,9.0,84,61,NA,51.093,48.906,48.25,47.75
264454.0,11264,0,4,7.5,90,64,NA,50.968,48.781,48.062,47.75
264562.0,11264,0,4,8.33,83,64,NA,51.125,48.843,48.218,47.843
264671.0,11264,0,4,10.25,88,65,NA,51.125,48.781,48.062,47.656
264780.0,11264,0,4,7.5,81,66,NA,51.093,48.781,48.093,47.843
264888.0,11264,0,4,8.83,90,68,NA,50.937,48.75,47.968,47.718
265000.0,11264,0,4,7.67,84,64,NA,51.062,48.843,48.156,47.75
265108.0,11264,0,4,8.25,90,56,NA,50.937,48.812,48.0,47.781
265219.0,11264,0,4,7.67,83,64,NA,51.156,48.937,48.125,47.75
265327.0,11264,0,4,7.5,90,60,NA,51.031,48.75,48.062,47.687
265438.0,11264,0,4,8.92,90,55,NA,51.0,48.906,47.968,47.75
265545.0,11264,0,4,9.42,90,44,NA,50.875,48.781,48.125,47.75
265654.0,11264,0,4,10.33,100,50,NA,51.156,48.906,48.156,47.781
265761.0,11264,0,4,8.92,90,68,NA,51.156,48.812,48.062,47.718
265869.0,11264,0,4,6.0,72,77,NA,50.937,48.937,48.062,47.812
265977.0,11264,0,4,9.67,72,72,NA,50.875,48.968,48.031,47.75
266086.0,11264,0,4,7.25,70,71,NA,50.937,48.843,48.062,47.875
266194.0,11264,0,4,7.58,81,71,NA,50.937,49.031,48.218,47.75
266304.0,11264,0,4,7.42,72,74,NA,50.812,48.843,48.125,47.875
266412.0,11264,0,4,7.5,81,74,NA,51.031,48.812,48.25,47.843
266522.0,11264,0,4,9.17,76,46,NA,50.812,48.781,48.125,47.812
266629.0,11264,0,4,9.83,100,58,NA,50.968,48.968,47.968,47.75
266739.0,11264,0,4,6.92,83,63,NA,50.968,48.812,48.062,47.75
266847.0,11264,0,4,9.67,90,57,NA,51.218,48.906,48.218,47.687
266954.0,11264,0,4,10.67,91,58,NA,51.218,48.843,48.031,47.75
267063.0,11264,0,4,6.92,83,61,NA,51.0,48.937,48.062,47.75
267170.0,11264,0,4,7.5,90,63,NA,50.968,48.75,48.062,47.687
267280.0,11264,0,4,8.25,81,66,NA,51.093,48.937,48.187,47.843
267387.0,11264,0,4,9.67,90,66,NA,51.187,48.718,48.031,47.75
267497.0,11264,0,4,7.58,83,59,NA,51.0,48.906,48.125,47.781
267605.0,11264,0,4,9.5,90,64,NA,51.062,48.843,47.968,47.625
267716.0,11264,0,4,8.25,83,63,NA,51.125,48.781,48.125,47.781
267822.0,11264,0,4,7.33,88,61,NA,51.156,49.0,48.0,47.656
267931.0,11264,0,4,7.5,81,54,NA,51.0,48.812,48.062,47.781
268038.0,11264,0,4,9.0,90,65,NA,51.312,48.906,48.218,47.687
268146.0,11264,0,4,8.92,90,60,NA,50.968,48.75,48.0,47.781
268254.0,11264,0,4,9.08,84,60,NA,51.0,48.843,48.187,47.812
268361.0,11264,0,4,9.17,100,42,NA,51.125,48.75,48.031,47.718
268470.0,11264,0,4,11.08,100,49,NA,51.031,48.812,48.062,47.75
268577.0,11264,0,4,8.58,85,67,NA,51.218,48.937,48.281,47.718
268688.0,11264,0,4,6.0,72,77,NA,50.937,48.812,48.187,47.812
268797.0,11264,0,4,8.17,72,73,NA,50.812,48.781,48.0,47.781
268905.0,11264,0,4,8.25,81,71,NA,50.75,48.875,48.062,47.843
269014.0,11264,0,4,8.58,70,72,NA,51.031,48.875,48.062,47.781
269122.0,11264,0,4,7.42,81,69,NA,50.75,48.843,48.062,47.781
269232.0,11264,0,4,7.42,72,70,NA,50.718,49.062,48.031,47.843
269340.0,11264,0,4,7.42,80,49,NA,50.718,48.843,48.031,47.781
269449.0,11264,0,4,9.83,90,59,NA,51.031,49.0,48.218,47.687
269558.0,11264,0,4,8.25,90,61,NA,50.875,48.812,48.031,47.718
269669.0,11264,0,4,6.75,81,61,NA,51.25,48.75,48.0,47.718
269776.0,11264,0,4,9.5,90,56,NA,51.031,48.781,48.093,47.75
269887.0,11264,0,4,9.0,90,61,NA,50.968,48.812,48.0,47.656
269996.0,11264,0,4,8.33,83,60,NA,51.031,48.843,48.093,47.812
270106.0,11264,0,4,7.5,90,65,NA,51.125,48.687,48.0,47.812
270213.0,11264,0,4,7.5,81,64,NA,51.0,48.687,48.062,47.718
270322.0,11264,0,4,9.5,90,65,NA,50.937,48.906,48.031,47.687
270428.0,11264,0,4,7.0,84,64,NA,51.0,48.718,48.062,47.781
270534.0,11264,0,4,8.33,90,62,NA,51.031,48.875,48.125,47.812
270643.0,11264,0,4,9.58,88,56,NA,51.343,48.687,48.062,47.718
270750.0,11264,0,4,7.75,84,59,NA,51.062,48.75,48.062,47.718
270857.0,11264,0,4,9.58,90,64,NA,50.968,48.875,48.25,47.75
270964.0,11264,0,4,8.92,83,57,NA,50.843,48.75,48.062,47.687
271071.0,11264,0,4,8.92,90,65,NA,51.0,48.75,48.093,47.75
271181.0,11264,0,4,10.5,100,42,NA,51.187,48.781,48.062,47.656
271287.0,11264,0,4,9.17,100,49,NA,50.968,48.718,48.093,47.812
271397.0,11264,0,4,7.75,77,65,NA,50.875,48.968,48.187,47.687
271504.0,11264,0,4,6.33,66,75,NA,50.875,48.812,48.062,47.718
271615.0,11264,0,4,8.0,70,73,NA,51.031,48.812,48.281,47.812
271723.0,11264,0,4,8.08,81,70,NA,50.75,48.875,48.062,47.781
271832.0,11264,0,4,8.75,80,69,NA,51.187,49.0,48.156,47.75
271939.0,11264,0,4,5.5,66,71,NA,50.781,48.812,48.031,47.812
272056.0,11264,0,4,10.75,81,72,NA,50.781,48.843,48.062,47.843
272165.0,11264,0,4,8.25,81,47,NA,50.937,48.906,48.125,47.718
272273.0,11264,0,4,10.33,90,57,NA,51.093,48.843,48.031,47.75
272382.0,11264,0,4,9.58,81,61,NA,51.031,48.843,48.156,47.781
272490.0,11264,0,4,8.08,88,62,NA,50.968,48.812,48.031,47.75
272599.0,11264,0,4,8.25,90,60,NA,51.125,48.812,48.093,47.843
272707.0,11264,0,4,8.0,80,64,NA,51.093,48.687,48.031,47.718
272815.0,11264,0,4,8.92,90,59,NA,51.0,48.718,48.031,47.718
272922.0,11264,0,4,8.33,83,66,NA,51.343,49.031,48.0,47.75
273032.0,11264,0,4,8.25,90,63,NA,51.0,48.75,48.156,47.718
273140.0,11264,0,4,7.5,81,62,NA,51.125,48.937,48.218,47.718
273250.0,11264,0,4,9.75,90,64,NA,50.968,48.781,48.031,47.75
273357.0,11264,0,4,7.42,81,63,NA,51.25,48.906,48.156,47.656
273467.0,11264,0,4,7.5,90,61,NA,51.031,48.687,48.031,47.781
273574.0,11264,0,4,8.83,90,55,NA,51.062,48.875,48.125,47.718
273685.0,11264,0,4,7.67,83,65,NA,50.968,48.718,48.0,47.812
273792.0,11264,0,4,9.0,90,60,NA,51.093,48.875,48.156,47.656
273900.0,11264,0,4,8.25,81,68,NA,51.281,48.75,48.062,47.75
274009.0,11264,0,4,10.42,100,42,NA,50.937,48.906,48.125,47.812
274116.0,11264,0,4,9.08,100,48,NA,50.906,48.937,48.031,47.718
274226.0,11264,0,4,8.75,72,79,NA,51.0,48.875,48.062,47.75
274334.0,11264,0,4,8.83,72,75,NA,51.062,48.75,47.906,47.656
274442.0,11264,0,4,7.83,75,72,NA,50.906,48.843,48.062,47.812
274551.0,11264,0,4,9.42,80,71,NA,51.187,49.093,47.906,47.781
274659.0,11264,0,4,7.33,70,73,NA,50.656,48.75,48.031,47.843
274766.0,11264,0,4,9.5,80,69,NA,50.875,48.968,48.25,47.937
274874.0,11264,0,4,9.08,81,69,NA,50.937,48.75,48.031,47.843
274981.0,11264,0,4,8.92,80,54,NA,50.843,48.875,48.031,47.843
275091.0,11264,0,4,9.17,92,60,NA,51.312,48.718,48.062,47.75
275198.0,11264,0,4,8.33,90,60,NA,51.062,48.906,48.062,47.687
275314.0,11264,0,4,8.67,81,60,NA,51.062,48.75,48.031,47.656
275421.0,11264,0,4,8.17,90,62,NA,51.281,48.937,48.093,47.718
275536.0,11264,0,4,8.75,81,66,NA,51.343,48.875,48.125,47.718
275644.0,11264,0,4,8.08,88,61,NA,51.375,48.687,47.937,47.718
275760.0,11264,0,4,10.67,83,61,NA,51.031,48.718,48.062,47.781
275867.0,11264,0,4,7.5,81,62,NA,51.125,48.781,47.968,47.781
275977.0,11264,0,4,8.83,90,65,NA,51.156,48.781,47.968,47.781
276084.0,11264,0,4,7.67,83,65,NA,51.093,48.812,48.125,47.843
276200.0,11264,0,4,8.83,83,63,NA,51.125,48.812,47.968,47.812
276307.0,11264,0,4,8.25,90,55,NA,51.156,48.843,48.187,47.812
276424.0,11264,0,4,8.17,81,67,NA,51.187,48.937,48.187,47.843
276530.0,11264,0,4,7.33,60,61,NA,50.937,48.687,48.062,47.781
276646.0,11264,0,4,8.17,90,57,NA,51.187,48.718,48.062,47.718
276752.0,11264,0,4,9.33,50,45,NA,51.093,48.843,48.062,47.75
276875.0,11264,0,4,9.0,91,43,NA,51.375,48.812,48.25,47.75
276981.0,11264,0,4,9.0,90,57,NA,51.093,48.75,48.031,47.656
277104.0,11264,0,4,7.83,63,79,NA,50.968,48.812,48.062,47.781
277211.0,11264,0,4,7.25,70,72,NA,50.906,49.062,48.0,47.781
277334.0,11264,0,4,8.75,75,69,NA,50.875,48.875,48.062,47.812
277440.0,11264,0,4,7.08,76,65,NA,51.062,48.937,48.187,47.75
277547.0,11264,0,4,7.92,77,70,NA,51.187,48.75,48.031,47.75
277657.0,11264,0,4,8.33,84,73,NA,50.906,48.968,48.125,47.937
277765.0,11264,0,4,6.42,66,88,NA,50.718,48.781,48.062,47.75
277886.0,11264,0,4,8.83,90,53,NA,50.781,48.812,48.062,47.781
277994.0,11264,0,4,11.67,91,52,NA,51.093,48.937,48.218,47.656
278110.0,11264,0,4,7.75,84,64,NA,51.312,48.875,48.187,47.781
278217.0,11264,0,4,8.08,88,58,NA,51.437,48.781,48.031,47.718
278333.0,11264,0,4,8.92,83,61,NA,51.062,48.812,48.031,47.781
278440.0,11264,0,4,7.33,88,62,NA,51.062,48.843,48.062,47.812
278556.0,11264,0,4,10.25,83,63,NA,51.156,48.875,48.156,47.812
278663.0,11264,0,4,8.25,90,62,NA,51.25,48.906,48.093,47.718
278780.0,11264,0,4,7.42,81,66,NA,51.437,49.0,48.187,47.718
278888.0,11264,0,4,7.08,85,62,NA,51.125,48.812,48.031,47.781
279004.0,11264,0,4,8.0,80,66,NA,51.093,48.718,48.031,47.781
279110.0,11264,0,4,9.08,90,63,NA,51.187,48.781,48.093,47.875
279226.0,11264,0,4,8.17,83,60,NA,51.156,48.843,48.062,47.843
279333.0,11264,0,4,7.5,90,62,NA,51.343,48.906,48.0,47.75
279442.0,11264,0,4,9.5,83,60,NA,51.093,48.781,48.125,47.781
279550.0,11264,0,4,8.17,88,54,NA,51.156,48.937,48.187,47.656
279658.0,11264,0,4,8.17,90,45,NA,51.062,48.75,48.062,47.812
279766.0,11264,0,4,8.33,100,49,NA,51.25,48.812,48.156,47.687
279873.0,11264,0,4,9.83,100,60,NA,51.25,48.75,48.062,47.718
279982.0,11265,0,4,7.75,66,78,NA,50.937,48.906,48.125,47.843
280090.0,11265,0,4,7.5,72,76,NA,50.812,48.718,48.062,47.781
280199.0,11265,0,4,9.5,80,74,NA,50.906,48.906,48.062,47.875
280306.0,11265,0,4,9.08,72,74,NA,51.093,48.781,48.281,47.812
280415.0,11265,0,4,8.5,77,70,NA,50.906,48.875,48.0,47.843
280522.0,11265,0,4,7.58,72,71,NA,50.906,49.0,48.218,47.875
280628.0,11265,0,4,8.83,80,38,NA,50.718,48.906,48.031,47.843
280737.0,11265,0,4,9.67,90,50,NA,50.812,48.843,48.062,47.718
280854.0,11265,0,4,7.42,81,62,NA,51.031,48.875,48.125,47.812
280960.0,11265,0,4,8.25,90,67,NA,51.437,48.906,48.218,47.656
281076.0,11265,0,4,9.0,84,58,NA,51.375,48.906,48.25,47.718
281183.0,11265,0,4,9.0,83,63,NA,51.093,48.781,48.062,47.75
281301.0,11265,0,4,8.08,80,66,NA,51.062,48.781,48.0,47.75
281407.0,11265,0,4,8.25,90,64,NA,51.25,48.875,48.156,47.75
281524.0,11265,0,4,8.75,80,64,NA,51.281,48.843,48.093,47.843
281631.0,11265,0,4,7.67,83,56,NA,51.5,48.718,48.031,47.781
281748.0,11265,0,4,8.83,83,66,NA,51.375,48.781,48.062,47.75
281854.0,11265,0,4,8.25,90,65,NA,50.937,48.843,48.062,47.812
281971.0,11265,0,4,7.42,81,62,NA,51.031,48.718,48.062,47.687
282078.0,11265,0,4,8.67,80,61,NA,51.125,48.875,48.281,47.656
282196.0,11265,0,4,7.58,91,65,NA,51.375,48.968,47.968,47.718
282314.0,11265,0,4,8.75,81,58,NA,51.281,48.75,48.0,47.687
282429.0,11265,0,4,6.92,83,62,NA,51.437,48.687,47.968,47.75
282538.0,11265,0,4,9.08,100,42,NA,51.125,48.781,48.062,47.687
282650.0,11265,0,4,10.42,100,49,NA,51.156,48.75,48.062,47.718
282758.0,11265,0,4,8.17,81,70,NA,51.218,48.875,48.125,47.718
282868.0,11265,0,4,6.67,63,76,NA,51.093,48.75,48.062,47.812
282976.0,11265,0,4,7.17,77,76,NA,50.875,48.875,48.093,47.843
283085.0,11265,0,4,7.5,72,75,NA,50.906,48.812,48.062,47.75
283192.0,11265,0,4,10.0,77,72,NA,50.875,48.875,48.031,47.843
283302.0,11265,0,4,8.33,75,70,NA,51.062,48.812,48.062,47.75
283410.0,11265,0,4,8.17,80,71,NA,50.75,48.781,48.125,47.781
283518.0,11265,0,4,8.17,80,47,NA,51.125,48.875,47.937,47.687
283626.0,11265,0,4,11.17,91,59,NA,50.812,48.843,48.0,47.75
283736.0,11265,0,4,8.25,90,61,NA,51.156,49.0,47.968,47.718
283843.0,11265,0,4,7.5,81,62,NA,51.093,48.781,48.031,47.812
283951.0,11265,0,4,8.83,90,56,NA,51.093,48.812,48.125,47.781
284058.0,11265,0,4,6.75,81,62,NA,51.5,48.656,48.031,47.562
284167.0,11265,0,4,10.25,90,60,NA,51.125,48.875,48.062,47.75
284275.0,11265,0,4,7.5,81,65,NA,51.218,48.656,48.062,47.75
284384.0,11265,0,4,7.5,90,64,NA,51.093,48.781,48.125,47.718
284496.0,11265,0,4,8.17,80,65,NA,51.343,48.75,48.062,47.718
284604.0,11265,0,4,10.92,90,62,NA,51.093,48.875,48.031,47.781
284713.0,11265,0,4,8.67,80,64,NA,51.093,48.75,48.062,47.687
284823.0,11265,0,4,8.17,90,58,NA,51.187,48.812,48.125,47.843
284931.0,11265,0,4,9.67,90,60,NA,51.156,48.718,48.062,47.718
285040.0,11265,0,4,8.25,81,61,NA,51.125,48.75,48.093,47.843
285148.0,11265,0,4,8.25,90,54,NA,51.312,48.781,48.0,47.687
285257.0,11265,0,4,8.17,80,60,NA,51.187,48.781,48.125,47.812
285365.0,11265,0,4,10.42,100,42,NA,51.156,48.875,48.031,47.75
285472.0,11265,0,4,9.17,100,48,NA,51.125,48.781,48.093,47.75
285580.0,11265,0,4,9.5,80,83,NA,51.218,48.906,48.125,47.812
285687.0,11265,0,4,7.75,66,73,NA,51.218,48.812,48.031,47.812
285797.0,11265,0,4,9.0,72,71,NA,50.937,49.062,48.218,47.906
285904.0,11265,0,4,8.08,60,64,NA,50.937,48.75,48.0,47.843
286011.0,11265,0,4,7.58,63,70,NA,51.156,48.937,48.062,47.812
286120.0,11265,0,4,8.0,50,73,NA,51.218,49.062,47.937,47.75
286228.0,11265,0,4,8.17,72,72,NA,50.875,48.875,48.0,47.781
286336.0,11265,0,4,9.75,81,54,NA,51.125,48.937,48.125,47.812
286442.0,11265,0,4,9.08,90,59,NA,51.406,48.75,48.031,47.687
286550.0,11265,0,4,10.42,90,56,NA,51.562,48.843,48.125,47.812
286660.0,11265,0,4,8.83,90,60,NA,51.656,48.718,47.968,47.75
286768.0,11265,0,4,8.33,91,59,NA,51.531,48.75,48.062,47.781
286875.0,11265,0,4,9.5,80,64,NA,51.531,48.906,48.281,47.718
286983.0,11265,0,4,8.08,88,60,NA,51.468,48.75,48.031,47.812
287090.0,11265,0,4,8.0,80,66,NA,51.562,48.781,48.125,47.843
287200.0,11265,0,4,8.33,83,63,NA,51.656,48.781,48.031,47.812
287308.0,11265,0,4,8.83,90,65,NA,51.562,48.812,48.156,47.781
287416.0,11265,0,4,8.08,88,63,NA,51.343,48.75,47.937,47.781
287523.0,11265,0,4,8.17,80,63,NA,51.406,48.812,48.062,47.75
287631.0,11265,0,4,9.75,91,57,NA,51.625,49.0,48.156,47.687
287739.0,11265,0,4,7.17,77,57,NA,51.468,48.718,48.062,47.781
287849.0,11265,0,4,10.17,90,61,NA,51.406,48.906,48.156,47.718
287957.0,11265,0,4,9.0,83,60,NA,51.531,48.75,47.937,47.75
288064.0,11265,0,4,8.25,90,59,NA,51.625,48.937,48.156,47.843
288171.0,11265,0,4,9.67,100,42,NA,51.718,48.687,48.062,47.718
288278.0,11265,0,4,8.33,100,48,NA,51.5,48.781,48.062,47.75
288386.0,11265,0,4,8.17,81,66,NA,51.406,48.968,48.187,47.718
288496.0,11265,0,4,6.75,63,75,NA,51.156,48.75,48.031,47.812
288605.0,11265,0,4,8.58,70,73,NA,51.156,48.843,48.218,47.843
288713.0,11265,0,4,8.42,77,71,NA,51.0,48.812,48.0,47.875
288823.0,11265,0,4,8.17,54,71,NA,51.281,48.718,48.281,47.812
288930.0,11265,0,4,9.08,75,74,NA,51.0,48.875,48.0,47.843
289040.0,11265,0,4,7.42,80,73,NA,51.093,48.968,48.125,47.781
289147.0,11265,0,4,9.08,81,48,NA,51.031,48.75,47.968,47.812
289254.0,11265,0,4,8.25,90,59,NA,51.375,48.812,48.062,47.843
289364.0,11265,0,4,9.0,91,61,NA,51.781,48.687,48.031,47.75
289471.0,11265,0,4,8.42,83,63,NA,51.531,48.843,48.031,47.812
289581.0,11265,0,4,8.75,88,57,NA,51.375,48.75,48.031,47.75
289690.0,11265,0,4,9.0,90,64,NA,51.437,48.812,48.125,47.843
289800.0,11265,0,4,8.33,81,59,NA,51.75,48.781,48.0,47.75
289907.0,11265,0,4,8.25,90,64,NA,51.562,48.812,48.062,47.812
290017.0,11265,0,4,8.17,81,57,NA,51.406,48.718,48.062,47.781
290125.0,11265,0,4,9.0,90,64,NA,51.437,48.812,48.125,47.843
290232.0,11265,0,4,8.33,83,63,NA,51.562,48.843,48.343,47.718
290341.0,11265,0,4,7.5,90,63,NA,51.562,48.75,48.062,47.75
290448.0,11265,0,4,8.33,63,59,NA,51.375,48.781,48.187,47.843
290558.0,11265,0,4,9.08,83,58,NA,51.281,48.718,48.031,47.75
290664.0,11265,0,4,8.83,88,65,NA,51.437,48.781,48.093,47.843
290773.0,11265,0,4,8.33,90,56,NA,51.437,48.687,47.968,47.75
290880.0,11265,0,4,8.08,80,64,NA,51.312,48.812,48.062,47.843
290988.0,11265,0,4,8.33,100,44,NA,51.718,48.875,48.125,47.75
291097.0,11265,0,4,10.5,100,50,NA,51.375,48.781,48.062,47.75
291205.0,11265,0,4,6.75,72,81,NA,51.406,48.843,48.125,47.718
291314.0,11267,0,4,8.67,78,74,NA,51.156,48.718,48.062,47.812
291421.0,11267,0,4,6.67,70,70,NA,50.968,48.937,48.062,47.875
291531.0,11267,0,4,8.92,80,71,NA,51.25,48.781,48.062,47.75
291638.0,11267,0,4,9.92,75,74,NA,51.0,48.937,48.093,47.906
291749.0,11267,0,4,8.5,77,69,NA,50.937,48.781,48.062,47.812
291856.0,11267,0,4,9.25,75,69,NA,50.937,48.906,48.062,47.937
291965.0,11267,0,4,9.0,90,57,NA,51.312,48.718,47.968,47.812
292072.0,11267,0,4,10.17,88,60,NA,51.312,48.843,48.062,47.781
292180.0,11267,0,4,9.58,90,62,NA,51.375,49.0,48.187,47.75
292288.0,11267,0,4,7.58,83,60,NA,51.25,48.75,48.093,47.75
292395.0,11267,0,4,8.33,90,59,NA,51.625,48.875,48.125,47.843
292504.0,11267,0,4,6.75,81,63,NA,51.593,48.75,48.062,47.843
292612.0,11267,0,4,8.25,90,57,NA,51.375,48.718,48.093,47.781
292721.0,11267,0,4,11.58,90,63,NA,51.406,48.781,48.062,47.75
292829.0,11267,0,4,6.75,81,59,NA,51.343,48.75,48.062,47.75
292937.0,11267,0,4,9.0,92,65,NA,51.5,48.718,47.968,47.687
293044.0,11267,0,4,7.42,80,66,NA,51.375,48.718,48.062,47.718
293153.0,11267,0,4,8.17,90,61,NA,51.312,48.843,48.156,47.843
293260.0,11267,0,4,6.75,81,55,NA,51.468,48.687,47.937,47.687
293368.0,11267,0,4,7.5,90,62,NA,51.375,48.781,48.093,47.781
293475.0,11267,0,4,9.17,83,64,NA,51.593,48.687,48.031,47.75
293582.0,11267,0,4,8.33,90,56,NA,51.343,48.781,48.062,47.781
293691.0,11267,0,4,7.5,90,44,NA,51.406,48.875,48.156,47.656
293802.0,11267,0,4,11.17,100,42,NA,51.312,48.781,48.062,47.812
293910.0,11267,0,4,8.33,100,50,NA,51.531,48.906,48.093,47.718
294019.0,11267,0,4,9.08,70,81,NA,51.187,48.656,48.031,47.718
294127.0,11267,0,4,7.75,66,77,NA,51.375,48.843,48.25,47.75
294236.0,11267,0,4,7.0,75,73,NA,51.031,48.781,48.062,47.812
294347.0,11267,0,4,7.0,75,74,NA,50.906,48.812,48.218,47.781
294455.0,11267,0,4,8.75,81,71,NA,50.875,48.781,48.0,47.843
294565.0,11267,0,4,8.17,72,67,NA,51.156,48.812,48.0,47.75
294673.0,11267,0,4,6.75,72,90,NA,50.906,48.906,48.031,47.843
294781.0,11267,0,4,12.0,100,47,NA,51.062,48.968,48.093,47.656
294888.0,11267,0,4,9.08,90,56,NA,51.281,48.687,48.062,47.75
294995.0,11267,0,4,6.75,81,62,NA,51.281,48.812,48.156,47.843
295105.0,11267,0,4,8.25,90,57,NA,51.562,48.75,47.968,47.687
295213.0,11267,0,4,8.25,90,61,NA,51.375,48.843,48.062,47.875
295324.0,11267,0,4,9.67,81,62,NA,51.343,48.687,48.031,47.75
295431.0,11267,0,4,8.83,90,62,NA,51.406,48.843,48.062,47.843
295538.0,11267,0,4,6.75,81,62,NA,51.5,49.031,48.062,47.687
295647.0,11267,0,4,8.33,63,64,NA,51.531,48.75,48.062,47.75
295755.0,11267,0,4,9.67,90,65,NA,51.812,48.968,48.187,47.718
295864.0,11267,0,4,7.67,83,64,NA,51.562,48.718,48.031,47.75
295971.0,11267,0,4,10.08,90,65,NA,51.562,48.781,48.156,47.781
296082.0,11267,0,4,9.08,83,60,NA,51.406,48.625,48.031,47.687
296190.0,11267,0,4,8.17,90,61,NA,51.656,48.781,48.156,47.687
296299.0,11267,0,4,8.17,81,63,NA,51.5,48.75,48.062,47.718
296408.0,11267,0,4,8.25,72,58,NA,51.312,48.843,48.156,47.906
296518.0,11267,0,4,8.25,90,46,NA,51.343,48.812,48.062,47.687
296626.0,11267,0,4,9.08,100,47,NA,51.562,48.843,48.125,47.843
296737.0,11267,0,4,9.58,91,59,NA,51.343,48.687,48.031,47.75
296847.0,11267,0,4,8.92,72,78,NA,51.5,48.906,48.031,47.687
296954.0,11267,0,4,7.08,76,72,NA,50.968,48.812,48.062,47.718
297064.0,11267,0,4,7.92,70,72,NA,51.062,48.812,48.25,47.781
297173.0,11267,0,4,9.0,55,72,NA,50.812,48.843,48.031,47.75
297284.0,11267,0,4,8.42,75,73,NA,50.812,48.75,48.0,47.781
297392.0,11267,0,4,6.5,70,75,NA,50.843,48.875,48.062,47.75
297503.0,11267,0,4,8.92,80,70,NA,51.156,48.687,48.031,47.781
297611.0,11267,0,4,8.75,77,51,NA,51.562,48.781,48.093,47.718
297719.0,11267,0,4,9.58,90,62,NA,51.937,48.75,47.937,47.75
297828.0,11267,0,4,8.92,81,67,NA,51.875,48.781,48.031,47.843
297937.0,11267,0,4,8.08,88,55,NA,52.156,49.0,48.0,47.812
298045.0,11267,0,4,8.25,81,61,NA,52.093,48.75,48.093,47.781
298155.0,11267,0,4,8.92,90,64,NA,52.062,48.718,48.25,47.75
298262.0,11267,0,4,8.25,81,64,NA,51.843,48.75,47.906,47.843
298372.0,11267,0,4,7.58,91,64,NA,52.0,48.656,48.25,47.718
298479.0,11267,0,4,9.25,87,60,NA,51.937,48.75,47.968,47.781
298587.0,11267,0,4,9.17,84,63,NA,51.937,48.781,48.156,47.843
298695.0,11267,0,4,8.33,83,67,NA,51.843,48.718,48.062,47.781
298805.0,11267,0,4,8.0,88,64,NA,52.062,48.906,48.125,47.843
298912.0,11267,0,4,10.83,90,60,NA,52.125,48.781,48.031,47.75
299020.0,11267,0,4,7.0,84,55,NA,51.843,48.718,48.031,47.781
299128.0,11267,0,4,7.42,80,58,NA,51.468,48.875,48.031,47.687
299235.0,11267,0,4,10.25,90,60,NA,51.468,48.75,48.0,47.718
299346.0,11267,0,4,7.5,90,44,NA,51.625,48.906,48.093,47.625
299454.0,11267,0,4,9.08,100,49,NA,51.5,48.687,48.0,47.718
299563.0,11267,0,4,10.83,90,59,NA,51.656,48.968,48.25,47.718
299671.0,11267,0,4,5.75,60,78,NA,51.187,48.843,48.062,47.781
299780.0,11267,0,4,9.25,75,73,NA,51.156,48.906,48.125,47.781
299887.0,11267,0,4,6.75,72,69,NA,51.062,48.843,48.062,47.812
299995.0,11267,0,4,7.42,80,69,NA,50.937,48.906,48.156,47.843
300102.0,11267,0,4,7.83,70,71,NA,51.281,48.781,48.281,47.718
300209.0,11267,0,4,7.5,80,72,NA,50.906,48.812,48.062,47.812
300320.0,11267,0,4,9.25,78,44,NA,50.937,48.812,48.25,47.812
300428.0,11267,0,4,8.83,90,58,NA,51.156,48.812,48.062,47.812
300537.0,11267,0,4,10.33,90,56,NA,51.593,48.781,47.968,47.781
300644.0,11267,0,4,8.33,90,61,NA,51.687,48.75,48.031,47.781
300753.0,11267,0,4,6.75,81,56,NA,51.562,48.875,48.218,47.781
300861.0,11267,0,4,8.83,90,62,NA,51.375,48.75,48.031,47.75
300969.0,11267,0,4,9.17,83,64,NA,51.437,48.718,48.125,47.781
301078.0,11267,0,4,8.17,55,64,NA,52.062,48.687,48.031,47.781
301185.0,11267,0,4,8.83,80,64,NA,51.593,48.812,48.062,47.843
301295.0,11267,0,4,8.5,84,60,NA,51.406,48.687,47.906,47.687
301403.0,11267,0,4,8.75,88,65,NA,51.406,48.812,48.0,47.781
301512.0,11266,0,4,8.25,81,58,NA,51.593,48.937,48.0,47.75
301620.0,11266,0,4,9.0,90,60,NA,51.406,48.718,48.062,47.75
301728.0,11266,0,4,8.17,81,60,NA,51.531,48.875,48.125,47.75
301837.0,11266,0,4,9.0,90,60,NA,51.343,48.718,47.968,47.781
301943.0,11266,0,4,7.5,90,54,NA,51.656,48.875,48.125,47.843
302053.0,11266,0,4,8.25,83,62,NA,51.406,48.656,48.0,47.75
302160.0,11266,0,4,9.17,100,42,NA,51.437,48.843,48.031,47.781
302268.0,11266,0,4,9.67,100,49,NA,51.843,48.75,48.25,47.718
302376.0,11266,0,4,10.5,92,63,NA,51.468,48.781,48.0,47.718
302484.0,11266,0,4,7.58,66,78,NA,51.343,48.968,48.125,47.718
302593.0,11266,0,4,8.25,72,74,NA,50.937,48.812,48.062,47.812
302703.0,11266,0,4,7.42,72,74,NA,51.25,48.875,48.0,47.75
302811.0,11266,0,4,8.42,83,73,NA,51.406,48.781,48.031,47.843
302921.0,11266,0,4,8.08,80,74,NA,51.093,49.031,48.125,47.75
303028.0,11266,0,4,8.42,75,69,NA,50.875,48.781,47.968,47.781
303138.0,11266,0,4,7.83,77,41,NA,51.187,48.937,48.25,47.75
303246.0,11266,0,4,9.58,90,59,NA,51.437,48.687,48.062,47.75
303357.0,11266,0,4,8.92,90,62,NA,51.656,49.0,48.187,47.75
303465.0,11266,0,4,7.42,81,63,NA,51.375,48.718,48.031,47.812
303576.0,11266,0,4,10.17,90,56,NA,51.531,48.718,48.062,47.687
303684.0,11266,0,4,8.17,90,62,NA,51.437,48.812,47.968,47.781
303793.0,11266,0,4,7.5,81,64,NA,51.656,48.875,48.0,47.781
303901.0,11266,0,4,8.42,63,64,NA,52.062,48.75,48.031,47.718
304009.0,11266,0,4,8.08,88,64,NA,51.937,48.875,48.156,47.812
304116.0,11266,0,4,8.42,83,62,NA,51.781,48.656,48.031,47.781
304226.0,11266,0,4,8.25,90,64,NA,52.062,48.843,48.125,47.843
304333.0,11266,0,4,7.58,81,64,NA,52.125,48.718,48.0,47.812
304442.0,11266,0,4,7.5,90,56,NA,52.062,48.75,48.062,47.843
304548.0,11266,0,4,9.58,90,60,NA,52.0,48.937,48.156,47.75
304656.0,11266,0,4,8.17,81,62,NA,51.906,48.781,48.062,47.812
304764.0,11266,0,4,9.08,90,61,NA,52.062,48.843,48.062,47.75
304881.0,11266,0,4,8.17,81,62,NA,52.156,48.75,48.156,47.843
304988.0,11266,0,4,9.0,100,42,NA,52.25,48.75,48.031,47.812
305097.0,11266,0,4,9.0,100,50,NA,51.937,48.75,48.062,47.812
305205.0,11266,0,4,7.83,76,71,NA,51.343,48.656,48.062,47.687
305314.0,11266,0,4,7.33,70,76,NA,51.125,48.781,48.062,47.843
305423.0,11266,0,4,7.0,75,75,NA,51.218,48.812,48.0,47.718
305531.0,11266,0,4,8.5,75,74,NA,51.093,48.812,47.937,47.843
305640.0,11266,0,4,8.5,77,69,NA,50.937,49.062,47.968,47.781
305748.0,11266,0,4,9.83,75,70,NA,50.875,48.843,48.062,47.812
305861.0,11266,0,4,8.08,81,66,NA,50.968,48.718,48.031,47.843
305968.0,11266,0,4,8.17,81,55,NA,51.0,48.812,48.093,47.75
306078.0,11266,0,4,10.25,54,60,NA,51.656,48.812,48.031,47.75
306185.0,11266,0,4,8.25,90,64,NA,51.5,48.75,48.062,47.718
306293.0,11266,0,4,7.42,81,61,NA,51.531,48.781,48.0,47.718
306401.0,11266,0,4,8.08,88,60,NA,51.406,48.687,48.062,47.718
306509.0,11266,0,4,10.08,90,64,NA,51.593,48.781,48.093,47.75
306617.0,11266,0,4,8.33,83,58,NA,51.718,48.75,48.0,47.781
306726.0,11266,0,4,8.08,88,65,NA,51.5,48.812,48.125,47.843
306833.0,11266,0,4,8.08,81,53,NA,51.406,48.718,48.062,47.75
306941.0,11266,0,4,9.33,88,64,NA,51.437,48.75,48.062,47.781
307051.0,11266,0,4,7.5,81,65,NA,51.625,48.718,48.0,47.656
307159.0,11266,0,4,7.58,83,59,NA,51.437,48.812,48.093,47.718
307269.0,11266,0,4,9.58,81,58,NA,51.343,48.75,48.031,47.656
307376.0,11266,0,4,7.67,83,58,NA,51.343,48.718,48.031,47.75
307487.0,11266,0,4,9.0,90,62,NA,51.437,48.781,48.031,47.718
307594.0,11266,0,4,9.58,83,57,NA,51.406,48.718,48.062,47.781
307706.0,11266,0,4,8.17,90,51,NA,51.562,48.718,47.906,47.625
307814.0,11266,0,4,9.08,100,44,NA,51.5,48.75,48.062,47.75
307924.0,11266,0,4,10.42,100,50,NA,51.281,48.687,48.0,47.625
308032.0,11266,0,4,6.25,66,78,NA,51.125,48.875,48.062,47.718
308143.0,11266,0,4,8.92,62,74,NA,51.187,48.812,47.968,47.75
308251.0,11266,0,4,6.75,72,70,NA,50.937,48.906,48.093,47.812
308359.0,11266,0,4,9.92,81,70,NA,50.937,48.812,47.968,47.75
308470.0,11266,0,4,7.33,72,70,NA,50.906,48.812,48.125,47.843
308578.0,11266,0,4,7.17,77,73,NA,51.093,48.718,48.0,47.781
308690.0,11266,0,4,6.67,72,74,NA,51.062,48.937,48.156,47.781
308798.0,11266,0,4,11.67,90,47,NA,51.125,48.75,48.031,47.781
308910.0,11266,0,4,9.58,91,61,NA,51.312,48.906,47.937,47.593
309018.0,11266,0,4,7.5,81,62,NA,51.218,48.718,47.937,47.781
309128.0,11266,0,4,9.0,91,59,NA,51.437,48.906,47.906,47.687
309236.0,11266,0,4,9.58,90,54,NA,51.25,48.718,48.062,47.718
309346.0,11266,0,4,8.92,81,65,NA,51.562,48.875,48.031,47.625
309453.0,11266,0,4,8.33,90,63,NA,51.125,48.75,47.937,47.75
309561.0,11266,0,4,7.58,81,60,NA,51.375,48.906,48.156,47.656
309669.0,11266,0,4,7.5,90,64,NA,51.343,48.687,48.0,47.687
309776.0,11266,0,4,10.42,81,64,NA,51.343,48.75,48.062,47.781
309886.0,11266,0,4,8.92,90,66,NA,51.593,48.75,47.968,47.75
309994.0,11266,0,4,8.0,80,65,NA,51.343,48.843,48.062,47.75
310103.0,11266,0,4,7.5,90,57,NA,51.25,48.75,48.062,47.656
310210.0,11266,0,4,8.92,90,69,NA,51.375,48.687,47.968,47.781
310319.0,11266,0,4,9.67,83,67,NA,51.5,48.687,47.968,47.718
310426.0,11266,0,4,9.58,88,58,NA,51.656,48.687,47.937,47.812
310536.0,11266,0,4,8.92,91,45,NA,51.437,48.812,48.125,47.687
310644.0,11266,0,4,9.0,100,44,NA,51.281,48.625,48.0,47.656
310754.0,11266,0,4,8.25,91,53,NA,51.437,48.75,48.156,47.656
310862.0,11266,0,4,8.08,72,78,NA,51.125,48.718,48.031,47.843
310971.0,11266,0,4,8.42,76,77,NA,51.25,48.875,48.093,47.781
311080.0,11266,0,4,8.83,70,75,NA,50.812,48.75,48.0,47.625
311189.0,11266,0,4,11.0,81,74,NA,50.968,48.968,48.093,47.718
311298.0,11266,0,4,7.58,75,71,NA,50.906,48.718,48.062,47.812
311408.0,11266,0,4,10.42,81,69,NA,51.093,48.875,48.125,47.812
311516.0,11266,0,4,7.0,66,38,NA,51.187,48.781,48.031,47.812
311625.0,11266,0,4,11.67,90,50,NA,51.156,48.875,48.125,47.656
311733.0,11266,0,4,8.33,91,60,NA,51.281,48.781,48.062,47.75
311843.0,11266,0,4,8.92,90,67,NA,51.406,48.843,48.125,47.843
311951.0,11266,0,4,7.33,80,56,NA,51.375,48.687,48.031,47.75
312060.0,11266,0,4,9.5,90,63,NA,51.375,48.812,48.125,47.781
312168.0,11266,0,4,9.67,90,65,NA,51.312,48.687,47.937,47.625
312276.0,11267,0,4,12.08,80,64,NA,51.5,48.718,48.062,47.75
312383.0,11267,0,4,8.92,90,65,NA,51.531,48.937,48.0,47.75
312492.0,11267,0,4,6.75,81,60,NA,51.375,48.718,48.062,47.718
312600.0,11267,0,4,8.25,90,64,NA,51.562,48.812,48.156,47.656
312710.0,11267,0,4,8.17,81,63,NA,51.312,48.781,48.062,47.75
312818.0,11267,0,4,9.0,90,63,NA,51.437,48.875,48.125,47.718
312928.0,11267,0,4,9.58,90,60,NA,51.343,48.687,47.937,47.718
313036.0,11267,0,4,7.67,83,65,NA,51.531,48.875,48.125,47.656
313145.0,11267,0,4,8.33,91,55,NA,51.312,48.718,48.031,47.718
313253.0,11267,0,4,8.08,80,60,NA,51.375,48.812,48.156,47.781
313362.0,11267,0,4,11.67,100,45,NA,51.375,48.656,48.031,47.718
313469.0,11267,0,4,9.92,100,49,NA,51.5,48.75,48.093,47.687
313579.0,11267,0,4,8.92,90,69,NA,51.218,48.625,48.031,47.656
313688.0,11267,0,4,8.08,63,78,NA,51.093,48.812,48.093,47.843
313795.0,11267,0,4,8.0,70,74,NA,50.937,48.718,48.031,47.843
313903.0,11267,0,4,8.42,77,72,NA,50.875,48.843,48.031,47.812
314010.0,11267,0,4,8.42,75,69,NA,51.062,49.0,48.156,47.718
314121.0,11267,0,4,7.33,80,70,NA,50.968,48.906,48.093,47.843
314230.0,11267,0,4,8.17,72,71,NA,51.25,48.781,48.218,47.718
314340.0,11267,0,4,9.58,80,39,NA,50.937,48.812,48.093,47.812
314448.0,11267,0,4,8.92,90,56,NA,51.25,48.75,48.156,47.687
314558.0,11267,0,4,8.25,90,61,NA,51.437,48.781,48.062,47.781
314666.0,11267,0,4,6.67,80,59,NA,51.562,48.687,47.968,47.718
314776.0,11267,0,4,10.17,90,60,NA,51.343,48.718,48.062,47.75
314884.0,11267,0,4,8.83,90,60,NA,51.281,48.656,47.875,47.687
314994.0,11267,0,4,7.67,83,64,NA,51.437,48.843,48.093,47.812
315101.0,11267,0,4,9.0,90,62,NA,51.406,48.843,47.937,47.687
315212.0,11267,0,4,8.92,81,66,NA,51.25,48.75,48.062,47.718
315320.0,11267,0,4,8.25,90,58,NA,51.562,48.968,47.937,47.781
315430.0,11267,0,4,9.42,81,64,NA,51.343,48.75,48.062,47.75
315538.0,11267,0,4,8.25,90,64,NA,51.375,48.593,48.0,47.718
315649.0,11267,0,4,8.42,83,57,NA,51.468,48.812,48.062,47.843
315755.0,11267,0,4,8.25,90,59,NA,51.593,48.625,47.968,47.625
315864.0,11267,0,4,8.0,88,64,NA,51.281,48.812,48.093,47.75
315972.0,11267,0,4,10.17,83,57,NA,51.218,48.843,48.125,47.656
316082.0,11267,0,4,8.83,90,60,NA,51.218,48.75,47.968,47.718
316190.0,11267,0,4,9.67,100,42,NA,51.5,48.968,48.25,47.718
316301.0,11267,0,4,9.67,91,49,NA,51.437,48.781,48.062,47.687
316409.0,11267,0,4,7.17,77,73,NA,51.437,48.843,48.187,47.656
316520.0,11267,0,4,6.92,66,73,NA,51.125,48.687,48.093,47.843
316630.0,11267,0,4,8.92,72,74,NA,50.812,48.75,48.031,47.687
316739.0,11267,0,4,8.58,77,75,NA,51.093,48.781,48.093,47.781
316847.0,11267,0,4,7.75,75,72,NA,51.062,48.75,48.0,47.781
316956.0,11267,0,4,8.17,81,71,NA,51.031,48.812,48.093,47.781
317066.0,11267,0,4,9.67,80,69,NA,51.281,48.718,47.937,47.843
317175.0,11267,0,4,7.67,83,49,NA,51.093,48.781,48.0,47.75
317285.0,11267,0,4,8.17,90,61,NA,51.25,48.75,48.0,47.687
317393.0,11267,0,4,7.67,83,62,NA,51.343,48.812,48.0,47.625
317504.0,11267,0,4,8.92,90,61,NA,51.281,48.656,47.937,47.75
317611.0,11267,0,4,8.25,90,60,NA,51.343,48.843,48.062,47.812
317722.0,11267,0,4,8.25,81,64,NA,51.312,48.75,48.031,47.687
317829.0,11267,0,4,9.5,90,56,NA,51.468,48.843,47.968,47.812
317941.0,11267,0,4,6.67,80,65,NA,51.25,48.687,48.062,47.625
318049.0,11267,0,4,9.42,90,53,NA,51.531,48.875,48.125,47.718
318158.0,11267,0,4,8.25,53,63,NA,51.75,48.812,48.031,47.781
318266.0,11267,0,4,9.0,90,65,NA,51.5,48.75,48.062,47.812
318377.0,11267,0,4,7.0,84,61,NA,51.375,48.718,47.937,47.781
318485.0,11267,0,4,8.08,88,55,NA,51.562,48.843,48.062,47.687
318596.0,11267,0,4,9.33,80,63,NA,51.437,48.687,48.062,47.75
318705.0,11267,0,4,9.5,90,65,NA,51.625,48.812,48.218,47.718
318816.0,11267,0,4,8.25,90,55,NA,51.562,48.687,48.062,47.718
318923.0,11267,0,4,8.42,83,55,NA,51.5,48.843,48.0,47.687
319032.0,11267,0,4,10.33,100,44,NA,51.531,48.656,48.062,47.781
319141.0,11267,0,4,8.33,100,51,NA,51.562,48.875,48.187,47.656
319252.0,11267,0,4,6.83,66,79,NA,51.375,48.812,48.031,47.843
319359.0,11267,0,4,6.67,62,71,NA,51.0,48.937,48.156,47.812
319470.0,11267,0,4,7.83,75,71,NA,51.093,48.781,48.093,47.781
319594.0,11267,0,4,9.08,72,70,NA,50.906,48.781,48.0,47.75
319712.0,11267,0,4,7.0,75,68,NA,50.906,48.718,47.937,47.75
319830.0,11267,0,4,8.75,75,67,NA,50.937,48.937,47.937,47.718
319949.0,11267,0,4,7.33,72,79,NA,50.875,48.843,48.031,47.812
320056.0,11267,0,4,8.92,90,47,NA,51.062,48.843,48.062,47.718
320172.0,11267,0,4,8.75,90,59,NA,51.218,48.906,48.218,47.687
320279.0,11267,0,4,6.92,83,61,NA,51.406,48.718,48.0,47.75
320395.0,11267,0,4,9.58,90,61,NA,51.25,48.843,47.968,47.687
320502.0,11267,0,4,8.17,80,60,NA,51.437,48.718,48.031,47.781
320618.0,11267,0,4,8.08,81,61,NA,51.343,48.718,48.0,47.75
320725.0,11267,0,4,7.5,90,63,NA,51.375,48.843,48.0,47.656
320833.0,11267,0,4,8.83,81,59,NA,51.343,48.718,48.0,47.75
320941.0,11267,0,4,10.08,90,63,NA,51.562,48.875,48.062,47.656
321057.0,11267,0,4,7.5,81,65,NA,51.531,48.812,48.25,47.812
321171.0,11267,0,4,8.08,81,63,NA,51.375,48.718,48.031,47.843
321279.0,11267,0,4,8.75,81,63,NA,51.781,48.656,47.968,47.718
321395.0,11267,0,4,8.25,90,61,NA,51.343,48.875,47.937,47.687
321501.0,11267,0,4,8.17,90,55,NA,51.531,48.75,48.031,47.75
321615.0,11267,0,4,7.58,83,60,NA,51.437,48.75,48.0,47.593
321730.0,11267,0,4,8.33,83,60,NA,51.562,48.593,47.937,47.718
321837.0,11267,0,4,9.58,90,44,NA,51.562,48.75,47.968,47.812
321944.0,11267,0,4,8.33,100,47,NA,51.656,48.781,48.218,47.781
322060.0,11267,0,4,10.92,91,55,NA,51.437,48.812,48.093,47.687
322198.0,11267,0,4,7.33,60,80,NA,51.031,48.718,47.937,47.75
322323.0,11267,0,4,8.33,78,68,NA,50.875,48.812,48.125,47.625
322454.0,11267,0,4,6.92,75,69,NA,51.0,48.937,48.156,47.718
322579.0,11267,0,4,7.58,76,72,NA,50.937,48.812,48.0,47.718
322704.0,11267,0,4,6.92,75,68,NA,51.062,48.906,48.0,47.812
322810.0,11267,0,4,8.17,90,69,NA,50.875,48.843,48.031,47.843
322920.0,11267,0,4,7.33,72,80,NA,51.093,48.687,48.187,47.687
323028.0,11267,0,4,8.25,91,52,NA,50.937,48.75,48.062,47.718
323143.0,11267,0,4,10.0,90,59,NA,51.281,48.75,48.0,47.687
323251.0,11267,0,4,6.92,83,65,NA,51.437,48.781,48.125,47.687
323361.0,11267,0,4,8.25,90,60,NA,51.343,48.687,48.062,47.718
323469.0,11267,0,4,9.58,90,60,NA,51.437,48.75,48.156,47.718
323578.0,11267,0,4,9.75,83,64,NA,51.312,48.718,48.0,47.75
323684.0,11267,0,4,8.92,90,65,NA,51.437,48.718,47.937,47.75
323807.0,11267,0,4,8.25,76,62,NA,51.343,48.875,47.937,47.656
323924.0,11267,0,4,8.67,81,60,NA,51.437,48.906,48.218,47.687
324031.0,11267,0,4,8.92,90,63,NA,51.437,48.718,48.031,47.75
324148.0,11267,0,4,8.25,83,68,NA,51.312,48.812,48.0,47.812
324265.0,11267,0,4,9.25,81,64,NA,51.468,48.75,48.062,47.75
324382.0,11267,0,4,8.58,81,57,NA,51.468,48.75,48.0,47.781
324489.0,11267,0,4,7.5,90,64,NA,51.437,48.875,48.0,47.656
324605.0,11267,0,4,6.75,81,60,NA,51.562,48.875,48.187,47.625
324713.0,11267,0,4,7.5,90,58,NA,51.312,48.75,48.0,47.656
324829.0,11267,0,4,11.17,90,42,NA,51.25,48.75,48.062,47.75
324937.0,11267,0,4,9.33,60,49,NA,51.343,48.718,48.093,47.781
325045.0,11267,0,4,8.25,90,65,NA,51.156,48.687,48.0,47.687
325161.0,11267,0,4,6.67,63,77,NA,50.968,48.687,47.937,47.656
325268.0,11267,0,4,7.42,72,74,NA,50.875,48.812,48.062,47.812
325391.0,11267,0,4,8.25,75,72,NA,51.0,48.937,47.906,47.781
325521.0,11267,0,4,6.17,66,70,NA,51.0,48.906,48.156,47.812
325637.0,11267,0,4,9.0,84,68,NA,51.093,48.875,48.125,47.75
325745.0,11267,0,4,7.58,83,69,NA,50.718,48.75,47.968,47.718
325853.0,11267,0,4,8.33,75,39,NA,50.812,48.875,48.093,47.687
325963.0,11267,0,4,11.75,100,52,NA,51.031,48.75,48.062,47.75
326070.0,11267,0,4,8.92,90,61,NA,51.187,48.75,48.062,47.781
326177.0,11267,0,4,6.67,80,69,NA,51.562,48.593,48.0,47.625
326285.0,11267,0,4,10.5,90,60,NA,51.312,48.781,48.062,47.718
326393.0,11267,0,4,8.25,90,66,NA,51.437,48.75,47.968,47.687
326502.0,11267,0,4,8.17,81,63,NA,51.281,48.781,48.031,47.718
326610.0,11267,0,4,8.83,88,66,NA,51.468,48.75,48.125,47.656
326718.0,11267,0,4,7.42,80,64,NA,51.593,48.687,47.968,47.781
326826.0,11267,0,4,9.5,91,60,NA,51.343,48.781,48.125,47.781
326936.0,11267,0,4,6.67,80,65,NA,51.281,48.718,47.968,47.718
327043.0,11267,0,4,7.0,84,65,NA,51.281,48.843,48.062,47.656
327153.0,11267,0,4,10.33,90,63,NA,51.531,48.687,48.031,47.687
327259.0,11267,0,4,7.5,90,54,NA,51.437,48.75,48.0,47.718
327370.0,11267,0,4,9.75,83,59,NA,51.187,48.687,47.968,47.687
327477.0,11267,0,4,8.25,90,60,NA,51.187,48.75,48.031,47.718
327588.0,11267,0,4,8.0,81,56,NA,51.437,48.656,47.937,47.625
327697.0,11267,0,4,9.75,100,44,NA,51.375,48.781,48.031,47.718
327809.0,11267,0,4,11.17,100,49,NA,51.625,48.687,47.937,47.687
327917.0,11267,0,4,9.5,90,66,NA,51.343,48.75,48.062,47.656
328026.0,11267,0,4,7.75,66,79,NA,51.093,48.75,47.937,47.75
328134.0,11267,0,4,7.25,70,76,NA,51.062,48.875,48.062,47.781
328242.0,11267,0,4,7.17,77,76,NA,51.093,48.718,47.937,47.75
328351.0,11267,0,4,8.92,75,73,NA,50.843,48.75,48.062,47.812
328457.0,11267,0,4,8.92,80,70,NA,50.843,49.0,48.25,47.687
328575.0,11267,0,4,6.67,72,71,NA,50.968,48.75,48.156,47.687
328698.0,11267,0,4,8.83,75,40,NA,50.843,48.812,47.937,47.781
328820.0,11267,0,4,8.33,85,50,NA,51.187,48.781,48.125,47.593
328927.0,11267,0,4,7.5,90,64,NA,51.218,48.718,47.937,47.656
329057.0,11267,0,4,10.5,84,59,NA,51.343,48.687,47.937,47.687
329165.0,11267,0,4,7.42,81,58,NA,51.25,48.781,48.062,47.812
329274.0,11267,0,4,8.17,90,59,NA,51.281,48.625,47.937,47.781
329382.0,11267,0,4,8.25,81,63,NA,51.437,48.718,48.031,47.718
329498.0,11267,0,4,7.67,83,64,NA,51.187,48.718,48.062,47.718
329606.0,11267,0,4,10.25,90,64,NA,51.437,48.812,48.0,47.687
329722.0,11267,0,4,6.67,80,61,NA,51.375,48.937,48.187,47.656
329837.0,11267,0,4,8.92,83,65,NA,51.562,48.781,48.062,47.625
329944.0,11267,0,4,6.75,81,64,NA,51.187,48.656,48.0,47.718
330069.0,11267,0,4,8.0,81,59,NA,51.187,48.75,48.093,47.843
330185.0,11267,0,4,7.42,81,58,NA,51.312,48.781,48.093,47.75
330292.0,11267,0,4,9.75,83,61,NA,51.406,48.562,47.968,47.75
330410.0,11267,0,4,6.92,83,56,NA,51.437,48.656,48.0,47.656
330529.0,11267,0,4,8.92,83,66,NA,51.281,48.687,48.031,47.687
330636.0,11267,0,4,10.5,100,42,NA,51.312,48.75,48.062,47.593
330752.0,11267,0,4,9.67,91,49,NA,51.312,48.781,48.125,47.718
330860.0,11267,0,4,8.42,83,71,NA,51.125,48.625,47.937,47.656
330983.0,11267,0,4,6.75,66,78,NA,51.156,48.781,48.031,47.812
331107.0,11267,0,4,6.75,66,72,NA,50.812,48.718,47.937,47.75
331216.0,11267,0,4,8.83,80,69,NA,50.875,48.718,48.062,47.812
331325.0,11267,0,4,9.58,80,68,NA,50.812,48.781,47.906,47.687
331433.0,11267,0,4,6.75,81,70,NA,50.875,48.875,47.968,47.75
331541.0,11267,0,4,7.5,72,75,NA,50.968,48.718,48.0,47.656
331648.0,11267,0,4,9.5,81,53,NA,50.968,48.843,47.937,47.718
331758.0,11267,0,4,9.67,88,53,NA,51.437,48.937,47.843,47.687
331864.0,11267,0,4,9.0,90,58,NA,51.156,48.625,47.937,47.718
331973.0,11267,0,4,8.92,90,63,NA,51.375,48.812,48.062,47.593
332079.0,11267,0,4,8.17,81,61,NA,51.25,48.687,47.937,47.656
332186.0,11267,0,4,8.25,90,61,NA,51.281,48.656,48.0,47.687
332295.0,11266,0,4,9.75,90,64,NA,51.5,48.593,48.093,47.687
332412.0,11266,0,4,7.42,81,64,NA,51.562,48.625,47.937,47.593
332529.0,11266,0,4,8.42,84,59,NA,51.281,48.843,47.937,47.656
332635.0,11266,0,4,9.5,90,64,NA,51.343,48.75,47.968,47.625
332745.0,11266,0,4,6.92,83,65,NA,51.375,48.593,48.187,47.593
332852.0,11266,0,4,9.33,55,64,NA,51.375,48.687,47.968,47.718
332959.0,11266,0,4,8.25,90,57,NA,51.5,48.718,48.062,47.718
333067.0,11266,0,4,8.33,91,58,NA,51.406,48.593,47.937,47.687
333183.0,11266,0,4,7.5,81,60,NA,51.531,48.656,47.937,47.687
333290.0,11266,0,4,9.5,90,57,NA,51.406,48.687,47.968,47.75
333398.0,11266,0,4,8.83,81,64,NA,51.625,48.843,48.093,47.625
333506.0,11266,0,4,9.75,100,42,NA,51.687,48.656,48.031,47.656
333615.0,11266,0,4,10.5,100,49,NA,51.468,48.843,48.187,47.593
333722.0,11266,0,4,8.42,77,79,NA,51.281,48.781,47.968,47.718
333838.0,11266,0,4,5.25,63,77,NA,51.156,48.656,47.875,47.718
333948.0,11266,0,4,7.5,81,68,NA,50.968,48.812,48.093,47.812
334056.0,11266,0,4,9.33,75,74,NA,51.156,48.75,47.875,47.687
334164.0,11266,0,4,6.58,60,71,NA,50.875,48.75,48.062,47.781
334271.0,11266,0,4,8.75,78,69,NA,50.937,48.937,47.968,47.718
334380.0,11266,0,4,7.0,66,69,NA,50.937,48.75,48.031,47.75
334488.0,11266,0,4,8.25,90,51,NA,51.187,48.812,48.125,47.656
334602.0,11266,0,4,11.5,90,60,NA,51.187,48.75,48.062,47.843
334714.0,11266,0,4,8.25,90,62,NA,51.156,48.781,48.031,47.75
334821.0,11266,0,4,8.17,88,60,NA,51.343,48.718,48.062,47.718
334931.0,11266,0,4,8.25,83,62,NA,51.25,48.625,48.062,47.687
335039.0,11266,0,4,9.67,90,67,NA,51.5,48.781,48.125,47.781
335149.0,11266,0,4,8.75,81,57,NA,51.562,48.75,47.906,47.687
335256.0,11266,0,4,7.5,90,63,NA,51.25,48.812,48.031,47.75
335365.0,11266,0,4,8.42,84,61,NA,51.25,48.687,48.0,47.656
335472.0,11266,0,4,9.0,90,64,NA,51.187,48.687,48.062,47.781
335581.0,11266,0,4,8.17,80,64,NA,51.468,48.593,47.875,47.656
335689.0,11266,0,4,8.83,88,64,NA,51.281,48.812,47.937,47.687
335797.0,11266,0,4,7.67,83,55,NA,51.375,48.875,48.187,47.625
335905.0,11266,0,4,8.25,90,63,NA,51.125,48.656,48.031,47.687
336014.0,11266,0,4,6.75,81,65,NA,51.5,48.75,48.125,47.75
336121.0,11266,0,4,7.5,90,57,NA,51.468,48.75,47.968,47.687
336229.0,11266,0,4,8.25,90,46,NA,51.312,48.718,48.031,47.75
336337.0,11266,0,4,9.0,100,41,NA,51.25,48.718,47.906,47.562
336445.0,11266,0,4,9.0,100,49,NA,51.25,48.687,47.906,47.656
336553.0,11266,0,4,10.33,76,78,NA,51.218,48.937,48.093,47.718
336662.0,11266,0,4,8.08,63,74,NA,51.0,48.781,48.0,47.75
336772.0,11266,0,4,9.67,80,72,NA,51.187,48.75,48.187,47.687
336884.0,11266,0,4,7.67,75,72,NA,51.0,48.812,48.093,47.781
336992.0,11266,0,4,10.0,80,74,NA,50.812,48.75,48.0,47.718
337103.0,11266,0,4,7.75,75,74,NA,50.968,48.812,48.031,47.843
337210.0,11266,0,4,8.92,72,78,NA,51.093,48.656,47.937,47.75
337320.0,11266,0,4,9.08,100,53,NA,51.031,48.781,48.093,47.812
337427.0,11266,0,4,10.92,90,61,NA,51.093,48.687,47.968,47.718
337537.0,11266,0,4,8.25,83,66,NA,51.343,48.781,48.062,47.75
337644.0,11266,0,4,8.25,90,61,NA,51.531,48.875,47.875,47.656
337754.0,11266,0,4,8.25,83,61,NA,51.281,48.687,48.0,47.75
337861.0,11266,0,4,7.5,90,59,NA,51.593,48.781,48.125,47.656
337969.0,11266,0,4,8.08,81,63,NA,51.218,48.656,47.968,47.687
338078.0,11266,0,4,9.58,90,64,NA,51.406,48.812,48.093,47.625
338184.0,11266,0,4,7.5,80,61,NA,51.375,48.687,47.937,47.625
338294.0,11266,0,4,8.17,46,63,NA,51.093,48.812,47.968,47.843
338402.0,11266,0,4,6.75,81,64,NA,51.562,48.625,47.906,47.812
338510.0,11266,0,4,9.67,90,64,NA,51.156,48.593,47.968,47.812
338620.0,11266,0,4,7.58,91,59,NA,51.218,48.625,47.875,47.75
338727.0,11266,0,4,7.67,83,57,NA,51.218,48.718,48.031,47.812
338835.0,11266,0,4,8.33,91,59,NA,51.531,48.843,48.093,47.781
338942.0,11266,0,4,8.75,88,61,NA,51.531,48.656,48.031,47.718
339049.0,11266,0,4,7.5,90,46,NA,51.312,48.687,48.062,47.843
339161.0,11266,0,4,9.0,100,41,NA,51.218,48.625,47.968,47.718
339269.0,11266,0,4,8.33,100,57,NA,51.375,48.75,48.062,47.75
339378.0,11266,0,4,6.75,54,78,NA,50.968,48.75,48.062,47.75
339489.0,11266,0,4,7.42,72,75,NA,51.093,48.812,48.156,47.843
339598.0,11266,0,4,7.25,70,74,NA,50.718,48.812,48.0,47.875
339705.0,11266,0,4,7.0,50,73,NA,51.031,48.875,48.062,47.781
339815.0,11266,0,4,5.83,70,72,NA,50.781,48.75,47.906,47.875
339922.0,11266,0,4,7.33,70,73,NA,50.812,48.781,48.031,47.906
340032.0,11266,0,4,6.67,80,50,NA,51.156,48.75,48.031,47.843
340139.0,11266,0,4,8.25,90,53,NA,51.093,48.781,48.031,47.937
340246.0,11266,0,4,7.5,54,53,NA,51.312,48.687,47.875,47.75
340355.0,11266,0,4,8.33,91,56,NA,51.187,48.75,48.031,47.875
340462.0,11266,0,4,8.17,90,54,NA,51.468,48.781,48.187,47.812
340572.0,11266,0,4,8.92,90,59,NA,51.25,48.656,48.031,47.875
340679.0,11266,0,4,7.5,81,59,NA,51.343,48.843,48.093,47.75
340787.0,11266,0,4,7.5,90,65,NA,51.312,48.687,47.906,47.812
340895.0,11266,0,4,6.92,83,60,NA,51.218,48.781,48.062,47.875
341003.0,11266,0,4,9.58,90,65,NA,51.5,48.593,47.968,47.781
341111.0,11266,0,4,8.17,81,62,NA,51.25,48.812,48.062,47.843
341219.0,11266,0,4,6.25,45,62,NA,51.093,48.781,48.187,47.843
341328.0,11266,0,4,6.83,72,56,NA,51.187,48.718,48.062,47.875
341434.0,11266,0,4,8.25,90,57,NA,51.406,48.812,48.062,47.75
341542.0,11266,0,4,8.25,90,61,NA,51.468,48.718,47.937,47.812
341652.0,11266,0,4,8.0,81,58,NA,51.218,48.718,48.093,47.718
341760.0,11267,0,4,8.92,90,61,NA,51.156,48.656,47.968,47.781
341870.0,11267,0,4,9.75,100,44,NA,52.031,48.718,48.031,47.75
341978.0,11267,0,4,9.83,100,50,NA,52.093,48.625,47.968,47.687
342089.0,11267,0,4,8.25,66,78,NA,51.562,48.875,48.093,47.718
342198.0,11267,0,4,7.0,66,73,NA,51.437,48.75,47.968,47.812
342306.0,11267,0,4,8.08,70,72,NA,51.031,48.843,48.062,47.75
342413.0,11267,0,4,6.25,75,70,NA,50.968,48.781,47.968,47.718
342521.0,11267,0,4,8.17,70,71,NA,50.906,48.843,48.062,47.843
342629.0,11267,0,4,8.08,80,73,NA,51.093,49.0,48.031,47.718
342736.0,11267,0,4,7.08,76,72,NA,50.75,48.843,47.937,47.781
342843.0,11267,0,4,10.42,90,51,NA,50.968,48.812,48.093,47.75
342952.0,11267,0,4,8.25,90,60,NA,51.187,48.75,48.062,47.625
343060.0,11267,0,4,6.75,81,62,NA,51.25,48.718,48.031,47.718
343169.0,11267,0,4,9.0,90,60,NA,51.562,48.75,47.937,47.625
343277.0,11267,0,4,8.83,88,56,NA,51.343,48.812,48.062,47.656
343387.0,11267,0,4,8.83,83,64,NA,51.343,48.656,47.843,47.687
343495.0,11267,0,4,8.17,90,53,NA,51.25,48.843,47.937,47.75
343605.0,11267,0,4,8.75,80,66,NA,51.5,48.75,47.906,47.656
343713.0,11267,0,4,8.92,90,59,NA,51.343,48.687,48.062,47.656
343822.0,11267,0,4,9.67,83,62,NA,51.656,48.625,47.937,47.718
343929.0,11267,0,4,8.25,90,64,NA,51.25,48.718,47.937,47.687
344039.0,11267,0,4,6.75,81,64,NA,51.406,48.656,47.968,47.593
344146.0,11267,0,4,8.92,90,55,NA,51.312,48.718,48.031,47.687
344259.0,11267,0,4,7.5,81,62,NA,51.625,48.718,47.906,47.593
344366.0,11267,0,4,8.08,88,65,NA,51.312,48.656,48.031,47.75
344476.0,11267,0,4,7.5,90,58,NA,51.218,48.656,47.937,47.656
344584.0,11267,0,4,6.92,83,41,NA,51.25,48.687,48.0,47.593
344694.0,11267,0,4,11.67,100,42,NA,51.5,48.593,47.906,47.625
344802.0,11267,0,4,9.67,100,49,NA,51.375,48.625,47.937,47.687
344912.0,11267,0,4,8.08,72,80,NA,51.5,48.531,47.968,47.625
345021.0,11267,0,4,7.58,72,76,NA,51.093,48.656,48.0,47.781
345128.0,11267,0,4,9.0,54,77,NA,51.093,48.906,47.875,47.625
345235.0,11267,0,4,9.0,80,75,NA,51.0,48.75,47.968,47.718
345342.0,11267,0,4,8.0,70,71,NA,51.0,48.781,48.093,47.812
345450.0,11267,0,4,8.83,80,70,NA,50.781,48.718,47.968,47.687
345558.0,11267,0,4,8.0,70,68,NA,50.875,48.875,48.0,47.781
345665.0,11267,0,4,8.33,91,48,NA,51.125,48.906,48.125,47.718
345774.0,11267,0,4,8.25,90,59,NA,51.312,48.75,47.906,47.718
345882.0,11267,0,4,9.75,90,63,NA,51.375,48.781,48.125,47.781
345991.0,11267,0,4,7.0,45,60,NA,51.281,48.687,48.031,47.687
346099.0,11267,0,4,8.83,90,59,NA,51.437,48.875,48.125,47.75
346208.0,11267,0,4,8.92,90,64,NA,51.281,48.625,47.968,47.75
346315.0,11267,0,4,7.5,81,64,NA,51.25,48.687,48.062,47.687
346424.0,11267,0,4,9.5,90,61,NA,51.562,48.656,47.937,47.687
346531.0,11267,0,4,7.5,81,62,NA,51.437,48.75,48.062,47.718
346641.0,11267,0,4,8.08,88,63,NA,51.281,48.625,47.875,47.625
346748.0,11267,0,4,8.33,83,65,NA,51.281,48.718,48.0,47.718
346859.0,11267,0,4,10.25,90,61,NA,51.531,48.593,47.875,47.656
346966.0,11268,0,4,9.58,90,59,NA,51.281,48.781,48.031,47.593
347076.0,11268,0,4,8.17,80,67,NA,51.156,48.937,47.906,47.625
347183.0,11268,0,4,7.5,90,64,NA,51.25,48.687,47.937,47.656
347294.0,11268,0,4,8.92,83,59,NA,51.468,48.843,47.906,47.593
347402.0,11268,0,4,9.08,90,46,NA,51.281,48.75,47.906,47.625
347512.0,11268,0,4,9.0,100,42,NA,51.562,48.843,48.125,47.625
347619.0,11268,0,4,9.17,100,51,NA,51.312,48.593,47.906,47.593
347728.0,11268,0,4,5.92,63,77,NA,51.125,48.875,48.062,47.625
347836.0,11268,0,4,8.92,81,72,NA,50.906,48.656,47.937,47.718
347946.0,11268,0,4,10.25,72,72,NA,51.156,48.937,48.062,47.718
348052.0,11268,0,4,6.58,70,69,NA,51.187,48.687,47.843,47.75
348162.0,11268,0,4,9.67,81,72,NA,50.937,48.812,48.031,47.843
348269.0,11268,0,4,8.0,80,71,NA,50.875,48.687,47.843,47.687
348379.0,11268,0,4,6.75,72,55,NA,50.937,48.812,47.968,47.781
348486.0,11268,0,4,9.75,90,53,NA,51.187,48.906,47.968,47.656
348593.0,11268,0,4,10.17,60,65,NA,51.375,48.656,47.937,47.656
348702.0,11268,0,4,9.0,83,63,NA,51.375,48.781,48.156,47.562
348810.0,11268,0,4,8.92,90,60,NA,51.437,48.593,47.937,47.656
348919.0,11268,0,4,9.67,91,60,NA,51.593,48.812,48.156,47.718
349026.0,11268,0,4,9.25,83,62,NA,51.562,48.687,48.0,47.625
349143.0,11268,0,4,8.08,81,64,NA,51.593,48.687,47.937,47.656
349251.0,11268,0,4,8.25,90,64,NA,51.406,48.718,47.968,47.687
349360.0,11268,0,4,9.0,83,60,NA,51.281,48.656,47.906,47.625
349468.0,11268,0,4,8.25,54,66,NA,51.375,48.687,48.031,47.656
349577.0,11268,0,4,6.92,83,63,NA,51.531,48.656,47.906,47.687
349685.0,11268,0,4,9.0,90,65,NA,51.25,48.687,48.031,47.625
349797.0,11268,0,4,10.08,90,58,NA,51.281,48.625,47.937,47.656
349904.0,11268,0,4,6.75,81,61,NA,51.343,48.75,48.062,47.781
350014.0,11268,0,4,8.25,90,60,NA,51.281,48.656,47.968,47.687
350121.0,11268,0,4,7.5,81,56,NA,51.406,48.687,47.968,47.687
350229.0,11268,0,4,8.17,90,45,NA,51.562,48.718,48.125,47.625
350338.0,11268,0,4,9.08,100,50,NA,51.281,48.687,47.968,47.531
350445.0,11268,0,4,9.08,100,58,NA,51.312,48.812,48.093,47.812
350554.0,11268,0,4,7.33,71,80,NA,51.031,48.718,47.875,47.718
350662.0,11268,0,4,8.5,75,75,NA,50.906,48.781,48.062,47.781
350771.0,11268,0,4,8.67,77,77,NA,51.156,48.718,48.0,47.625
350878.0,11268,0,4,8.5,75,71,NA,50.937,48.843,48.062,47.843
350992.0,11268,0,4,10.08,81,69,NA,50.906,48.75,47.968,47.781
351098.0,11268,0,4,8.25,72,70,NA,51.031,48.812,47.906,47.812
351207.0,11268,0,4,8.92,80,38,NA,50.875,48.75,48.0,47.718
351315.0,11268,0,4,9.0,90,59,NA,51.062,48.75,48.031,47.75
351423.0,11268,0,4,9.58,90,61,NA,51.218,48.687,47.937,47.75
351533.0,11268,0,4,8.42,83,52,NA,51.25,48.781,48.062,47.687
351641.0,11268,0,4,8.25,90,56,NA,51.343,48.562,47.875,47.562
351749.0,11268,0,4,10.33,90,63,NA,51.281,48.656,47.968,47.656
351857.0,11268,0,4,8.17,80,64,NA,51.531,48.812,48.062,47.687
351967.0,11268,0,4,8.92,91,65,NA,51.312,48.656,47.968,47.718
352075.0,11268,0,4,9.42,81,64,NA,51.312,48.812,48.187,47.562
352185.0,11268,0,4,8.33,91,61,NA,51.312,48.687,47.968,47.593
352292.0,11268,0,4,8.33,81,62,NA,51.406,48.781,48.093,47.656
352404.0,11268,0,4,8.92,90,64,NA,51.312,48.781,48.0,47.781
352521.0,11268,0,4,6.58,70,56,NA,51.437,48.718,48.0,47.687
352628.0,11268,0,4,7.5,90,58,NA,51.281,48.937,48.093,47.593
352746.0,11267,0,4,8.5,84,63,NA,51.375,48.625,47.906,47.625
352863.0,11267,0,4,8.92,83,54,NA,51.406,48.687,48.031,47.75
352971.0,11267,0,4,9.67,90,65,NA,51.437,48.687,48.0,47.656
353080.0,11267,0,4,9.75,91,42,NA,51.687,48.656,47.875,47.656
353188.0,11267,0,4,11.08,100,49,NA,51.437,48.718,48.0,47.625
353298.0,11267,0,4,6.75,81,65,NA,51.218,48.625,47.906,47.687
353405.0,11267,0,4,5.5,66,73,NA,51.031,48.718,48.031,47.718
353517.0,11267,0,4,7.92,80,72,NA,51.093,48.656,47.937,47.781
353625.0,11267,0,4,6.0,72,69,NA,50.906,48.75,48.031,47.812
353735.0,11267,0,4,9.5,80,70,NA,50.937,48.781,48.031,47.781
353843.0,11267,0,4,9.75,72,71,NA,51.0,48.687,48.031,47.843
353952.0,11267,0,4,8.17,81,73,NA,51.031,48.656,47.968,47.718
354060.0,11267,0,4,8.08,80,49,NA,51.031,48.781,47.937,47.718
354168.0,11267,0,4,9.75,91,60,NA,51.562,48.937,48.093,47.656
354276.0,11267,0,4,8.83,90,62,NA,51.25,48.718,47.968,47.687
354387.0,11267,0,4,8.17,81,63,NA,51.437,48.687,48.156,47.687
354495.0,11267,0,4,7.5,90,60,NA,51.406,48.687,48.0,47.625
354605.0,11267,0,4,7.33,88,64,NA,51.531,48.781,47.906,47.656
354712.0,11267,0,4,6.75,81,57,NA,51.468,48.718,48.062,47.687
354823.0,11267,0,4,9.25,88,64,NA,51.312,48.781,48.031,47.656
354930.0,11267,0,4,10.33,81,60,NA,51.406,48.75,47.937,47.593
355041.0,11267,0,4,8.17,90,64,NA,51.562,48.843,47.937,47.687
355149.0,11267,0,4,8.25,83,65,NA,51.406,48.687,48.0,47.656
355259.0,11267,0,4,9.0,90,63,NA,51.625,48.843,48.156,47.625
355366.0,11267,0,4,8.25,81,60,NA,51.406,48.687,47.968,47.593
355477.0,11267,0,4,8.25,90,56,NA,51.531,48.656,48.125,47.625
355584.0,11267,0,4,7.5,81,64,NA,51.406,48.656,47.968,47.687
355695.0,11267,0,4,9.67,90,60,NA,51.625,48.812,48.25,47.562
355802.0,11267,0,4,8.25,90,69,NA,51.531,48.781,48.0,47.718
355912.0,11267,0,4,9.08,100,42,NA,51.406,48.718,48.125,47.593
356019.0,11267,0,4,11.08,100,49,NA,51.312,48.593,47.875,47.687
356130.0,11267,0,4,6.58,70,82,NA,51.406,48.843,48.093,47.625
356237.0,11267,0,4,6.58,70,75,NA,51.0,48.781,47.875,47.718
356347.0,11267,0,4,6.92,75,72,NA,51.156,48.875,48.093,47.75
356454.0,11267,0,4,7.42,80,71,NA,50.75,48.656,47.937,47.656
356564.0,11267,0,4,8.83,72,74,NA,50.937,48.812,48.062,47.656
356672.0,11267,0,4,7.42,81,74,NA,50.906,48.75,47.968,47.718
356780.0,11267,0,4,7.33,63,72,NA,50.843,48.843,48.0,47.781
356889.0,11267,0,4,9.08,100,54,NA,51.343,48.687,47.937,47.687
356997.0,11267,0,4,10.33,90,61,NA,51.343,48.687,47.968,47.75
357105.0,11267,0,4,8.33,83,62,NA,51.343,48.656,48.187,47.656
357215.0,11267,0,4,9.33,88,60,NA,51.343,48.781,48.0,47.75
357323.0,11267,0,4,9.0,90,62,NA,51.531,48.687,47.906,47.687
357432.0,11267,0,4,8.83,81,65,NA,51.312,48.656,48.062,47.656
357542.0,11267,0,4,7.0,84,55,NA,51.687,48.718,47.968,47.593
357649.0,11267,0,4,8.25,90,61,NA,51.406,48.718,48.031,47.593
357757.0,11267,0,4,7.42,81,65,NA,51.531,49.0,48.156,47.625
357866.0,11267,0,4,8.25,90,64,NA,51.375,48.593,47.968,47.687
357982.0,11267,0,4,8.5,80,64,NA,51.281,48.656,47.968,47.625
358090.0,11267,0,4,8.17,90,63,NA,51.343,48.812,48.062,47.781
358206.0,11267,0,4,8.25,83,57,NA,51.343,48.812,48.156,47.625
358314.0,11267,0,4,7.42,80,63,NA,51.343,48.593,47.968,47.718
358431.0,11267,0,4,9.33,90,61,NA,51.281,48.687,47.968,47.656
358538.0,11267,0,4,7.42,81,61,NA,51.406,48.687,48.062,47.718
358661.0,11267,0,4,9.5,91,44,NA,51.625,48.875,47.843,47.625
358770.0,11267,0,4,9.08,100,50,NA,51.468,48.75,48.062,47.75
358877.0,11267,0,4,8.92,90,62,NA,51.437,48.781,48.062,47.687
358992.0,11267,0,4,8.08,72,81,NA,51.218,48.718,48.062,47.75
359103.0,11267,0,4,7.75,69,75,NA,50.906,48.687,47.906,47.781
359220.0,11267,0,4,7.67,75,73,NA,50.875,48.75,47.968,47.781
359329.0,11267,0,4,8.33,75,70,NA,51.187,48.937,47.968,47.593
359438.0,11267,0,4,7.17,77,70,NA,51.093,48.75,48.0,47.718
359547.0,11267,0,4,7.83,78,67,NA,50.75,48.718,48.156,47.656
359655.0,11267,0,4,8.17,80,46,NA,50.968,48.718,47.968,47.718
359764.0,11267,0,4,8.08,88,59,NA,51.343,48.937,47.937,47.625
359871.0,11267,0,4,8.25,90,61,NA,51.406,48.812,48.0,47.656
359979.0,11267,0,4,10.33,90,62,NA,51.437,48.75,48.093,47.812
360088.0,11267,0,4,8.25,83,57,NA,51.343,48.656,47.968,47.656
360196.0,11267,0,4,8.92,90,61,NA,51.468,48.781,48.031,47.781
360306.0,11267,0,4,8.17,81,65,NA,51.437,48.781,47.968,47.718
360414.0,11267,0,4,8.33,90,65,NA,51.406,48.843,48.062,47.718
360525.0,11267,0,4,7.67,83,63,NA,51.406,48.687,48.0,47.687
360633.0,11267,0,4,8.83,88,63,NA,51.468,48.687,48.031,47.75
360744.0,11267,0,4,8.25,83,64,NA,51.312,48.656,48.062,47.593
360851.0,11267,0,4,8.25,90,64,NA,51.5,48.687,48.031,47.781
360958.0,11268,0,4,8.17,81,59,NA,51.687,48.625,47.968,47.75
361067.0,11268,0,4,7.5,90,57,NA,51.375,48.75,48.031,47.75
361183.0,11268,0,4,8.33,83,64,NA,51.312,48.718,48.093,47.625
361290.0,11268,0,4,9.0,90,57,NA,51.375,48.843,48.0,47.625
361399.0,11268,0,4,7.67,83,59,NA,51.156,48.75,48.0,47.687
361506.0,11268,0,4,11.83,100,43,NA,51.531,48.812,48.062,47.625
361622.0,11268,0,4,9.75,100,48,NA,51.281,48.781,48.062,47.687
361729.0,11268,0,4,8.0,70,84,NA,51.125,48.656,47.875,47.656
361837.0,11268,0,4,8.75,70,74,NA,51.125,48.843,47.968,47.718
361944.0,11268,0,4,6.67,72,71,NA,51.156,48.781,48.156,47.687
362057.0,11268,0,4,8.08,80,69,NA,50.937,48.812,48.062,47.718
362168.0,11268,0,4,7.08,76,71,NA,51.218,48.812,47.937,47.718
362284.0,11268,0,4,9.58,80,69,NA,50.812,48.781,47.968,47.718
362405.0,11268,0,4,7.25,71,74,NA,50.812,48.843,48.0,47.843
362519.0,11268,0,4,9.67,100,58,NA,51.062,48.75,48.0,47.656
362629.0,11268,0,4,10.42,90,62,NA,51.312,48.656,47.906,47.656
362736.0,11268,0,4,6.92,83,65,NA,51.25,48.718,47.937,47.625
362843.0,11268,0,4,8.83,90,61,NA,51.312,48.781,48.062,47.593
362951.0,11269,0,4,9.58,90,59,NA,51.281,48.687,47.937,47.593
363059.0,11269,0,4,7.5,81,63,NA,51.375,48.75,48.031,47.718
363169.0,11269,0,4,8.25,90,64,NA,51.25,48.75,47.937,47.625
363276.0,11269,0,4,8.0,80,61,NA,51.187,48.687,48.0,47.843
363384.0,11269,0,4,8.25,90,60,NA,51.562,48.718,47.781,47.625
363492.0,11269,0,4,8.25,81,65,NA,51.281,48.718,47.937,47.781
363599.0,11269,0,4,8.25,90,62,NA,51.406,48.906,48.156,47.718
363709.0,11269,0,4,8.17,81,63,NA,51.343,48.687,48.031,47.687
363816.0,11269,0,4,9.0,90,59,NA,51.5,48.812,48.031,47.781
363925.0,11269,0,4,7.58,83,61,NA,51.25,48.718,47.906,47.687
364031.0,11269,0,4,8.83,90,60,NA,51.375,48.781,48.031,47.687
364141.0,11269,0,4,8.25,90,58,NA,51.156,48.593,47.875,47.625
364249.0,11269,0,4,9.75,91,44,NA,51.343,48.75,48.031,47.625
364361.0,11269,0,4,11.0,100,44,NA,51.5,48.625,47.968,47.625
364468.0,11269,0,4,9.0,90,66,NA,51.312,48.781,48.062,47.718
364579.0,11269,0,4,6.83,66,80,NA,51.062,48.687,47.937,47.656
364687.0,11269,0,4,6.58,70,71,NA,51.0,48.781,47.968,47.781
364798.0,11269,0,4,11.08,75,71,NA,50.781,48.656,47.843,47.75
364905.0,11269,0,4,6.92,66,72,NA,50.843,48.843,48.062,47.781
365015.0,11269,0,4,9.33,77,70,NA,51.25,48.75,47.906,47.687
365122.0,11269,0,4,8.58,76,68,NA,50.968,48.843,48.031,47.75
365232.0,11269,0,4,8.0,40,35,NA,50.718,48.75,47.968,47.781
365339.0,11269,0,4,10.33,90,56,NA,50.75,48.687,48.0,47.75
365450.0,11269,0,4,9.58,90,63,NA,51.218,48.75,47.906,47.656
365558.0,11269,0,4,8.25,90,63,NA,50.968,48.781,48.031,47.718
365668.0,11269,0,4,6.92,83,61,NA,51.0,48.656,47.906,47.625
365776.0,11269,0,4,9.75,90,60,NA,51.031,48.75,48.062,47.781
365886.0,11269,0,4,7.58,83,64,NA,50.937,48.625,47.937,47.656
365995.0,11269,0,4,7.5,90,65,NA,51.0,48.781,48.062,47.75
366104.0,11269,0,4,8.33,83,64,NA,51.343,48.718,48.0,47.593
366212.0,11269,0,4,9.5,90,55,NA,51.187,48.718,47.968,47.781
366320.0,11269,0,4,9.0,81,63,NA,51.125,48.593,47.937,47.593
366428.0,11269,0,4,10.42,90,61,NA,51.062,48.687,48.0,47.593
366536.0,11269,0,4,7.58,83,61,NA,51.218,48.875,48.093,47.593
366644.0,11269,0,4,9.0,90,58,NA,50.843,48.687,47.906,47.593
366753.0,11269,0,4,7.5,90,64,NA,51.093,48.781,48.156,47.625
366860.0,11269,0,4,8.42,83,60,NA,50.968,48.718,47.937,47.656
366970.0,11269,0,4,9.0,90,61,NA,51.187,48.75,48.062,47.593
367077.0,11269,0,4,9.0,90,42,NA,51.25,48.625,47.906,47.625
367186.0,11269,0,4,9.83,100,48,NA,51.031,48.781,48.062,47.656
367294.0,11269,0,4,10.0,88,68,NA,50.875,48.625,47.812,47.656
367406.0,11269,0,4,8.42,70,79,NA,50.937,48.75,48.062,47.718
367514.0,11269,0,4,8.83,72,74,NA,50.781,48.625,47.906,47.718
367623.0,11269,0,4,7.58,72,71,NA,50.937,48.843,48.062,47.812
367731.0,11269,0,4,7.33,80,68,NA,51.031,48.75,47.937,47.687
367839.0,11269,0,4,9.0,72,73,NA,50.656,48.937,48.031,47.75
367946.0,11269,0,4,6.67,80,69,NA,50.843,48.875,47.937,47.718
368055.0,11269,0,4,8.92,80,48,NA,50.718,48.75,47.937,47.718
368163.0,11269,0,4,7.5,90,56,NA,51.062,48.937,48.093,47.687
368271.0,11269,0,4,7.5,81,60,NA,50.906,48.656,47.968,47.656
368379.0,11269,0,4,8.33,91,59,NA,51.062,48.75,48.093,47.687
368486.0,11269,0,4,9.0,90,58,NA,50.906,48.656,47.875,47.593
368594.0,11269,0,4,8.17,81,63,NA,50.968,48.781,48.062,47.687
368703.0,11269,0,4,9.08,90,64,NA,51.156,48.656,47.906,47.593
368810.0,11269,0,4,7.67,83,65,NA,51.031,48.625,48.031,47.718
368919.0,11269,0,4,7.0,55,65,NA,50.843,48.656,48.218,47.625
369025.0,11269,0,4,7.75,83,60,NA,50.812,48.656,47.906,47.593
369136.0,11269,0,4,7.5,90,64,NA,51.187,48.875,48.093,47.531
369243.0,11269,0,4,8.08,80,64,NA,51.343,48.593,47.968,47.656
369351.0,11269,0,4,9.0,90,60,NA,51.0,48.75,47.968,47.718
369459.0,11269,0,4,8.33,83,54,NA,50.875,48.593,47.906,47.656
369567.0,11269,0,4,8.17,90,66,NA,51.0,48.718,47.937,47.781
369676.0,11269,0,4,7.67,83,60,NA,51.156,48.656,47.906,47.625
369784.0,11269,0,4,9.75,90,63,NA,50.906,48.593,47.968,47.656
369893.0,11269,0,4,8.17,90,42,NA,50.906,48.875,47.937,47.593
369999.0,11269,0,4,9.08,100,49,NA,50.968,48.718,47.968,47.593
370109.0,11269,0,4,9.08,91,67,NA,51.093,48.687,48.156,47.625
370216.0,11269,0,4,8.08,72,80,NA,51.093,48.687,47.843,47.75
370327.0,11269,0,4,8.92,72,77,NA,51.031,48.812,48.062,47.625
370434.0,11269,0,4,6.92,75,70,NA,50.625,48.687,47.937,47.625
370542.0,11269,0,4,8.33,81,70,NA,50.781,48.687,48.031,47.75
370650.0,11269,0,4,7.25,70,69,NA,50.906,48.937,47.906,47.687
370757.0,11269,0,4,8.92,81,70,NA,50.656,48.75,47.968,47.718
370865.0,11269,0,4,8.08,80,41,NA,50.812,48.843,48.031,47.687
370974.0,11269,0,4,8.33,90,59,NA,50.781,48.687,48.0,47.593
371080.0,11269,0,4,9.67,90,58,NA,51.031,48.781,48.0,47.718
371188.0,11269,0,4,7.58,83,59,NA,51.093,48.625,47.875,47.625
371295.0,11269,0,4,9.42,90,56,NA,51.0,48.687,48.0,47.656
371402.0,11269,0,4,9.0,90,60,NA,50.937,48.812,48.031,47.687
371512.0,11269,0,4,8.42,83,64,NA,51.0,48.625,47.968,47.625
371620.0,11269,0,4,9.08,91,64,NA,51.062,48.812,48.156,47.75
371730.0,11269,0,4,8.83,81,63,NA,50.968,48.625,48.0,47.656
371837.0,11269,0,4,8.25,90,63,NA,51.0,48.843,48.062,47.656
371947.0,11269,0,4,8.83,81,63,NA,51.343,48.656,47.937,47.656
372056.0,11269,0,4,7.42,81,64,NA,51.0,48.75,48.031,47.75
372166.0,11269,0,4,10.25,90,55,NA,50.968,48.625,47.843,47.625
372274.0,11269,0,4,7.5,90,60,NA,51.156,48.781,48.093,47.843
372384.0,11269,0,4,7.42,80,63,NA,50.968,48.656,47.968,47.625
372492.0,11269,0,4,10.25,90,55,NA,50.937,48.625,48.125,47.75
372602.0,11269,0,4,9.67,90,61,NA,50.968,48.593,47.937,47.593
372709.0,11269,0,4,9.0,90,44,NA,51.093,48.75,48.031,47.718
372819.0,11269,0,4,9.75,100,51,NA,50.937,48.625,48.0,47.625
372927.0,11269,0,4,7.42,80,65,NA,50.906,48.75,48.031,47.812
373035.0,11269,0,4,8.08,70,74,NA,51.156,48.656,47.843,47.687
373144.0,11269,0,4,5.83,70,72,NA,50.75,48.812,48.031,47.718
373252.0,11269,0,4,8.92,72,67,NA,50.687,48.687,47.875,47.625
373360.0,11269,0,4,8.08,80,69,NA,50.656,48.625,47.937,47.718
373468.0,11269,0,4,9.5,70,71,NA,50.937,48.937,48.125,47.718
373579.0,11269,0,4,8.83,81,71,NA,50.875,48.781,48.062,47.75
373687.0,11269,0,4,8.08,80,51,NA,50.625,48.812,47.843,47.625
373799.0,11269,0,4,8.25,90,58,NA,50.937,48.687,48.0,47.75
373906.0,11269,0,4,7.67,83,61,NA,51.062,48.593,47.937,47.625
374016.0,11269,0,4,8.25,90,63,NA,50.968,48.718,48.031,47.687
374125.0,11269,0,4,8.08,88,55,NA,51.218,48.656,47.937,47.593
374234.0,11269,0,4,7.83,85,62,NA,51.0,48.75,48.0,47.656
374342.0,11269,0,4,9.0,90,54,NA,50.937,48.656,47.906,47.656
374454.0,11269,0,4,9.0,83,66,NA,51.125,48.843,48.062,47.781
374560.0,11269,0,4,8.92,88,60,NA,51.125,48.625,47.968,47.593
374668.0,11269,0,4,7.75,84,64,NA,51.062,48.656,48.0,47.562
374775.0,11269,0,4,8.17,90,65,NA,51.062,48.781,48.156,47.625
374882.0,11269,0,4,8.08,81,63,NA,51.0,48.656,47.937,47.656
374992.0,11269,0,4,9.0,91,58,NA,51.156,48.812,48.093,47.531
375099.0,11269,0,4,6.67,80,61,NA,51.25,48.593,47.843,47.562
375210.0,11269,0,4,8.08,88,66,NA,51.0,48.718,48.031,47.656
375317.0,11269,0,4,10.25,90,57,NA,51.0,48.593,47.875,47.593
375428.0,11269,0,4,8.0,81,63,NA,51.031,48.718,48.125,47.687
375535.0,11269,0,4,9.08,100,44,NA,51.031,48.625,47.937,47.5
375646.0,11269,0,4,9.67,100,49,NA,51.187,48.781,48.062,47.687
375753.0,11269,0,4,7.67,75,76,NA,51.156,48.593,47.937,47.656
375863.0,11269,0,4,7.75,75,75,NA,50.843,48.812,48.093,47.843
375971.0,11269,0,4,8.17,70,74,NA,50.656,48.718,47.906,47.687
376079.0,11269,0,4,8.25,72,74,NA,50.625,48.75,47.937,47.75
376188.0,11269,0,4,8.0,70,70,NA,51.093,48.687,47.937,47.781
376296.0,11269,0,4,7.42,80,69,NA,50.875,48.812,47.968,47.781
376407.0,11269,0,4,8.0,72,71,NA,50.843,48.781,48.0,47.75
376514.0,11269,0,4,9.58,90,51,NA,50.906,48.875,48.0,47.625
376624.0,11269,0,4,9.0,90,61,NA,51.531,48.687,47.875,47.656
376732.0,11269,0,4,8.25,90,63,NA,51.343,48.687,48.031,47.75
376844.0,11269,0,4,8.08,81,57,NA,51.656,48.656,47.937,47.656
376952.0,11269,0,4,7.5,90,61,NA,51.375,48.75,48.0,47.718
377062.0,11269,0,4,8.67,80,63,NA,51.375,48.656,47.968,47.656
377170.0,11269,0,4,9.17,90,63,NA,51.343,48.718,48.031,47.687
377278.0,11269,0,4,8.92,81,62,NA,51.531,48.656,48.0,47.593
377385.0,11269,0,4,7.5,90,62,NA,51.5,48.718,47.968,47.718
377495.0,11269,0,4,10.08,81,66,NA,51.218,48.843,47.906,47.593
377602.0,11269,0,4,8.25,90,64,NA,51.468,48.687,47.937,47.593
377712.0,11269,0,4,9.0,81,63,NA,51.5,48.906,48.125,47.625
377818.0,11269,0,4,8.92,54,59,NA,51.125,48.75,47.875,47.593
377924.0,11269,0,4,7.5,81,65,NA,50.937,48.687,48.0,47.75
378034.0,11269,0,4,9.75,91,64,NA,50.968,48.656,47.906,47.593
378140.0,11269,0,4,10.17,90,60,NA,50.937,48.718,48.031,47.593
378247.0,11269,0,4,8.08,88,46,NA,50.968,48.718,48.093,47.718
378357.0,11269,0,4,8.25,90,42,NA,50.937,48.562,47.937,47.562
378463.0,11269,0,4,9.08,100,49,NA,50.968,48.718,48.0,47.656
378573.0,11269,0,4,8.25,75,75,NA,50.781,48.687,47.937,47.625
378680.0,11269,0,4,9.17,66,73,NA,50.781,48.781,47.937,47.687
378789.0,11269,0,4,7.5,81,70,NA,50.781,48.718,48.0,47.687
378897.0,11269,0,4,8.08,72,70,NA,50.718,48.812,48.0,47.656
379007.0,11270,0,4,7.58,63,72,NA,50.968,48.625,47.875,47.687
379115.0,11270,0,4,9.08,83,69,NA,50.687,48.75,47.968,47.781
379224.0,11270,0,4,7.42,70,81,NA,50.75,48.906,47.937,47.687
379331.0,11270,0,4,9.58,90,49,NA,50.687,48.687,48.0,47.718
379439.0,11270,0,4,9.0,90,60,NA,50.843,48.812,48.031,47.593
379547.0,11270,0,4,8.67,80,61,NA,50.812,48.687,47.937,47.593
379656.0,11270,0,4,9.0,90,54,NA,50.937,48.656,47.968,47.687
379763.0,11270,0,4,8.25,90,61,NA,50.937,48.687,47.812,47.562
379870.0,11270,0,4,7.42,80,65,NA,50.843,48.75,48.0,47.718
379979.0,11270,0,4,9.08,91,60,NA,51.093,48.812,48.093,47.593
380085.0,11270,0,4,8.83,80,60,NA,50.906,48.687,47.875,47.625
380193.0,11270,0,4,8.92,90,63,NA,50.968,48.781,47.937,47.687
380300.0,11270,0,4,9.0,90,65,NA,51.0,48.875,47.906,47.625
380406.0,11270,0,4,6.67,80,63,NA,50.812,48.718,47.937,47.656
380516.0,11270,0,4,9.58,90,62,NA,51.125,48.75,48.187,47.625
380622.0,11270,0,4,6.75,81,60,NA,50.781,48.687,47.968,47.656
380732.0,11270,0,4,8.17,90,61,NA,50.906,48.718,47.968,47.687
380838.0,11270,0,4,9.17,83,65,NA,50.968,48.843,47.937,47.625
380946.0,11270,0,4,9.75,90,60,NA,50.843,48.656,47.906,47.656
381054.0,11270,0,4,8.42,92,46,NA,51.156,48.781,48.156,47.562
381162.0,11270,0,4,9.83,100,42,NA,50.781,48.687,47.843,47.562
381271.0,11270,0,4,10.42,100,51,NA,50.906,48.843,48.0,47.593
381380.0,11270,0,4,8.08,72,79,NA,50.812,48.625,48.0,47.593
381487.0,11270,0,4,7.17,60,73,NA,50.593,48.75,48.031,47.781
381596.0,11270,0,4,9.0,83,70,NA,51.031,48.718,47.968,47.687
381705.0,11270,0,4,6.67,72,72,NA,50.781,48.781,48.0,47.718
381814.0,11270,0,4,10.25,80,73,NA,50.593,48.718,47.812,47.75
381923.0,11270,0,4,7.0,75,67,NA,50.625,48.75,48.0,47.687
382034.0,11270,0,4,7.33,70,93,NA,50.593,48.75,47.906,47.656
382142.0,11270,0,4,9.75,100,48,NA,50.656,48.718,48.062,47.781
382252.0,11270,0,4,8.25,90,57,NA,50.781,48.656,48.0,47.656
382359.0,11270,0,4,9.42,50,66,NA,51.0,48.75,48.0,47.687
382467.0,11270,0,4,7.33,80,56,NA,51.093,48.625,47.843,47.593
382575.0,11270,0,4,8.83,90,61,NA,50.937,48.687,47.937,47.656
382683.0,11270,0,4,7.75,83,63,NA,51.281,48.593,48.093,47.625
382791.0,11270,0,4,9.0,90,64,NA,50.906,48.718,47.906,47.625
382898.0,11270,0,4,8.25,90,58,NA,51.062,48.718,48.031,47.593
383008.0,11270,0,4,8.33,83,62,NA,50.906,48.625,47.968,47.625
383115.0,11270,0,4,7.5,90,64,NA,50.937,48.843,48.062,47.75
383226.0,11270,0,4,8.08,81,64,NA,51.343,48.656,47.968,47.593
383333.0,11270,0,4,8.25,90,65,NA,51.062,48.687,48.031,47.687
383443.0,11274,0,4,10.42,83,58,NA,50.937,48.687,47.906,47.687
383550.0,11274,0,4,9.0,90,53,NA,50.968,48.687,48.062,47.75
383661.0,11274,0,4,8.75,81,60,NA,51.25,48.593,47.937,47.625
383769.0,11274,0,4,8.92,72,60,NA,50.906,48.718,47.937,47.718
383878.0,11274,0,4,9.67,90,44,NA,50.875,48.562,47.937,47.593
383987.0,11274,0,4,9.75,100,50,NA,51.0,48.687,48.062,47.75
384096.0,11274,0,4,8.33,91,59,NA,50.968,48.593,47.937,47.593
384204.0,11274,0,4,5.83,70,79,NA,50.812,48.75,48.093,47.75
384312.0,11274,0,4,8.67,70,75,NA,51.093,48.687,48.218,47.656
384421.0,11274,0,4,6.25,75,74,NA,50.75,48.75,47.906,47.781
384528.0,11274,0,4,7.25,77,69,NA,50.75,48.843,48.093,47.656
384636.0,11274,0,4,7.0,45,71,NA,50.687,48.687,47.968,47.781
384745.0,11274,0,4,9.17,76,70,NA,50.875,48.75,48.125,47.781
384853.0,11274,0,4,8.75,80,48,NA,51.031,48.687,47.937,47.718
384961.0,11274,0,4,9.0,90,57,NA,50.812,48.718,48.031,47.718
385069.0,11274,0,4,8.33,91,63,NA,50.718,48.718,47.937,47.562
385179.0,11274,0,4,8.25,83,65,NA,50.812,48.687,47.968,47.656
385287.0,11274,0,4,7.5,90,61,NA,51.062,48.593,47.937,47.593
385395.0,11274,0,4,7.83,50,58,NA,50.937,48.718,48.0,47.656
385505.0,11274,0,4,9.5,81,64,NA,50.843,48.593,47.937,47.625
385613.0,11274,0,4,9.67,90,64,NA,50.906,48.656,47.937,47.656
385722.0,11274,0,4,8.25,90,62,NA,51.156,48.656,47.906,47.656
385830.0,11274,0,4,9.08,83,56,NA,50.968,48.687,48.0,47.687
385938.0,11274,0,4,9.5,88,65,NA,51.312,48.843,47.875,47.593
386048.0,11274,0,4,8.83,83,67,NA,51.031,48.687,48.0,47.75
386156.0,11274,0,4,8.67,88,60,NA,51.031,48.812,48.093,47.593
386267.0,11274,0,4,8.25,81,60,NA,51.031,48.718,47.906,47.687
386376.0,11274,0,4,7.5,90,62,NA,51.187,48.843,47.937,47.656
386486.0,11274,0,4,7.67,83,60,NA,51.0,48.656,48.031,47.687
386592.0,11274,0,4,9.5,90,62,NA,50.937,48.812,48.062,47.656
386700.0,11274,0,4,9.0,90,42,NA,50.906,48.75,47.906,47.687
386809.0,11274,0,4,9.67,100,49,NA,51.062,48.781,47.968,47.656
386916.0,11274,0,4,8.25,90,67,NA,51.093,48.687,47.875,47.625
387023.0,11274,0,4,6.83,66,78,NA,50.812,48.687,48.0,47.812
387132.0,11274,0,4,7.25,70,71,NA,50.718,48.906,47.906,47.75
387239.0,11274,0,4,8.08,70,73,NA,50.625,48.718,48.031,47.781
387348.0,11274,0,4,7.58,81,70,NA,50.875,48.875,48.125,47.718
387455.0,11274,0,4,8.08,72,74,NA,50.687,48.781,48.0,47.656
387564.0,11274,0,4,7.5,81,74,NA,50.781,48.812,48.062,47.75
387671.0,11274,0,4,8.83,80,48,NA,50.687,48.718,47.875,47.687
387778.0,11274,0,4,9.58,91,56,NA,50.75,48.656,47.937,47.625
387887.0,11274,0,4,9.0,90,62,NA,51.093,48.687,47.906,47.656
387995.0,11274,0,4,6.92,83,57,NA,50.937,48.75,47.968,47.593
388105.0,11274,0,4,9.58,90,60,NA,51.437,48.593,47.906,47.656
388213.0,11274,0,4,8.75,80,61,NA,50.906,48.718,48.0,47.625
388324.0,11274,0,4,8.25,90,66,NA,51.093,48.593,47.906,47.625
388432.0,11274,0,4,8.83,80,64,NA,50.937,48.687,47.906,47.718
388542.0,11274,0,4,8.33,91,64,NA,51.125,48.656,47.906,47.656
388650.0,11274,0,4,9.58,90,61,NA,51.093,48.656,47.906,47.687
388759.0,11274,0,4,8.75,81,63,NA,50.968,48.812,47.906,47.625
388869.0,11274,0,4,8.83,81,62,NA,51.093,48.75,48.0,47.687
388978.0,11274,0,4,8.92,90,60,NA,51.093,48.687,47.875,47.718
389084.0,11274,0,4,7.5,90,58,NA,51.093,48.781,47.875,47.718
389193.0,11274,0,4,7.58,83,64,NA,51.062,48.812,48.062,47.593
389302.0,11274,0,4,10.25,90,61,NA,50.937,48.625,47.937,47.562
389410.0,11274,0,4,8.33,83,63,NA,50.968,48.781,48.031,47.75
389518.0,11274,0,4,9.08,100,42,NA,51.031,48.593,47.906,47.656
389626.0,11274,0,4,9.08,100,50,NA,51.0,48.718,48.062,47.718
389735.0,11274,0,4,8.83,81,70,NA,51.218,48.625,47.937,47.656
389843.0,11274,0,4,6.75,72,75,NA,50.875,48.687,48.0,47.75
389953.0,11274,0,4,6.92,75,74,NA,50.687,48.656,47.937,47.625
390062.0,11274,0,4,8.83,80,73,NA,50.656,48.75,48.031,47.781
390173.0,11274,0,4,9.08,75,75,NA,50.906,48.718,47.843,47.718
390280.0,11274,0,4,8.92,81,69,NA,50.718,48.843,48.0,47.75
390390.0,11274,0,4,7.0,75,68,NA,50.656,48.812,47.906,47.718
390497.0,11274,0,4,8.83,81,48,NA,50.812,48.718,48.0,47.75
390608.0,11274,0,4,11.08,91,57,NA,50.937,48.687,47.906,47.625
390714.0,11274,0,4,8.25,90,60,NA,50.906,48.75,48.0,47.718
390822.0,11274,0,4,8.33,90,64,NA,51.281,48.625,47.843,47.625
390929.0,11274,0,4,7.42,80,60,NA,50.968,48.593,47.937,47.687
391036.0,11274,0,4,9.58,90,62,NA,51.062,48.781,48.0,47.75
391146.0,11274,0,4,6.75,81,60,NA,51.031,48.625,47.906,47.562
391252.0,11274,0,4,7.33,88,67,NA,50.937,48.718,48.031,47.75
391362.0,11274,0,4,9.08,84,68,NA,50.843,48.593,47.906,47.656
391468.0,11274,0,4,8.33,90,62,NA,50.875,48.656,47.906,47.625
391575.0,11274,0,4,8.83,54,65,NA,51.0,48.781,48.0,47.75
391683.0,11274,0,4,11.33,45,65,NA,51.062,48.656,47.937,47.593
391789.0,11274,0,4,8.08,88,61,NA,51.0,48.656,47.937,47.625
391899.0,11274,0,4,8.92,91,54,NA,50.875,48.843,47.875,47.625
392005.0,11274,0,4,7.5,81,63,NA,50.906,48.656,47.937,47.625
392113.0,11274,0,4,9.67,90,59,NA,51.093,48.75,48.062,47.687
392220.0,11274,0,4,9.75,90,62,NA,51.125,48.625,47.875,47.656
392326.0,11274,0,4,8.25,90,41,NA,50.968,48.625,47.968,47.625
392433.0,11274,0,4,8.33,100,48,NA,51.031,48.687,48.062,47.593
392540.0,11274,0,4,7.92,77,70,NA,50.906,48.656,47.937,47.625
392647.0,11274,0,4,7.0,66,77,NA,50.75,48.718,48.031,47.718
392755.0,11274,0,4,8.92,66,77,NA,50.968,49.0,48.062,47.687
392863.0,11274,0,4,6.67,80,75,NA,50.781,48.718,48.0,47.843
392971.0,11274,0,4,7.5,72,72,NA,50.718,48.781,48.031,47.781
393080.0,11274,0,4,6.42,77,71,NA,50.625,48.687,47.875,47.75
393188.0,11274,0,4,8.25,72,70,NA,50.906,48.812,48.031,47.781
393298.0,11274,0,4,8.17,90,48,NA,50.781,48.625,48.031,47.656
393405.0,11274,0,4,7.33,88,59,NA,50.937,48.75,47.968,47.718
393513.0,11274,0,4,9.08,83,61,NA,50.906,48.593,47.906,47.625
393622.0,11274,0,4,9.0,90,63,NA,51.0,48.656,47.968,47.656
393730.0,11275,0,4,8.25,90,54,NA,51.062,48.625,47.968,47.593
393838.0,11275,0,4,9.42,80,59,NA,51.0,48.75,48.0,47.656
393947.0,11275,0,4,8.25,90,59,NA,51.312,48.75,47.875,47.625
394056.0,11275,0,4,8.75,81,64,NA,50.937,48.687,47.906,47.687
394164.0,11275,0,4,8.92,90,63,NA,51.062,48.812,48.125,47.625
394274.0,11275,0,4,8.75,81,66,NA,50.906,48.656,47.875,47.625
394381.0,11275,0,4,8.83,90,63,NA,51.125,48.75,48.062,47.593
394491.0,11275,0,4,7.42,80,63,NA,51.031,48.656,47.968,47.718
394600.0,11275,0,4,9.0,90,54,NA,51.0,48.781,48.218,47.562
394707.0,11275,0,4,8.08,88,60,NA,50.937,48.625,47.968,47.656
394815.0,11275,0,4,9.75,83,61,NA,51.093,48.718,48.125,47.687
394925.0,11275,0,4,8.08,88,54,NA,51.25,48.593,47.906,47.656
395033.0,11275,0,4,7.5,81,61,NA,51.0,48.75,48.0,47.718
395142.0,11275,0,4,10.5,100,43,NA,50.937,48.593,48.031,47.593
395250.0,11275,0,4,9.0,100,49,NA,51.0,48.687,48.031,47.781
395358.0,11275,0,4,8.17,80,83,NA,51.093,48.593,47.968,47.656
395467.0,11275,0,4,6.67,72,73,NA,50.843,48.75,48.0,47.718
395575.0,11275,0,4,7.33,70,70,NA,51.031,48.687,47.843,47.656
395684.0,11275,0,4,8.5,75,71,NA,50.75,48.781,48.0,47.75
395791.0,11275,0,4,7.17,77,70,NA,50.718,48.875,48.062,47.656
395901.0,11275,0,4,8.75,72,71,NA,50.718,48.75,47.906,47.75
396007.0,11275,0,4,8.92,80,73,NA,50.718,48.812,48.031,47.812
396117.0,11275,0,4,8.67,81,52,NA,50.687,48.625,47.968,47.656
396223.0,11275,0,4,10.42,90,55,NA,50.906,48.781,47.937,47.687
396331.0,11275,0,4,8.17,90,59,NA,50.937,48.906,47.843,47.593
396439.0,11275,0,4,7.5,81,58,NA,50.906,48.625,47.906,47.625
396546.0,11275,0,4,7.5,90,60,NA,50.906,48.812,48.062,47.593
396655.0,11275,0,4,11.25,90,65,NA,50.906,48.656,48.0,47.625
396763.0,11275,0,4,7.58,83,59,NA,51.062,48.781,48.0,47.687
396871.0,11275,0,4,9.0,90,64,NA,50.906,48.687,47.906,47.593
396979.0,11275,0,4,7.67,83,55,NA,50.906,48.656,47.937,47.625
397088.0,11275,0,4,8.25,90,65,NA,51.281,48.625,47.843,47.625
397195.0,11275,0,4,8.25,81,65,NA,51.062,48.625,47.937,47.656
397305.0,11275,0,4,8.92,72,63,NA,51.937,48.593,47.875,47.593
397413.0,11275,0,4,9.0,90,57,NA,51.843,48.593,47.937,47.718
397522.0,11275,0,4,8.33,84,61,NA,52.125,48.812,47.875,47.562
397629.0,11275,0,4,8.08,88,65,NA,52.093,48.593,47.937,47.687
397739.0,11275,0,4,8.17,81,56,NA,51.875,48.687,48.093,47.625
397847.0,11275,0,4,7.58,91,66,NA,51.781,48.593,47.968,47.718
397957.0,11275,0,4,9.75,100,43,NA,52.062,48.843,48.125,47.625
398065.0,11275,0,4,9.75,100,50,NA,51.968,48.625,47.906,47.656
398176.0,11275,0,4,8.08,80,80,NA,51.812,48.718,48.093,47.593
398286.0,11275,0,4,7.58,66,74,NA,51.187,48.656,47.968,47.75
398393.0,11275,0,4,6.75,63,74,NA,50.968,48.906,48.062,47.75
398506.0,11275,0,4,9.42,81,69,NA,50.781,48.75,47.968,47.687
398613.0,11275,0,4,7.58,75,70,NA,51.062,48.625,47.843,47.625
398723.0,11275,0,4,8.92,80,70,NA,50.875,48.75,47.937,47.718
398833.0,11275,0,4,7.42,63,68,NA,50.718,48.781,47.843,47.75
398940.0,11275,0,4,9.08,100,50,NA,51.062,48.75,48.0,47.718
399048.0,11275,0,4,11.08,90,57,NA,51.406,48.781,48.187,47.687
399156.0,11275,0,4,8.83,81,62,NA,51.281,48.687,47.937,47.687
399263.0,11275,0,4,8.25,90,57,NA,51.343,48.781,48.0,47.718
399372.0,11275,0,4,8.25,90,62,NA,51.375,48.593,48.0,47.75
399480.0,11275,0,4,8.33,83,59,NA,51.5,48.75,48.031,47.781
399594.0,11275,0,4,9.0,90,63,NA,51.5,48.718,48.031,47.718
399704.0,11275,0,4,8.17,81,61,NA,51.593,48.656,47.843,47.687
399811.0,11275,0,4,8.25,90,62,NA,51.406,48.656,47.937,47.75
399919.0,11275,0,4,8.92,63,64,NA,51.843,48.75,48.093,47.593
400027.0,11275,0,4,8.33,90,66,NA,51.812,48.656,47.968,47.718
400133.0,11275,0,4,8.08,80,65,NA,51.875,48.718,48.062,47.75
400243.0,11275,0,4,8.25,90,60,NA,52.0,48.656,47.937,47.656
400351.0,11275,0,4,8.25,83,68,NA,51.843,48.625,48.062,47.75
400461.0,11275,0,4,9.67,90,61,NA,51.875,48.625,47.875,47.718
400567.0,11275,0,4,8.17,90,60,NA,51.781,48.656,47.937,47.656
400675.0,11275,0,4,9.58,90,46,NA,52.093,48.781,48.093,47.625
400783.0,11275,0,4,9.08,100,43,NA,51.843,48.687,47.875,47.625
400890.0,11275,0,4,7.58,91,51,NA,51.968,48.656,48.0,47.718
400999.0,11275,0,4,8.33,50,78,NA,50.968,48.75,47.875,47.656
401107.0,11275,0,4,7.75,75,72,NA,51.093,48.75,47.968,47.75
401222.0,11275,0,4,7.75,75,72,NA,51.031,48.687,48.031,47.75
401331.0,11275,0,4,7.17,77,68,NA,51.093,48.625,47.937,47.687
401440.0,11275,0,4,7.75,75,71,NA,50.875,48.812,48.0,47.687
401547.0,11275,0,4,8.17,80,74,NA,50.968,48.875,48.093,47.687
401655.0,11275,0,4,7.42,72,55,NA,50.781,48.75,47.968,47.656
401763.0,11275,0,4,7.58,91,56,NA,51.312,48.75,48.0,47.718
401871.0,11275,0,4,9.0,90,64,NA,51.437,48.656,47.875,47.625
401978.0,11275,0,4,9.0,90,65,NA,51.375,48.75,48.031,47.625
402094.0,11275,0,4,10.0,81,60,NA,51.437,48.718,47.937,47.625
402203.0,11275,0,4,7.5,90,64,NA,51.468,48.656,48.156,47.687
402312.0,11275,0,4,7.42,80,64,NA,51.375,48.687,48.0,47.656
402420.0,11275,0,4,8.92,90,62,NA,51.468,48.75,47.843,47.593
402529.0,11275,0,4,9.5,80,66,NA,51.437,48.593,48.0,47.625
402640.0,11275,0,4,8.08,81,60,NA,52.031,48.625,47.875,47.656
402747.0,11275,0,4,9.42,90,63,NA,51.843,48.656,47.968,47.718
402854.0,11275,0,4,6.75,81,64,NA,52.062,48.75,48.062,47.593
402963.0,11275,0,4,8.92,90,59,NA,51.843,48.718,47.968,47.625
403069.0,11275,0,4,7.5,90,58,NA,51.906,48.687,47.968,47.687
403177.0,11275,0,4,7.67,83,62,NA,51.781,48.625,48.031,47.625
403283.0,11275,0,4,7.5,90,61,NA,51.875,48.656,47.906,47.656
403391.0,11275,0,4,8.75,88,60,NA,52.031,48.812,48.031,47.781
403499.0,11275,0,4,9.0,90,45,NA,52.062,48.656,47.843,47.625
403606.0,11275,0,4,9.67,100,49,NA,52.062,48.625,48.0,47.75
403716.0,11275,0,4,7.5,81,65,NA,51.375,48.625,47.875,47.625
403823.0,11275,0,4,6.0,63,78,NA,51.093,48.75,47.937,47.625
403931.0,11274,0,4,6.75,72,72,NA,51.093,48.937,48.093,47.562
404038.0,11274,0,4,10.08,80,68,NA,51.0,48.656,47.937,47.718
404147.0,11274,0,4,9.0,72,72,NA,50.937,48.781,48.125,47.781
404254.0,11274,0,4,9.67,80,71,NA,50.937,48.718,47.968,47.718
404363.0,11274,0,4,8.25,40,75,NA,50.812,48.75,48.0,47.75
404470.0,11274,0,4,7.58,72,47,NA,50.781,48.718,47.781,47.687
404581.0,11274,0,4,7.58,91,56,NA,50.843,48.718,47.968,47.718
404688.0,11274,0,4,8.33,90,60,NA,51.187,48.687,48.125,47.593
404798.0,11274,0,4,8.92,90,64,NA,50.968,48.625,47.968,47.718
404906.0,11274,0,4,7.5,81,54,NA,51.0,48.656,47.875,47.625
405015.0,11274,0,4,9.67,91,59,NA,50.843,48.75,48.031,47.656
405122.0,11274,0,4,9.08,81,62,NA,51.093,48.812,48.125,47.625
405231.0,11274,0,4,8.25,90,64,NA,50.906,48.656,47.937,47.718
405338.0,11274,0,4,9.0,90,63,NA,51.031,48.812,48.031,47.718
405449.0,11274,0,4,8.08,81,62,NA,51.0,48.687,48.031,47.593
405556.0,11274,0,4,9.75,90,66,NA,51.093,48.656,48.062,47.593
405666.0,11274,0,4,8.42,83,58,NA,50.937,48.687,47.781,47.75
405773.0,11274,0,4,8.92,90,60,NA,50.968,48.718,48.062,47.718
405882.0,11274,0,4,7.58,83,60,NA,50.875,48.625,47.875,47.562
405989.0,11274,0,4,8.75,88,63,NA,50.906,48.718,47.937,47.687
406097.0,11274,0,4,6.92,83,54,NA,51.093,48.75,48.062,47.5
406205.0,11274,0,4,9.5,90,61,NA,51.031,48.562,47.906,47.656
406315.0,11274,0,4,9.75,100,43,NA,51.218,48.75,48.125,47.562
406423.0,11274,0,4,8.33,100,51,NA,50.968,48.593,47.937,47.625
406531.0,11274,0,4,8.17,81,68,NA,51.062,48.718,48.093,47.718
406639.0,11274,0,4,6.92,66,79,NA,50.937,48.718,47.937,47.75
406749.0,11274,0,4,8.33,76,73,NA,50.812,48.75,48.031,47.75
406855.0,11274,0,4,7.25,70,71,NA,51.062,48.718,47.875,47.625
406966.0,11274,0,4,8.08,81,69,NA,50.781,48.781,48.031,47.781
407073.0,11274,0,4,6.67,72,74,NA,50.781,48.656,47.812,47.625
407184.0,11274,0,4,9.5,81,69,NA,50.906,48.781,47.968,47.812
407290.0,11274,0,4,10.33,80,43,NA,50.937,48.937,47.781,47.656
407398.0,11274,0,4,8.92,90,59,NA,50.812,48.625,47.937,47.718
407506.0,11274,0,4,8.25,90,62,NA,50.968,48.781,48.062,47.625
407614.0,11274,0,4,7.5,81,62,NA,50.906,48.75,47.937,47.593
407724.0,11274,0,4,8.17,90,60,NA,51.125,48.937,48.218,47.625
407831.0,11274,0,4,9.0,90,61,NA,51.187,48.718,47.937,47.562
407940.0,11274,0,4,7.5,81,64,NA,51.062,48.656,48.125,47.531
408049.0,11274,0,4,8.83,81,64,NA,50.906,48.656,47.937,47.718
408158.0,11274,0,4,8.83,90,70,NA,51.062,48.781,48.031,47.718
408266.0,11274,0,4,9.0,91,64,NA,51.031,48.687,47.875,47.593
408376.0,11274,0,4,7.67,83,65,NA,51.062,48.718,48.0,47.75
408483.0,11274,0,4,8.08,81,64,NA,51.343,48.656,47.906,47.593
408594.0,11274,0,4,8.75,88,59,NA,51.093,48.718,48.031,47.656
408700.0,11274,0,4,9.58,50,55,NA,50.968,48.625,47.812,47.593
408810.0,11274,0,4,6.92,83,64,NA,50.937,48.656,48.0,47.625
408916.0,11274,0,4,11.0,90,60,NA,51.156,48.812,48.062,47.562
409024.0,11274,0,4,7.5,90,63,NA,50.843,48.593,47.906,47.593
409134.0,11274,0,4,11.83,100,43,NA,51.093,48.75,48.125,47.531
409241.0,11274,0,4,9.08,100,48,NA,50.937,48.593,47.843,47.562
409350.0,11274,0,4,8.08,81,68,NA,51.062,48.687,48.0,47.656
409458.0,11274,0,4,7.25,60,71,NA,51.187,48.625,47.937,47.718
409566.0,11274,0,4,5.75,50,72,NA,50.781,48.687,48.031,47.812
409676.0,11274,0,4,5.83,60,72,NA,50.781,48.718,47.843,47.75
409785.0,11274,0,4,7.25,60,72,NA,51.0,48.812,47.968,47.812
409892.0,11274,0,4,8.5,50,68,NA,51.0,48.75,47.843,47.718
410007.0,11274,0,4,6.67,80,70,NA,51.156,48.843,48.125,47.687
410113.0,11274,0,4,6.67,80,54,NA,51.437,48.656,47.875,47.687
410223.0,11274,0,4,10.42,91,58,NA,51.375,48.781,48.093,47.656
410332.0,11274,0,4,9.5,81,62,NA,51.281,48.625,47.843,47.625
410440.0,11274,0,4,8.92,91,62,NA,51.468,48.781,48.093,47.656
410558.0,11274,0,4,8.17,90,61,NA,51.531,48.812,48.125,47.718
410666.0,11274,0,4,9.0,83,64,NA,51.593,48.656,47.875,47.656
410776.0,11274,0,4,8.25,81,56,NA,51.437,48.687,48.125,47.625
410884.0,11274,0,4,10.33,90,63,NA,51.375,48.625,47.906,47.687
410993.0,11274,0,4,8.08,80,60,NA,51.562,48.718,48.093,47.75
411101.0,11274,0,4,9.58,90,64,NA,51.468,48.656,47.906,47.625
411208.0,11274,0,4,9.0,84,66,NA,51.343,48.593,48.062,47.718
411317.0,11274,0,4,8.17,88,60,NA,51.218,48.625,47.937,47.625
411425.0,11274,0,4,8.17,81,58,NA,51.312,48.593,47.906,47.687
411533.0,11274,0,4,9.17,91,64,NA,51.531,48.656,48.125,47.5
411643.0,11274,0,4,8.25,90,66,NA,51.312,48.75,47.968,47.687
411750.0,11274,0,4,6.75,81,58,NA,51.625,48.75,48.031,47.562
411859.0,11274,0,4,8.92,90,52,NA,51.343,48.656,47.875,47.687
411966.0,11274,0,4,9.75,100,43,NA,51.531,48.718,48.062,47.656
412073.0,11274,0,4,8.33,100,50,NA,51.437,48.687,47.875,47.656
412181.0,11274,0,4,7.17,70,78,NA,51.187,48.687,48.0,47.718
412289.0,11274,0,4,7.25,70,72,NA,51.281,48.843,47.906,47.656
412397.0,11275,0,4,8.17,72,71,NA,50.875,48.687,47.875,47.718
412505.0,11275,0,4,6.75,81,70,NA,50.968,48.812,48.062,47.812
412613.0,11275,0,4,8.83,72,71,NA,50.843,48.718,48.0,47.625
412720.0,11275,0,4,7.42,72,70,NA,50.843,48.75,47.937,47.718
412830.0,11275,0,4,7.33,70,80,NA,51.156,48.718,48.0,47.718
412937.0,11275,0,4,7.5,90,55,NA,51.062,48.718,48.0,47.687
413047.0,11275,0,4,9.0,90,62,NA,51.25,48.656,47.875,47.593
413154.0,11275,0,4,10.25,90,63,NA,51.343,48.718,47.937,47.656
413263.0,11275,0,4,8.92,83,59,NA,51.593,48.875,47.875,47.625
413370.0,11275,0,4,8.17,90,61,NA,51.187,48.593,47.906,47.656
413479.0,11275,0,4,10.17,90,66,NA,51.437,48.718,48.0,47.562
413586.0,11275,0,4,8.08,81,59,NA,51.375,48.656,47.906,47.593
413694.0,11275,0,4,8.25,90,62,NA,51.343,48.718,47.937,47.75
413803.0,11275,0,4,7.5,81,59,NA,51.687,48.687,47.875,47.718
413911.0,11275,0,4,8.25,90,64,NA,51.406,48.718,47.968,47.718
414020.0,11275,0,4,9.58,80,64,NA,51.312,48.625,47.875,47.593
414128.0,11275,0,4,8.17,90,66,NA,51.281,48.687,48.0,47.625
414239.0,11275,0,4,8.33,83,55,NA,51.562,48.625,47.875,47.562
414347.0,11275,0,4,10.17,90,67,NA,51.406,48.687,48.062,47.781
414458.0,11275,0,4,8.92,81,63,NA,51.781,48.656,47.906,47.625
414565.0,11275,0,4,9.5,90,55,NA,51.468,48.625,48.0,47.75
414674.0,11275,0,4,7.5,90,46,NA,51.406,48.593,47.906,47.531
414782.0,11275,0,4,9.67,100,41,NA,51.437,48.687,47.906,47.625
414890.0,11275,0,4,10.5,100,58,NA,51.562,48.687,48.093,47.593
414997.0,11274,0,4,6.5,60,79,NA,51.125,48.687,47.968,47.656
415106.0,11274,0,4,7.0,75,71,NA,51.062,48.781,48.093,47.781
415213.0,11274,0,4,7.17,77,71,NA,50.906,48.687,47.875,47.687
415324.0,11274,0,4,8.33,76,67,NA,51.062,48.75,48.062,47.781
415433.0,11274,0,4,8.0,77,73,NA,51.093,48.718,47.843,47.656
415543.0,11274,0,4,7.0,75,76,NA,50.906,48.906,48.062,47.718
415651.0,11274,0,4,8.92,72,69,NA,50.875,48.687,47.906,47.75
415760.0,11274,0,4,11.33,100,53,NA,51.093,48.75,48.062,47.5
415867.0,11274,0,4,8.25,90,60,NA,51.468,48.593,47.937,47.625
415975.0,11274,0,4,9.0,83,68,NA,51.25,48.718,48.0,47.687
416081.0,11274,0,4,9.0,90,59,NA,51.437,48.718,48.062,47.687
416188.0,11274,0,4,9.0,90,60,NA,51.343,48.593,47.906,47.718
416298.0,11274,0,4,8.25,83,60,NA,51.468,48.75,48.062,47.593
416405.0,11274,0,4,9.33,88,63,NA,51.562,48.625,47.906,47.593
416512.0,11274,0,4,8.25,81,62,NA,51.406,48.625,48.093,47.75
416620.0,11274,0,4,8.92,90,59,NA,51.375,48.812,48.062,47.656
416727.0,11274,0,4,8.42,83,64,NA,51.343,48.687,47.968,47.562
416835.0,11274,0,4,8.92,90,64,NA,51.5,48.718,48.0,47.687
416942.0,11274,0,4,7.67,83,65,NA,51.562,48.593,48.031,47.562
417052.0,11274,0,4,8.92,90,59,NA,51.312,48.718,47.968,47.75
417158.0,11274,0,4,10.83,90,62,NA,51.281,48.781,47.906,47.625
417267.0,11274,0,4,8.17,80,65,NA,51.156,48.625,47.906,47.687
417373.0,11274,0,4,7.17,77,57,NA,51.5,48.75,48.0,47.468
417480.0,11274,0,4,9.58,90,45,NA,51.437,48.593,47.875,47.625
417589.0,11274,0,4,9.83,100,45,NA,51.312,48.656,48.031,47.656
417696.0,11274,0,4,8.33,100,54,NA,51.281,48.812,48.062,47.656
417806.0,11274,0,4,7.58,72,80,NA,51.0,48.718,47.937,47.718
417912.0,11274,0,4,8.0,78,74,NA,51.0,48.812,48.031,47.687
418024.0,11274,0,4,8.25,40,74,NA,50.75,48.656,47.968,47.75
418131.0,11274,0,4,8.92,50,70,NA,51.062,48.906,47.812,47.625
418241.0,11274,0,4,8.33,80,70,NA,50.687,48.718,47.968,47.687
418349.0,11274,0,4,8.67,70,70,NA,50.656,48.812,48.062,47.562
418457.0,11274,0,4,6.58,70,58,NA,50.593,48.75,47.968,47.687
418565.0,11274,0,4,9.83,100,58,NA,50.656,48.781,48.0,47.656
418675.0,11274,0,4,8.33,83,63,NA,51.0,48.718,47.906,47.531
418782.0,11274,0,4,8.92,90,67,NA,50.875,48.656,48.0,47.656
418892.0,11274,0,4,8.92,90,61,NA,50.75,48.687,47.875,47.625
419000.0,11274,0,4,8.17,81,58,NA,50.906,48.718,48.031,47.625
419110.0,11274,0,4,8.17,90,62,NA,50.718,48.625,47.875,47.593
419218.0,11274,0,4,7.33,80,65,NA,50.812,48.718,48.062,47.687
419330.0,11274,0,4,8.17,90,62,NA,50.812,48.625,47.812,47.531
419438.0,11274,0,4,9.67,90,58,NA,50.906,48.75,48.093,47.593
419548.0,11274,0,4,7.75,84,64,NA,50.781,48.656,47.875,47.656
419656.0,11274,0,4,8.17,81,64,NA,50.968,48.656,48.031,47.687
419765.0,11274,0,4,8.25,63,65,NA,50.875,48.656,47.937,47.593
419874.0,11274,0,4,7.58,83,60,NA,50.843,48.656,48.0,47.593
419983.0,11274,0,4,8.33,91,61,NA,50.875,48.593,47.906,47.593
420090.0,11274,0,4,9.08,90,57,NA,50.906,48.656,48.0,47.656
420201.0,11274,0,4,8.17,81,60,NA,50.781,48.625,47.843,47.625
420309.0,11274,0,4,10.67,100,43,NA,50.812,48.687,48.031,47.625
420418.0,11274,0,4,8.33,100,49,NA,50.718,48.656,47.937,47.531
420526.0,11274,0,4,9.58,90,66,NA,50.906,48.687,47.968,47.656
420637.0,11274,0,4,7.25,44,79,NA,50.687,48.656,47.968,47.625
420746.0,11274,0,4,9.33,50,75,NA,50.812,48.718,48.0,47.5
420856.0,11274,0,4,7.17,77,74,NA,50.718,48.718,47.906,47.687
420969.0,11274,0,4,8.58,75,71,NA,50.625,48.718,47.843,47.687
421076.0,11274,0,4,8.17,72,68,NA,50.718,48.781,48.0,47.625
421186.0,11274,0,4,10.17,81,70,NA,50.781,48.656,47.906,47.593
421302.0,11274,0,4,7.33,80,43,NA,50.812,48.593,47.843,47.562
421410.0,11274,0,4,10.92,90,55,NA,50.687,48.718,48.062,47.593
421519.0,11274,0,4,7.5,81,60,NA,51.218,48.593,47.843,47.531
421627.0,11274,0,4,9.0,90,60,NA,50.718,48.687,47.937,47.718
421737.0,11274,0,4,8.83,90,53,NA,50.937,48.593,47.843,47.562
421844.0,11274,0,4,7.67,83,59,NA,50.718,48.687,47.968,47.593
421951.0,11275,0,4,8.17,90,64,NA,50.843,48.812,47.937,47.625
422061.0,11275,0,4,9.67,83,65,NA,50.812,48.656,47.968,47.562
422168.0,11275,0,4,7.5,90,63,NA,50.937,48.656,48.062,47.75
422277.0,11275,0,4,8.92,90,62,NA,50.843,48.593,47.875,47.562
422384.0,11275,0,4,8.83,81,64,NA,50.812,48.687,47.968,47.5
422491.0,11275,0,4,7.58,81,64,NA,51.125,48.75,48.125,47.562
422601.0,11275,0,4,9.0,90,58,NA,50.906,48.687,47.906,47.625
422708.0,11275,0,4,9.75,90,54,NA,50.937,48.718,47.968,47.531
422817.0,11275,0,4,8.08,81,64,NA,50.812,48.593,47.906,47.593
422923.0,11275,0,4,8.08,88,60,NA,50.843,48.687,48.031,47.593
423033.0,11275,0,4,10.42,90,61,NA,51.125,48.593,47.937,47.531
423139.0,11275,0,4,8.25,90,41,NA,50.875,48.687,47.968,47.531
423247.0,11275,0,4,9.08,100,48,NA,50.875,48.781,47.875,47.468
423354.0,11275,0,4,9.5,90,68,NA,50.812,48.656,47.875,47.562
423461.0,11275,0,4,7.17,60,75,NA,50.75,48.75,47.937,47.718
423568.0,11275,0,4,9.17,83,74,NA,51.0,48.625,48.125,47.687
423676.0,11275,0,4,6.75,72,70,NA,50.593,48.781,47.875,47.718
423784.0,11275,0,4,8.17,81,70,NA,50.718,48.781,48.093,47.593
423892.0,11275,0,4,8.0,70,70,NA,50.593,48.687,47.843,47.687
424024.0,11275,0,4,7.33,66,70,NA,50.75,48.593,47.937,47.687
424146.0,11275,0,4,8.17,75,36,NA,50.906,48.75,48.062,47.593
424253.0,11275,0,4,9.83,100,44,NA,50.968,48.625,47.937,47.531
424370.0,11276,0,4,7.75,84,58,NA,50.718,48.625,47.906,47.625
424477.0,11276,0,4,8.83,90,60,NA,50.843,48.656,48.0,47.656
424594.0,11276,0,4,9.0,83,59,NA,50.781,48.718,47.906,47.593
424711.0,11276,0,4,6.92,83,61,NA,50.718,48.687,47.875,47.656
424818.0,11276,0,4,9.67,83,64,NA,51.187,48.656,47.812,47.468
424933.0,11276,0,4,8.0,80,62,NA,51.25,48.593,48.125,47.593
425040.0,11275,0,4,6.75,81,64,NA,50.843,48.562,47.906,47.656
425156.0,11275,0,4,7.5,81,60,NA,50.937,48.625,47.875,47.562
425264.0,11275,0,4,9.92,75,65,NA,51.093,48.656,48.062,47.625
425373.0,11275,0,4,8.75,80,57,NA,51.156,48.625,47.875,47.625
425479.0,11275,0,4,8.25,90,59,NA,50.937,48.593,47.937,47.531
425586.0,11275,0,4,8.25,54,59,NA,50.875,48.812,48.062,47.5
425695.0,11275,0,4,9.67,90,64,NA,50.875,48.625,47.875,47.562
425801.0,11275,0,4,7.0,66,53,NA,51.0,48.593,47.968,47.625
425909.0,11275,0,4,7.5,90,61,NA,51.187,48.656,47.843,47.625
426016.0,11275,0,4,8.17,90,42,NA,51.0,48.625,47.875,47.562
426123.0,11275,0,4,10.5,100,48,NA,51.031,48.718,48.031,47.593
426233.0,11275,0,4,9.0,90,67,NA,50.937,48.625,47.968,47.593
426339.0,11275,0,4,7.42,70,79,NA,51.062,48.687,48.0,47.656
426448.0,11275,0,4,8.25,66,72,NA,50.937,48.687,47.906,47.656
426555.0,11275,0,4,7.92,66,71,NA,50.75,48.718,47.968,47.718
426666.0,11275,0,4,8.33,41,72,NA,50.843,48.656,47.906,47.562
426774.0,11275,0,4,8.25,72,72,NA,50.937,48.718,47.968,47.75
426883.0,11275,0,4,8.17,81,69,NA,51.125,48.593,47.906,47.625
426993.0,11275,0,4,7.5,81,43,NA,50.843,48.718,48.062,47.718
427100.0,11275,0,4,9.75,91,56,NA,51.375,48.718,48.156,47.562
427211.0,11275,0,4,11.0,91,63,NA,51.343,48.781,48.031,47.687
427319.0,11275,0,4,8.08,81,60,NA,51.281,48.656,47.781,47.5
427428.0,11275,0,4,8.25,90,60,NA,51.281,48.593,47.937,47.593
427535.0,11275,0,4,7.67,83,61,NA,51.562,48.75,47.937,47.625
427645.0,11275,0,4,8.08,88,65,NA,51.437,48.656,47.968,47.593
427752.0,11275,0,4,7.5,90,63,NA,51.312,48.812,48.031,47.656
427862.0,11275,0,4,7.42,81,64,NA,51.312,48.593,47.937,47.718
427969.0,11275,0,4,7.5,90,63,NA,51.468,48.718,48.0,47.625
428077.0,11275,0,4,9.0,81,64,NA,51.531,48.593,47.937,47.656
428186.0,11275,0,4,9.33,80,64,NA,51.437,48.781,47.968,47.687
428293.0,11275,0,4,8.25,90,61,NA,51.281,48.593,47.843,47.562
428402.0,11275,0,4,10.92,90,55,NA,51.5,48.656,48.0,47.656
428510.0,11275,0,4,8.83,80,64,NA,51.531,48.593,48.125,47.656
428621.0,11275,0,4,9.5,90,58,NA,51.437,48.656,47.937,47.656
428729.0,11275,0,4,8.25,90,63,NA,51.625,48.562,47.875,47.562
428839.0,11275,0,4,7.5,90,43,NA,51.5,48.718,48.031,47.625
428946.0,11275,0,4,11.0,100,50,NA,51.468,48.593,47.781,47.593
429056.0,11275,0,4,8.92,81,65,NA,51.312,48.687,47.968,47.625
429164.0,11275,0,4,8.5,66,75,NA,51.25,48.593,47.843,47.593
429272.0,11275,0,4,7.0,75,73,NA,51.062,48.687,47.875,47.656
429382.0,11275,0,4,10.83,75,69,NA,50.875,48.875,47.906,47.656
429490.0,11275,0,4,7.08,77,67,NA,50.875,48.687,47.875,47.718
429599.0,11275,0,4,8.25,72,72,NA,51.093,48.625,48.093,47.625
429707.0,11275,0,4,8.25,80,73,NA,50.843,48.687,47.875,47.656
429825.0,11275,0,4,8.08,81,55,NA,50.937,48.656,47.843,47.718
429932.0,11275,0,4,7.5,90,59,NA,51.187,48.75,48.125,47.656
430049.0,11276,0,4,9.0,83,63,NA,51.375,48.781,48.093,47.625
430155.0,11276,0,4,7.5,90,60,NA,51.375,48.593,47.968,47.625
430272.0,11276,0,4,8.83,90,56,NA,51.343,48.593,47.906,47.625
430389.0,11276,0,4,8.5,78,64,NA,51.25,48.656,47.875,47.656
430496.0,11276,0,4,8.83,70,55,NA,51.375,48.656,48.093,47.656
430613.0,11276,0,4,8.17,81,65,NA,51.218,48.781,48.0,47.75
430728.0,11276,0,4,7.83,45,56,NA,51.312,48.656,48.031,47.625
430837.0,11276,0,4,9.0,90,62,NA,51.281,48.625,47.906,47.531
430944.0,11276,0,4,8.17,81,64,NA,51.343,48.687,47.906,47.625
431053.0,11276,0,4,10.25,90,61,NA,51.562,48.906,47.937,47.593
431160.0,11276,0,4,7.5,81,61,NA,51.281,48.625,47.968,47.562
431271.0,11276,0,4,9.5,88,59,NA,51.437,48.593,48.093,47.531
431379.0,11276,0,4,7.67,83,64,NA,51.343,48.625,48.0,47.687
431488.0,11276,0,4,9.58,90,60,NA,51.562,48.687,47.843,47.562
431596.0,11276,0,4,9.0,90,45,NA,51.343,48.593,47.937,47.625
431707.0,11276,0,4,9.08,100,42,NA,51.718,48.593,47.843,47.531
431815.0,11276,0,4,8.33,100,49,NA,51.281,48.593,47.906,47.562
431925.0,11276,0,4,6.5,69,77,NA,51.312,48.75,47.812,47.656
432033.0,11276,0,4,7.67,75,76,NA,50.906,48.656,47.968,47.656
432142.0,11276,0,4,9.75,72,72,NA,51.093,48.937,48.062,47.656
432250.0,11276,0,4,8.75,80,74,NA,50.812,48.656,47.906,47.687
432358.0,11276,0,4,7.0,75,72,NA,50.906,48.718,48.0,47.656
432466.0,11276,0,4,10.08,81,70,NA,50.75,48.625,47.906,47.562
432574.0,11276,0,4,8.08,70,88,NA,50.75,48.843,48.031,47.843
432683.0,11276,0,4,7.5,90,47,NA,51.281,48.625,47.812,47.593
432791.0,11276,0,4,9.75,90,55,NA,51.187,48.781,47.937,47.687
432900.0,11276,0,4,8.83,90,60,NA,51.156,48.625,47.843,47.531
433008.0,11276,0,4,8.92,83,58,NA,51.25,48.656,47.937,47.625
433116.0,11276,0,4,8.83,90,60,NA,51.406,48.75,47.812,47.562
433226.0,11276,0,4,7.58,83,59,NA,51.25,48.656,47.968,47.625
433335.0,11276,0,4,15.75,90,61,NA,51.218,48.812,47.812,47.531
433443.0,11276,0,4,10.33,90,62,NA,51.281,48.593,47.843,47.593
433550.0,11276,0,4,8.92,80,65,NA,51.312,48.75,48.062,47.593
433661.0,11276,0,4,7.58,91,63,NA,51.187,48.625,47.906,47.531
433768.0,11276,0,4,7.5,81,64,NA,51.25,48.625,48.031,47.5
433879.0,11276,0,4,10.17,90,65,NA,51.25,48.625,47.937,47.625
433986.0,11276,0,4,9.58,81,55,NA,51.343,48.843,47.937,47.562
434097.0,11276,0,4,7.33,88,65,NA,51.156,48.656,47.968,47.625
434205.0,11276,0,4,8.25,83,61,NA,51.406,48.781,48.062,47.5
434315.0,11276,0,4,8.25,91,55,NA,51.218,48.656,47.906,47.593
434422.0,11276,0,4,9.67,91,45,NA,51.343,48.687,48.031,47.656
434533.0,11276,0,4,8.33,100,48,NA,51.187,48.625,47.843,47.625
434641.0,11280,0,4,9.0,100,58,NA,51.343,48.656,48.062,47.531
434751.0,11280,0,4,6.92,66,78,NA,51.062,48.687,47.937,47.656
434859.0,11280,0,4,7.42,72,72,NA,51.093,48.718,48.062,47.625
434968.0,11280,0,4,8.25,72,72,NA,50.906,48.687,47.937,47.593
435075.0,11280,0,4,7.42,80,71,NA,50.906,48.75,48.031,47.75
435184.0,11280,0,4,9.0,81,70,NA,50.812,48.593,47.843,47.625
435292.0,11280,0,4,8.42,75,74,NA,50.718,48.75,47.937,47.843
435400.0,11280,0,4,10.25,81,66,NA,51.093,48.625,47.937,47.687
435508.0,11280,0,4,9.75,90,58,NA,51.093,48.687,47.875,47.625
435616.0,11280,0,4,8.25,90,59,NA,51.375,48.843,48.125,47.531
435724.0,11280,0,4,8.17,81,61,NA,51.218,48.625,47.906,47.593
435833.0,11280,0,4,8.33,91,55,NA,51.406,48.718,48.031,47.593
435940.0,11280,0,4,8.83,90,61,NA,51.406,48.625,47.906,47.625
436050.0,11280,0,4,6.75,81,59,NA,51.25,48.687,48.062,47.531
436157.0,11280,0,4,8.25,90,65,NA,51.187,48.593,47.843,47.625
436268.0,11280,0,4,8.75,81,66,NA,51.375,48.718,48.062,47.718
436376.0,11280,0,4,8.42,84,60,NA,51.218,48.593,47.843,47.593
436486.0,11280,0,4,8.25,90,64,NA,51.531,48.781,48.0,47.5
436594.0,11280,0,4,7.42,81,67,NA,51.125,48.593,47.843,47.593
436706.0,11280,0,4,9.0,90,61,NA,51.281,48.718,48.093,47.5
436813.0,11280,0,4,8.75,88,55,NA,51.281,48.562,47.906,47.531
436922.0,11280,0,4,8.92,83,61,NA,51.312,48.781,47.968,47.562
437030.0,11280,0,4,7.33,88,60,NA,51.437,48.468,47.937,47.562
437139.0,11280,0,4,8.25,90,55,NA,51.187,48.687,47.937,47.718
437247.0,11280,0,4,7.5,90,44,NA,51.218,48.562,47.843,47.562
437357.0,11280,0,4,9.83,100,49,NA,51.343,48.718,48.062,47.625
437464.0,11280,0,4,11.17,91,65,NA,51.375,48.656,47.875,47.656
437573.0,11280,0,4,6.25,66,78,NA,50.906,48.718,48.031,47.687
437680.0,11280,0,4,7.75,75,75,NA,50.781,48.812,47.812,47.656
437790.0,11280,0,4,8.17,81,74,NA,50.875,48.718,47.906,47.687
437898.0,11280,0,4,7.5,72,74,NA,50.968,48.875,48.062,47.687
438007.0,11280,0,4,8.08,80,73,NA,50.875,48.781,47.968,47.593
438114.0,11280,0,4,8.83,70,68,NA,50.812,48.875,48.093,47.687
438224.0,11280,0,4,7.42,80,44,NA,50.812,48.781,47.937,47.625
438331.0,11280,0,4,9.5,90,55,NA,51.187,48.687,47.968,47.656
438439.0,11280,0,4,9.0,90,62,NA,51.093,48.593,47.781,47.593
438548.0,11280,0,4,9.0,90,60,NA,51.281,48.687,48.0,47.75
438655.0,11280,0,4,7.42,80,57,NA,51.437,48.625,47.843,47.625
438765.0,11280,0,4,8.92,50,60,NA,51.312,48.656,47.906,47.656
438871.0,11280,0,4,7.5,81,63,NA,51.25,48.781,48.25,47.562
438980.0,11280,0,4,8.25,90,63,NA,51.312,48.593,47.937,47.656
439088.0,11280,0,4,7.5,81,62,NA,51.437,48.781,48.062,47.562
439196.0,11280,0,4,7.5,90,59,NA,51.531,48.593,47.812,47.625
439304.0,11280,0,4,8.92,83,64,NA,51.281,48.718,47.937,47.593
439412.0,11280,0,4,10.33,90,63,NA,51.156,48.625,47.937,47.562
439522.0,11280,0,4,6.92,83,58,NA,51.406,48.625,47.968,47.687
439628.0,11280,0,4,7.5,90,59,NA,51.562,48.593,47.875,47.531
439735.0,11280,0,4,9.67,83,65,NA,51.281,48.593,47.937,47.625
439843.0,11280,0,4,9.42,90,57,NA,51.218,48.656,48.093,47.531
439950.0,11280,0,4,7.5,90,63,NA,51.25,48.593,47.843,47.593
440059.0,11280,0,4,8.92,90,43,NA,51.25,48.593,47.968,47.656
440166.0,11280,0,4,8.33,100,50,NA,51.437,48.75,47.812,47.593
440273.0,11280,0,4,7.5,90,64,NA,51.25,48.593,47.937,47.593
440380.0,11280,0,4,8.08,72,78,NA,51.093,48.843,47.968,47.656
440489.0,11280,0,4,9.0,75,74,NA,50.906,48.687,47.843,47.562
440597.0,11280,0,4,8.17,70,73,NA,51.031,48.75,48.062,47.75
440705.0,11280,0,4,9.5,80,71,NA,51.093,48.593,47.781,47.593
440813.0,11280,0,4,8.5,76,71,NA,50.937,48.656,47.937,47.718
440920.0,11280,0,4,6.42,77,70,NA,50.843,48.75,48.125,47.656
441029.0,11280,0,4,7.58,75,40,NA,50.75,48.625,47.968,47.656
441136.0,11280,0,4,8.33,100,59,NA,51.218,48.75,48.093,47.531
441247.0,11280,0,4,8.33,50,57,NA,51.25,48.625,47.968,47.531
441354.0,11280,0,4,7.5,81,61,NA,51.312,48.687,48.062,47.531
441464.0,11280,0,4,11.58,90,61,NA,51.25,48.562,47.906,47.625
441571.0,11280,0,4,7.5,90,63,NA,51.437,48.656,47.937,47.718
441680.0,11280,0,4,8.08,81,65,NA,51.25,48.562,47.937,47.656
441788.0,11280,0,4,10.08,88,65,NA,51.343,48.75,47.906,47.718
441896.0,11280,0,4,7.58,83,63,NA,51.625,48.593,47.875,47.593
442003.0,11280,0,4,7.5,90,63,NA,51.218,48.718,47.875,47.687
442110.0,11280,0,4,8.08,81,62,NA,51.5,48.718,48.062,47.562
442220.0,11280,0,4,8.08,88,64,NA,51.375,48.593,47.843,47.656
442326.0,11280,0,4,7.58,83,57,NA,51.312,48.593,48.0,47.656
442435.0,11280,0,4,8.17,90,57,NA,51.281,48.562,47.906,47.531
442542.0,11280,0,4,11.0,90,64,NA,51.343,48.593,47.906,47.593
442648.0,11280,0,4,7.67,83,56,NA,51.562,48.625,48.0,47.531
442757.0,11280,0,4,7.5,90,64,NA,51.343,48.656,47.937,47.562
442863.0,11280,0,4,8.33,100,42,NA,51.375,48.687,47.937,47.656
442973.0,11280,0,4,8.25,90,50,NA,51.437,48.593,47.906,47.531
443079.0,11280,0,4,9.08,92,65,NA,51.187,48.625,47.968,47.687
443188.0,11280,0,4,8.75,63,75,NA,51.093,48.875,48.187,47.656
443296.0,11280,0,4,8.33,80,75,NA,50.906,48.656,47.843,47.687
443402.0,11280,0,4,8.17,72,69,NA,50.875,48.718,48.062,47.718
443510.0,11280,0,4,8.25,81,69,NA,50.843,48.625,47.875,47.593
443617.0,11280,0,4,6.25,66,71,NA,50.875,48.687,47.968,47.718
443726.0,11280,0,4,9.67,83,68,NA,51.031,48.718,48.093,47.593
443836.0,11280,0,4,7.17,77,53,NA,51.0,48.687,47.968,47.625
443942.0,11280,0,4,9.75,90,58,NA,51.5,48.781,48.062,47.531
444051.0,11280,0,4,8.25,81,56,NA,51.187,48.656,47.906,47.593
444157.0,11280,0,4,9.58,90,60,NA,51.437,48.718,48.0,47.75
444264.0,11280,0,4,8.17,90,60,NA,51.468,48.625,48.125,47.625
444372.0,11280,0,4,6.92,83,60,NA,51.375,48.656,47.906,47.687
444480.0,11280,0,4,10.92,90,61,NA,51.406,48.718,48.062,47.531
444589.0,11280,0,4,9.0,83,65,NA,51.312,48.687,48.0,47.593
444696.0,11280,0,4,7.5,90,63,NA,51.343,48.75,47.968,47.718
444806.0,11280,0,4,6.75,81,64,NA,51.312,48.75,47.906,47.625
444912.0,11280,0,4,10.33,88,65,NA,51.312,48.656,47.968,47.656
445020.0,11280,0,4,7.5,54,62,NA,51.531,48.781,47.937,47.718
445128.0,11280,0,4,7.5,90,59,NA,51.125,48.625,47.906,47.75
445238.0,11280,0,4,8.0,80,58,NA,51.281,48.812,47.906,47.656
445345.0,11280,0,4,8.25,90,64,NA,51.25,48.625,47.968,47.687
445452.0,11280,0,4,8.17,90,60,NA,51.187,48.75,48.062,47.718
445561.0,11280,0,4,7.67,83,60,NA,51.062,48.593,47.875,47.687
445669.0,11280,0,4,9.67,100,42,NA,51.25,48.687,47.906,47.718
445779.0,11280,0,4,9.08,100,50,NA,51.156,48.593,47.906,47.656
445886.0,11280,0,4,7.33,80,66,NA,51.062,48.656,47.968,47.687
445994.0,11280,0,4,6.33,58,76,NA,51.125,48.875,47.843,47.718
446105.0,11280,0,4,5.5,57,76,NA,50.843,48.781,48.0,47.781
446213.0,11280,0,4,8.67,70,72,NA,50.781,48.718,47.906,47.843
446321.0,11280,0,4,5.0,50,74,NA,50.718,48.781,47.937,47.75
446431.0,11280,0,4,7.92,77,73,NA,50.937,48.656,47.906,47.687
446539.0,11280,0,4,7.0,75,70,NA,50.875,48.781,48.062,47.843
446647.0,11280,0,4,8.42,45,53,NA,51.031,48.843,48.0,47.625
446757.0,11280,0,4,8.92,90,57,NA,51.062,48.718,47.937,47.781
446865.0,11280,0,4,8.83,90,64,NA,51.312,48.875,48.125,47.625
446972.0,11280,0,4,8.83,90,54,NA,51.25,48.625,47.968,47.718
447081.0,11280,0,4,9.75,100,55,NA,51.281,48.656,48.062,47.656
447189.0,11280,0,4,6.92,83,61,NA,51.125,48.687,47.906,47.781
447298.0,11280,0,4,7.58,91,58,NA,51.343,48.656,48.062,47.843
447406.0,11280,0,4,8.92,71,56,NA,51.062,48.593,47.875,47.843
447514.0,11280,0,4,8.25,90,54,NA,51.093,48.687,47.968,47.875
447624.0,11280,0,4,9.0,66,59,NA,51.406,48.656,47.843,47.687
447731.0,11280,0,4,7.58,91,58,NA,51.312,48.625,47.968,47.812
447839.0,11280,0,4,8.83,90,53,NA,51.281,48.843,48.156,47.687
447947.0,11280,0,4,8.92,90,52,NA,51.281,48.656,47.968,47.781
448054.0,11280,0,4,9.67,90,57,NA,51.406,48.781,48.062,47.75
448164.0,11280,0,4,8.25,90,53,NA,51.468,48.593,47.937,47.781
448271.0,11280,0,4,7.5,90,62,NA,51.375,48.687,48.031,47.812
448379.0,11280,0,4,9.75,100,42,NA,51.25,48.593,47.937,47.781
448485.0,11280,0,4,8.33,100,51,NA,51.25,48.593,47.875,47.75
448592.0,11280,0,4,6.0,54,82,NA,51.125,48.75,47.937,47.781
448703.0,11280,0,4,7.58,75,73,NA,50.718,48.687,47.937,47.75
448810.0,11280,0,4,7.33,70,72,NA,50.812,48.75,48.0,47.812
448920.0,11280,0,4,6.25,53,73,NA,50.781,48.718,47.968,47.781
449028.0,11280,0,4,5.5,66,73,NA,50.906,48.812,48.0,47.937
449135.0,11280,0,4,8.17,80,73,NA,51.062,48.781,47.906,47.75
449245.0,11280,0,4,8.83,75,48,NA,51.0,48.781,47.937,47.875
449351.0,11280,0,4,8.92,90,55,NA,51.812,49.0,47.906,47.75
449459.0,11280,0,4,10.5,100,56,NA,51.75,48.718,47.937,47.718
449569.0,11280,0,4,8.08,81,55,NA,51.937,48.968,48.125,47.625
449678.0,11280,0,4,11.33,100,50,NA,51.906,48.656,48.0,47.625
449787.0,11280,0,4,8.25,90,57,NA,52.218,48.593,48.125,47.593
449895.0,11280,0,4,7.5,81,52,NA,51.781,48.625,47.906,47.781
450004.0,11280,0,4,8.67,88,58,NA,51.937,48.812,48.031,47.593
450110.0,11280,0,4,8.17,90,56,NA,51.531,48.625,47.875,47.75
450218.0,11280,0,4,9.0,90,60,NA,51.343,48.687,48.031,47.781
450328.0,11280,0,4,7.67,92,60,NA,51.687,48.593,47.937,47.656
450435.0,11280,0,4,8.92,88,58,NA,51.375,48.656,48.0,47.75
450545.0,11280,0,4,10.92,90,52,NA,51.343,48.656,47.968,47.687
450652.0,11280,0,4,8.42,91,62,NA,51.406,48.687,47.937,47.656
450758.0,11280,0,4,8.83,90,55,NA,51.593,48.812,48.093,47.75
450867.0,11280,0,4,8.25,90,54,NA,51.718,48.625,47.937,47.656
450973.0,11280,0,4,8.33,100,46,NA,51.593,48.687,48.031,47.656
451081.0,11280,0,4,9.08,100,47,NA,51.5,48.843,47.843,47.625
451188.0,11280,0,4,9.0,91,55,NA,51.343,48.625,47.968,47.718
451295.0,11280,0,4,7.92,70,80,NA,51.125,48.781,48.062,47.812
451403.0,11280,0,4,7.0,75,71,NA,51.0,48.625,47.906,47.687
451512.0,11280,0,4,8.75,72,71,NA,51.0,48.781,47.937,47.781
451621.0,11280,0,4,9.67,81,68,NA,50.875,48.656,47.937,47.687
451730.0,11280,0,4,7.0,75,72,NA,50.937,48.781,48.031,47.781
451837.0,11280,0,4,8.0,80,76,NA,51.187,48.843,47.906,47.75
451946.0,11280,0,4,8.42,30,76,NA,50.75,48.75,48.0,47.625
452054.0,11280,0,4,9.0,91,59,NA,50.687,48.843,48.156,47.531
452163.0,11280,0,4,8.75,88,58,NA,50.906,48.718,47.843,47.625
452271.0,11280,0,4,7.75,84,66,NA,51.093,48.75,48.125,47.687
452379.0,11280,0,4,8.75,88,60,NA,51.187,48.593,47.937,47.625
452487.0,11280,0,4,9.75,90,57,NA,51.0,48.718,48.062,47.593
452596.0,11280,0,4,9.67,81,62,NA,50.968,48.687,47.875,47.656
452705.0,11280,0,4,8.25,90,65,NA,51.093,48.75,48.062,47.468
452814.0,11280,0,4,8.92,91,64,NA,50.968,48.531,47.968,47.593
452923.0,11280,0,4,8.83,81,61,NA,50.968,48.812,48.093,47.75
453030.0,11280,0,4,8.92,90,62,NA,50.937,48.593,47.968,47.562
453141.0,11280,0,4,9.58,81,63,NA,51.062,48.687,48.062,47.625
453251.0,11280,0,4,8.67,88,64,NA,50.937,48.593,47.906,47.625
453359.0,11280,0,4,8.17,81,60,NA,51.156,48.75,47.968,47.687
453470.0,11280,0,4,9.58,81,54,NA,51.0,48.656,47.906,47.562
453579.0,11280,0,4,9.0,90,58,NA,50.906,48.781,48.031,47.531
453691.0,11280,0,4,7.5,81,57,NA,50.968,48.625,47.968,47.625
453799.0,11280,0,4,8.58,75,44,NA,50.968,48.781,47.906,47.5
453910.0,11280,0,4,10.42,100,50,NA,51.093,48.718,48.031,47.562
454017.0,11280,0,4,9.75,90,67,NA,51.218,48.75,47.937,47.531
454127.0,11280,0,4,8.58,70,78,NA,50.812,48.718,48.0,47.687
454233.0,11280,0,4,7.67,66,71,NA,50.718,48.843,48.156,47.562
454342.0,11280,0,4,7.42,72,70,NA,50.656,48.687,47.906,47.687
454450.0,11280,0,4,6.67,80,68,NA,50.781,48.75,48.062,47.531
454561.0,11280,0,4,7.5,72,71,NA,50.593,48.781,47.937,47.75
454670.0,11280,0,4,8.5,77,73,NA,51.0,48.875,47.875,47.656
454780.0,11280,0,4,8.25,80,44,NA,50.687,48.812,47.968,47.718
454887.0,11280,0,4,8.25,63,59,NA,50.875,48.812,48.031,47.593
454997.0,11280,0,4,7.58,72,62,NA,50.812,48.593,47.968,47.687
455104.0,11284,0,4,7.5,90,55,NA,51.0,48.781,48.125,47.562
455214.0,11284,0,4,9.42,81,56,NA,50.937,48.593,47.968,47.625
455321.0,11284,0,4,9.0,90,59,NA,50.937,48.718,47.968,47.625
455432.0,11284,0,4,8.08,80,63,NA,50.875,48.625,48.0,47.656
455539.0,11284,0,4,9.67,90,64,NA,51.0,48.656,48.062,47.656
455647.0,11284,0,4,8.08,80,65,NA,51.062,48.593,47.875,47.562
455756.0,11284,0,4,7.33,88,61,NA,50.937,48.625,47.937,47.656
455865.0,11284,0,4,8.42,83,64,NA,50.968,48.625,47.875,47.593
455973.0,11284,0,4,8.17,90,64,NA,51.0,48.625,48.062,47.656
456080.0,11284,0,4,9.0,80,55,NA,51.0,48.625,48.093,47.593
456188.0,11284,0,4,9.5,90,60,NA,50.906,48.687,47.906,47.562
456295.0,11284,0,4,8.25,90,64,NA,50.812,48.718,48.0,47.718
456404.0,11284,0,4,7.42,81,54,NA,50.875,48.593,47.906,47.531
456512.0,11284,0,4,8.25,90,62,NA,51.0,48.656,48.031,47.625
456621.0,11284,0,4,8.33,90,42,NA,51.0,48.593,47.875,47.5
456728.0,11284,0,4,10.33,100,50,NA,50.937,48.593,47.937,47.531
456838.0,11284,0,4,10.17,90,67,NA,51.187,48.593,47.843,47.562
456945.0,11284,0,4,5.75,60,78,NA,50.687,48.781,47.937,47.593
457055.0,11284,0,4,7.25,77,74,NA,50.843,48.625,47.843,47.687
457163.0,11284,0,4,7.42,72,68,NA,50.687,48.625,47.968,47.687
457272.0,11284,0,4,7.33,70,74,NA,50.906,48.906,48.062,47.562
457380.0,11284,0,4,7.42,80,74,NA,50.562,48.718,47.937,47.687
457488.0,11284,0,4,8.92,80,70,NA,50.625,48.906,47.968,47.75
457595.0,11284,0,4,8.83,81,44,NA,50.625,48.625,47.906,47.593
457705.0,11284,0,4,10.42,90,57,NA,50.937,48.75,48.062,47.718
457812.0,11284,0,4,8.08,81,60,NA,51.125,48.656,47.875,47.656
457922.0,11284,0,4,7.5,90,62,NA,50.937,48.593,48.0,47.656
458028.0,11284,0,4,8.92,90,60,NA,50.875,48.656,48.093,47.625
458137.0,11284,0,4,8.25,81,63,NA,50.843,48.625,47.906,47.625
458244.0,11284,0,4,8.92,90,61,NA,51.062,48.687,47.968,47.593
458351.0,11284,0,4,7.67,83,64,NA,51.125,48.625,47.875,47.437
458461.0,11284,0,4,8.83,90,65,NA,50.968,48.812,48.0,47.656
458568.0,11284,0,4,7.5,81,64,NA,50.875,48.593,47.906,47.562
458677.0,11284,0,4,8.25,81,64,NA,51.312,48.656,47.937,47.625
458784.0,11284,0,4,9.83,90,63,NA,52.0,48.656,47.906,47.562
458892.0,11284,0,4,9.0,83,56,NA,51.843,48.562,47.843,47.656
458999.0,11284,0,4,7.33,88,59,NA,51.843,48.593,48.062,47.531
459108.0,11284,0,4,8.83,90,64,NA,51.312,48.593,47.906,47.531
459215.0,11284,0,4,9.08,83,55,NA,51.468,48.718,48.0,47.75
459324.0,11284,0,4,7.5,90,63,NA,51.531,48.625,47.812,47.593
459435.0,11284,0,4,10.5,100,43,NA,51.406,48.687,48.031,47.531
459541.0,11284,0,4,9.08,100,48,NA,51.187,48.593,47.875,47.531
459653.0,11284,0,4,8.75,81,70,NA,51.375,48.656,48.062,47.656
459760.0,11284,0,4,7.58,75,74,NA,51.0,48.593,47.937,47.687
459870.0,11284,0,4,8.08,72,72,NA,51.125,48.75,48.062,47.718
459979.0,11284,0,4,8.58,75,67,NA,51.125,48.656,47.812,47.562
460089.0,11284,0,4,8.75,81,70,NA,51.0,48.843,47.968,47.718
460196.0,11284,0,4,10.0,75,71,NA,50.906,48.718,47.906,47.656
460306.0,11284,0,4,8.58,77,75,NA,50.937,48.75,48.0,47.718
460412.0,11284,0,4,8.83,72,50,NA,51.218,48.656,47.875,47.656
460520.0,11284,0,4,7.5,50,57,NA,51.25,48.625,47.968,47.625
460628.0,11284,0,4,10.67,81,61,NA,51.343,48.875,48.093,47.593
460736.0,11284,0,4,8.92,90,62,NA,51.281,48.656,47.906,47.656
460845.0,11284,0,4,8.83,90,60,NA,51.468,48.718,48.031,47.625
460951.0,11284,0,4,7.5,81,62,NA,51.562,48.625,47.906,47.625
461062.0,11284,0,4,10.92,90,63,NA,51.437,48.656,48.062,47.718
461170.0,11284,0,4,6.75,81,66,NA,51.312,48.625,47.937,47.625
461280.0,11284,0,4,8.08,88,60,NA,51.406,48.687,47.968,47.718
461387.0,11284,0,4,7.5,81,64,NA,51.406,48.656,47.906,47.593
461494.0,11284,0,4,9.08,90,63,NA,51.312,48.687,48.0,47.718
461603.0,11285,0,4,8.25,81,65,NA,51.562,48.781,48.156,47.625
461711.0,11285,0,4,9.58,90,59,NA,51.25,48.625,48.0,47.593
461820.0,11285,0,4,8.25,90,59,NA,51.468,48.718,47.906,47.625
461928.0,11285,0,4,7.42,81,61,NA,51.25,48.656,47.906,47.625
462037.0,11285,0,4,8.92,90,61,NA,51.625,48.718,48.093,47.625
462144.0,11285,0,4,7.33,80,63,NA,51.593,48.593,47.906,47.593
462252.0,11285,0,4,10.42,100,43,NA,51.531,48.687,48.0,47.656
462359.0,11285,0,4,9.67,100,50,NA,51.375,48.75,47.875,47.562
462466.0,11285,0,4,8.25,81,79,NA,51.187,48.562,47.937,47.656
462574.0,11285,0,4,9.83,75,74,NA,51.218,48.781,48.031,47.625
462682.0,11285,0,4,8.33,75,73,NA,51.156,48.625,47.875,47.687
462790.0,11285,0,4,9.5,77,69,NA,50.937,48.75,48.0,47.687
462897.0,11285,0,4,7.58,72,74,NA,50.906,48.875,47.906,47.625
463005.0,11284,0,4,7.92,77,74,NA,50.812,48.75,48.0,47.625
463113.0,11284,0,4,6.33,76,69,NA,51.125,48.843,48.093,47.625
463222.0,11284,0,4,9.0,90,55,NA,50.812,48.656,47.906,47.593
463330.0,11284,0,4,10.17,90,60,NA,51.281,48.75,48.062,47.531
463438.0,11284,0,4,8.25,81,60,NA,51.281,48.656,47.906,47.625
463546.0,11284,0,4,7.33,88,60,NA,51.281,48.75,48.0,47.687
463655.0,11284,0,4,7.75,84,60,NA,51.593,48.562,47.906,47.593
463763.0,11284,0,4,9.0,90,65,NA,51.343,48.625,47.906,47.718
463873.0,11284,0,4,10.17,90,57,NA,51.375,48.593,47.906,47.625
463981.0,11284,0,4,8.17,80,63,NA,51.281,48.656,48.0,47.656
464089.0,11284,0,4,8.42,84,60,NA,51.5,48.625,47.937,47.593
464197.0,11284,0,4,7.5,90,65,NA,51.25,48.656,47.937,47.718
464307.0,11284,0,4,9.58,91,62,NA,51.187,48.75,47.875,47.593
464413.0,11284,0,4,6.67,80,65,NA,51.25,48.562,47.875,47.656
464523.0,11284,0,4,11.08,90,61,NA,51.5,48.781,48.093,47.625
464630.0,11284,0,4,7.5,81,55,NA,51.406,48.656,47.906,47.562
464738.0,11284,0,4,8.92,90,62,NA,51.343,48.656,48.062,47.75
464846.0,11284,0,4,9.17,83,61,NA,51.281,48.531,47.937,47.531
464953.0,11284,0,4,8.33,50,63,NA,51.562,48.625,47.843,47.593
465062.0,11284,0,4,9.0,100,43,NA,52.062,48.718,48.156,47.562
465169.0,11284,0,4,9.83,100,48,NA,51.843,48.593,47.875,47.625
465278.0,11284,0,4,9.08,83,83,NA,51.75,48.781,48.062,47.687
465385.0,11286,0,4,7.33,30,70,NA,50.75,48.687,47.781,47.656
465495.0,11286,0,4,6.92,45,71,NA,50.875,48.812,48.031,47.687
465603.0,11286,0,4,7.58,66,71,NA,50.843,48.656,47.906,47.687
465711.0,11286,0,4,8.83,80,74,NA,50.843,48.75,48.0,47.656
465820.0,11286,0,4,8.92,83,74,NA,51.062,48.687,47.906,47.625
465927.0,11286,0,4,7.0,75,68,NA,50.906,48.687,47.968,47.718
466035.0,11286,0,4,6.75,81,53,NA,51.031,48.812,47.875,47.625
466143.0,11286,0,4,10.17,88,59,NA,51.281,48.656,47.937,47.656
466251.0,11286,0,4,9.0,90,62,NA,51.562,48.656,48.125,47.593
466359.0,11286,0,4,8.75,80,61,NA,51.687,48.593,47.906,47.562
466468.0,11286,0,4,8.08,88,54,NA,51.375,48.75,48.062,47.812
466578.0,11286,0,4,8.25,90,64,NA,51.312,48.593,47.937,47.625
466686.0,11286,0,4,8.17,81,55,NA,51.468,48.687,48.0,47.687
466794.0,11286,0,4,10.83,90,64,NA,51.562,48.625,47.875,47.656
466902.0,11286,0,4,7.42,80,58,NA,51.375,48.593,47.937,47.687
467011.0,11286,0,4,9.5,90,64,NA,51.343,48.843,47.968,47.562
467119.0,11286,0,4,8.25,81,65,NA,51.281,48.687,48.0,47.687
467227.0,11286,0,4,7.5,90,64,NA,51.468,48.75,48.062,47.562
467335.0,11286,0,4,7.75,84,60,NA,51.25,48.625,47.906,47.625
467444.0,11286,0,4,8.83,88,59,NA,51.562,48.781,48.031,47.593
467551.0,11286,0,4,9.75,90,64,NA,51.312,48.656,47.906,47.531
467660.0,11286,0,4,8.17,81,60,NA,51.5,48.656,48.0,47.656
467766.0,11286,0,4,8.25,90,70,NA,51.5,48.625,47.843,47.593
467875.0,11286,0,4,10.33,100,44,NA,51.406,48.625,47.906,47.687
467982.0,11286,0,4,11.33,100,50,NA,51.437,48.781,48.062,47.593
468091.0,11286,0,4,6.67,72,82,NA,51.156,48.625,47.875,47.656
468197.0,11286,0,4,8.5,75,76,NA,50.968,48.687,47.968,47.781
468306.0,11286,0,4,7.67,75,71,NA,51.093,48.656,47.875,47.687
468413.0,11286,0,4,7.75,75,69,NA,50.875,48.718,47.968,47.75
468521.0,11286,0,4,6.75,72,71,NA,51.093,48.812,47.875,47.687
468628.0,11286,0,4,8.92,80,71,NA,50.812,48.718,47.875,47.718
468738.0,11286,0,4,8.75,72,75,NA,51.0,48.875,48.093,47.625
468846.0,11286,0,4,9.5,90,51,NA,51.093,48.718,47.875,47.625
468954.0,11286,0,4,8.25,90,58,NA,51.25,48.75,47.968,47.687
469062.0,11286,0,4,8.25,90,66,NA,51.187,48.593,47.906,47.531
469171.0,11286,0,4,8.25,83,59,NA,51.406,48.687,48.0,47.625
469278.0,11286,0,4,8.83,90,58,NA,51.437,48.593,47.812,47.593
469386.0,11286,0,4,8.08,81,67,NA,51.281,48.656,47.968,47.625
469494.0,11286,0,4,9.0,90,61,NA,51.562,48.843,48.062,47.562
469603.0,11286,0,4,7.58,83,62,NA,51.343,48.593,47.906,47.593
469711.0,11286,0,4,7.58,91,61,NA,51.468,48.812,48.031,47.562
469819.0,11286,0,4,8.75,88,64,NA,51.375,48.687,47.875,47.593
469928.0,11286,0,4,7.5,81,63,NA,51.531,48.718,48.031,47.625
470036.0,11286,0,4,7.42,80,63,NA,51.562,48.625,47.843,47.656
470148.0,11286,0,4,10.08,88,58,NA,51.406,48.718,48.062,47.593
470255.0,11286,0,4,9.67,90,60,NA,51.25,48.593,47.906,47.593
470366.0,11286,0,4,8.83,81,64,NA,51.437,48.812,48.062,47.625
470475.0,11286,0,4,8.25,90,61,NA,51.343,48.593,47.937,47.625
470585.0,11286,0,4,8.92,90,39,NA,51.593,48.812,47.906,47.656
470693.0,11286,0,4,9.08,100,42,NA,51.343,48.625,47.843,47.625
470801.0,11286,0,4,9.83,100,49,NA,51.468,48.687,48.125,47.531
470908.0,11286,0,4,6.0,63,79,NA,51.062,48.593,47.906,47.656
471017.0,11286,0,4,7.17,70,75,NA,51.062,48.812,47.937,47.781
471123.0,11286,0,4,8.25,81,73,NA,51.125,48.937,47.875,47.625
471233.0,11286,0,4,6.75,72,71,NA,50.843,48.718,47.906,47.656
471339.0,11286,0,4,7.17,77,74,NA,51.031,48.812,48.187,47.625
471447.0,11286,0,4,10.5,76,74,NA,50.75,48.718,47.875,47.687
471556.0,11286,0,4,7.42,70,83,NA,51.0,48.687,48.062,47.781
471663.0,11286,0,4,9.75,100,56,NA,51.312,48.625,47.968,47.562
471774.0,11286,0,4,9.08,83,61,NA,51.343,48.781,48.0,47.687
471881.0,11286,0,4,7.5,90,63,NA,51.25,48.562,47.906,47.687
471991.0,11286,0,4,9.08,91,60,NA,51.437,48.687,48.031,47.656
472098.0,11286,0,4,8.67,81,58,NA,51.531,48.593,47.968,47.562
472208.0,11286,0,4,8.08,88,61,NA,51.281,48.625,47.968,47.812
472315.0,11286,0,4,7.67,84,62,NA,51.187,48.593,47.968,47.562
472424.0,11286,0,4,9.67,90,60,NA,51.312,48.656,48.0,47.687
472532.0,11286,0,4,6.67,80,64,NA,51.5,48.843,48.125,47.625
472641.0,11286,0,4,9.67,90,64,NA,51.281,48.687,48.0,47.656
472749.0,11286,0,4,6.67,80,65,NA,51.593,48.812,48.125,47.562
472857.0,11286,0,4,9.42,88,63,NA,51.156,48.687,47.843,47.531
472965.0,11286,0,4,9.75,90,61,NA,51.468,48.687,48.062,47.75
473073.0,11286,0,4,8.17,81,71,NA,51.281,48.593,47.906,47.656
473181.0,11286,0,4,9.0,90,61,NA,51.312,48.656,48.031,47.75
473290.0,11286,0,4,8.25,83,60,NA,51.687,48.531,47.906,47.593
473398.0,11286,0,4,7.58,91,46,NA,51.406,48.687,48.0,47.656
473508.0,11286,0,4,10.42,100,42,NA,51.375,48.625,47.937,47.531
473616.0,11286,0,4,9.08,100,53,NA,51.281,48.625,48.0,47.656
473723.0,11286,0,4,7.58,75,78,NA,51.187,48.812,48.093,47.656
473831.0,11286,0,4,8.33,40,75,NA,51.5,48.718,47.875,47.687
473940.0,11286,0,4,9.33,83,77,NA,50.906,48.781,48.062,47.718
474046.0,11286,0,4,8.08,72,71,NA,50.812,48.687,47.812,47.75
474156.0,11286,0,4,6.67,80,68,NA,50.968,48.812,48.0,47.781
474263.0,11286,0,4,7.0,75,74,NA,51.062,48.687,47.875,47.656
474371.0,11286,0,4,8.92,72,54,NA,50.906,48.718,47.968,47.687
474479.0,11286,0,4,9.08,100,50,NA,51.125,48.968,48.125,47.562
474587.0,11286,0,4,9.67,90,63,NA,51.218,48.625,47.906,47.593
474695.0,11286,0,4,6.92,83,65,NA,51.406,48.718,48.031,47.531
474803.0,11286,0,4,9.75,90,59,NA,51.5,48.593,47.937,47.687
474910.0,11286,0,4,9.17,84,56,NA,51.468,48.625,47.968,47.781
475017.0,11286,0,4,8.33,90,58,NA,51.375,48.781,48.156,47.593
475127.0,11286,0,4,9.5,90,63,NA,51.343,48.75,47.968,47.656
475237.0,11286,0,4,7.58,83,59,NA,51.531,48.625,47.875,47.562
475344.0,11286,0,4,8.67,88,63,NA,51.25,48.656,47.937,47.593
475452.0,11286,0,4,8.42,83,64,NA,51.562,48.812,47.968,47.562
475562.0,11285,0,4,9.67,90,64,NA,51.156,48.625,47.968,47.593
475672.0,11285,0,4,7.58,83,64,NA,51.437,48.625,47.812,47.656
475781.0,11285,0,4,9.0,90,56,NA,51.25,48.593,47.875,47.656
475889.0,11285,0,4,7.58,83,67,NA,51.531,48.843,48.062,47.593
475998.0,11285,0,4,8.92,88,60,NA,51.281,48.656,48.062,47.625
476109.0,11285,0,4,10.17,90,59,NA,51.343,48.75,47.937,47.531
476217.0,11285,0,4,8.33,91,45,NA,51.343,48.656,47.906,47.625
476325.0,11285,0,4,9.08,100,41,NA,51.531,48.562,48.093,47.5
476435.0,11285,0,4,9.0,90,61,NA,51.218,48.656,48.0,47.656
476543.0,11285,0,4,8.42,70,77,NA,51.375,48.843,48.125,47.562
476650.0,11285,0,4,8.08,70,74,NA,50.937,48.687,47.906,47.593
476759.0,11285,0,4,7.08,76,77,NA,51.093,48.843,48.062,47.718
476867.0,11285,0,4,8.08,80,71,NA,50.812,48.718,47.937,47.656
476975.0,11285,0,4,8.08,72,71,NA,50.906,48.687,48.031,47.718
477083.0,11285,0,4,8.83,81,70,NA,51.187,48.656,47.875,47.687
477191.0,11285,0,4,5.83,70,49,NA,51.0,48.75,48.0,47.687
477298.0,11285,0,4,8.92,91,55,NA,51.125,48.812,48.062,47.531
477407.0,11285,0,4,9.83,90,64,NA,51.343,48.75,47.937,47.656
477514.0,11285,0,4,9.67,90,66,NA,51.25,48.812,47.968,47.531
477626.0,11285,0,4,8.42,84,59,NA,51.343,48.656,48.0,47.656
477734.0,11285,0,4,8.25,90,61,NA,51.312,48.781,48.062,47.531
477844.0,11285,0,4,7.67,83,63,NA,51.312,48.687,48.0,47.687
477951.0,11285,0,4,9.67,90,63,NA,51.5,48.718,48.125,47.531
478062.0,11285,0,4,10.25,90,65,NA,51.312,48.625,48.0,47.656
478169.0,11285,0,4,6.67,80,57,NA,51.406,48.656,48.062,47.531
478278.0,11285,0,4,8.17,90,64,NA,51.218,48.593,47.968,47.625
478386.0,11285,0,4,8.58,80,67,NA,51.531,48.75,48.062,47.781
478493.0,11285,0,4,8.83,80,64,NA,52.062,48.656,47.875,47.625
478601.0,11285,0,4,9.08,90,60,NA,51.406,48.625,48.031,47.718
478709.0,11285,0,4,7.5,90,63,NA,51.562,48.75,47.906,47.687
478818.0,11285,0,4,7.58,83,59,NA,51.343,48.625,47.968,47.656
478925.0,11285,0,4,8.25,90,59,NA,51.437,48.75,48.062,47.562
479036.0,11285,0,4,8.92,90,44,NA,51.343,48.593,48.0,47.625
479143.0,11285,0,4,9.67,100,47,NA,51.562,48.687,48.125,47.562
479252.0,11285,0,4,8.83,90,66,NA,51.312,48.593,47.937,47.656
479360.0,11285,0,4,7.75,66,78,NA,51.125,48.812,48.0,47.656
479470.0,11285,0,4,6.58,70,71,NA,50.937,48.687,47.937,47.718
479578.0,11285,0,4,8.08,60,70,NA,51.0,48.718,48.156,47.718
479687.0,11285,0,4,8.33,75,70,NA,50.843,48.718,48.0,47.687
479793.0,11285,0,4,9.67,81,71,NA,50.906,48.75,48.062,47.687
479902.0,11285,0,4,8.17,72,73,NA,50.75,48.656,47.906,47.625
480008.0,11285,0,4,8.08,70,41,NA,50.843,48.781,47.906,47.656
480115.0,11285,0,4,8.17,90,60,NA,51.375,48.75,48.062,47.468
480223.0,11285,0,4,9.5,88,59,NA,51.593,48.656,47.906,47.562
480330.0,11285,0,4,8.17,90,52,NA,51.406,48.656,47.937,47.656
480440.0,11285,0,4,8.08,81,58,NA,51.218,48.718,47.937,47.625
480546.0,11285,0,4,8.92,90,58,NA,51.187,48.625,47.937,47.593
480653.0,11285,0,4,6.67,80,64,NA,51.562,48.718,48.062,47.625
480762.0,11285,0,4,7.5,90,63,NA,51.562,48.687,47.937,47.625
480868.0,11285,0,4,9.0,91,64,NA,51.468,48.75,47.937,47.625
480977.0,11285,0,4,9.83,83,61,NA,51.312,48.593,47.843,47.593
481082.0,11285,0,4,8.83,88,65,NA,51.343,48.593,47.875,47.625
481189.0,11285,0,4,8.08,80,64,NA,51.25,48.687,48.0,47.781
481298.0,11285,0,4,8.33,91,57,NA,51.625,48.593,47.968,47.625
481406.0,11285,0,4,7.5,81,61,NA,51.375,48.625,48.0,47.781
481514.0,11285,0,4,9.75,90,64,NA,51.343,48.593,47.937,47.562
481621.0,11285,0,4,8.25,90,56,NA,51.281,48.625,47.968,47.687
481732.0,11285,0,4,8.92,81,60,NA,51.562,48.593,47.937,47.593
481849.0,11285,0,4,9.58,100,43,NA,51.718,48.593,47.937,47.593
481956.0,11285,0,4,9.92,100,50,NA,51.5,48.593,47.968,47.593
482064.0,11285,0,4,7.67,83,69,NA,51.343,48.75,48.062,47.562
482171.0,11285,0,4,8.25,72,74,NA,50.968,48.625,47.937,47.718
482281.0,11285,0,4,7.42,72,73,NA,51.125,48.75,48.062,47.593
482388.0,11285,0,4,9.17,75,69,NA,51.25,48.687,47.875,47.718
482496.0,11285,0,4,7.5,81,70,NA,50.906,48.781,47.968,47.687
482603.0,11285,0,4,8.08,70,71,NA,50.968,48.875,47.906,47.625
482709.0,11285,0,4,6.75,81,70,NA,50.875,48.687,47.937,47.656
482817.0,11285,0,4,9.0,81,55,NA,50.937,48.812,48.031,47.75
482924.0,11285,0,4,8.83,88,60,NA,51.687,48.625,47.906,47.625
483035.0,11285,0,4,9.5,90,57,NA,51.343,48.718,48.0,47.75
483143.0,11285,0,4,7.5,81,60,NA,51.25,48.593,47.937,47.625
483254.0,11285,0,4,8.25,90,56,NA,51.5,48.781,48.062,47.593
483360.0,11285,0,4,7.42,80,60,NA,51.562,48.593,47.937,47.625
483471.0,11285,0,4,9.5,90,61,NA,51.343,48.625,48.0,47.562
483578.0,11285,0,4,6.92,83,64,NA,51.25,48.562,47.906,47.531
483687.0,11285,0,4,8.08,88,64,NA,51.25,48.656,47.875,47.625
483794.0,11285,0,4,9.5,90,63,NA,51.406,48.687,48.156,47.593
483901.0,11285,0,4,8.17,81,62,NA,51.375,48.656,47.906,47.625
484009.0,11285,0,4,8.75,81,66,NA,51.343,48.656,48.093,47.718
484116.0,11285,0,4,9.75,90,59,NA,51.406,48.531,47.937,47.656
484225.0,11285,0,4,8.92,90,60,NA,51.437,48.687,48.062,47.75
484332.0,11285,0,4,7.67,83,64,NA,51.5,48.75,48.062,47.531
484439.0,11285,0,4,10.42,90,56,NA,51.312,48.625,47.937,47.593
484547.0,11285,0,4,7.5,81,64,NA,51.312,48.625,48.062,47.531
484655.0,11285,0,4,10.58,100,43,NA,51.406,48.593,47.906,47.562
484764.0,11285,0,4,9.17,100,49,NA,51.562,48.593,48.062,47.75
484871.0,11285,0,4,9.08,83,67,NA,51.375,48.593,47.875,47.593
484980.0,11285,0,4,6.25,66,75,NA,51.125,48.625,47.937,47.718
485086.0,11285,0,4,9.17,70,72,NA,51.062,48.718,48.062,47.562
485193.0,11285,0,4,6.0,72,70,NA,50.781,48.593,47.906,47.718
485300.0,11285,0,4,8.25,80,71,NA,50.812,48.656,47.968,47.687
485407.0,11285,0,4,8.08,55,73,NA,51.062,48.843,47.812,47.656
485515.0,11285,0,4,7.5,72,71,NA,50.781,48.781,47.968,47.687
485623.0,11285,0,4,8.92,81,54,NA,50.937,48.75,48.062,47.531
485733.0,11285,0,4,9.58,88,57,NA,51.031,48.656,47.875,47.656
485839.0,11287,0,4,8.25,90,54,NA,51.343,48.656,47.937,47.656
485947.0,11286,0,4,8.83,88,65,NA,51.406,48.593,47.906,47.625
486053.0,11286,0,4,7.67,83,61,NA,51.25,48.593,47.937,47.625
486160.0,11286,0,4,8.92,90,61,NA,51.25,48.718,48.062,47.718
486267.0,11286,0,4,9.67,90,61,NA,51.156,48.562,47.875,47.531
486375.0,11286,0,4,7.58,83,63,NA,51.218,48.656,47.906,47.593
486485.0,11286,0,4,7.5,81,63,NA,51.343,48.593,47.875,47.593
486593.0,11286,0,4,9.67,90,64,NA,51.281,48.687,47.937,47.625
486702.0,11286,0,4,8.92,90,67,NA,51.156,48.625,47.937,47.593
486809.0,11286,0,4,8.25,83,65,NA,51.25,48.656,47.968,47.656
486916.0,11286,0,4,10.17,90,59,NA,51.5,48.781,48.062,47.687
487024.0,11286,0,4,7.67,83,56,NA,51.437,48.593,47.812,47.562
487131.0,11286,0,4,8.92,90,64,NA,51.281,48.656,48.0,47.625
487241.0,11286,0,4,9.42,81,58,NA,51.125,48.593,47.875,47.625
487349.0,11286,0,4,7.92,87,58,NA,50.875,48.687,47.906,47.562
487458.0,11286,0,4,9.08,100,42,NA,51.062,48.625,47.843,47.656
487567.0,11286,0,4,9.08,100,50,NA,50.968,48.625,48.0,47.593
487675.0,11286,0,4,7.67,83,66,NA,51.218,48.562,47.843,47.562
487784.0,11286,0,4,7.5,72,77,NA,50.781,48.718,47.937,47.656
487891.0,11287,0,4,8.92,72,72,NA,50.906,48.781,47.968,47.656
487999.0,11287,0,4,6.67,72,72,NA,50.718,48.656,47.937,47.687
488106.0,11287,0,4,8.25,80,71,NA,50.718,48.687,47.968,47.687
488215.0,11287,0,4,7.58,75,74,NA,51.0,48.656,47.875,47.656
488323.0,11287,0,4,7.67,83,72,NA,50.687,48.75,47.937,47.718
488432.0,11287,0,4,8.17,80,53,NA,50.843,48.625,47.875,47.656
488539.0,11287,0,4,9.08,72,56,NA,50.718,48.687,47.968,47.656
488650.0,11287,0,4,10.33,90,56,NA,51.125,48.781,47.875,47.5
488757.0,11287,0,4,8.17,81,65,NA,50.968,48.687,47.906,47.593
488868.0,11287,0,4,8.92,90,57,NA,50.906,48.593,47.843,47.562
488976.0,11286,0,4,8.25,83,63,NA,50.812,48.687,48.0,47.625
489086.0,11286,0,4,8.25,90,61,NA,51.125,48.593,47.968,47.531
489194.0,11286,0,4,7.33,88,64,NA,50.937,48.656,48.062,47.468
489303.0,11286,0,4,9.08,83,70,NA,51.25,48.468,47.937,47.656
489411.0,11286,0,4,10.17,90,64,NA,50.937,48.5,48.062,47.625
489521.0,11286,0,4,6.92,83,63,NA,51.093,48.531,47.906,47.562
489629.0,11286,0,4,7.5,81,64,NA,50.906,48.562,47.968,47.625
489739.0,11286,0,4,8.75,88,59,NA,51.156,48.781,47.937,47.593
489847.0,11286,0,4,8.17,90,55,NA,50.968,48.593,47.875,47.531
489955.0,11286,0,4,6.75,81,64,NA,51.0,48.687,48.093,47.531
490063.0,11286,0,4,8.17,88,61,NA,50.937,48.625,47.937,47.625
490172.0,11286,0,4,8.25,90,63,NA,51.031,48.781,48.031,47.625
490280.0,11286,0,4,11.17,100,43,NA,51.187,48.625,47.968,47.625
490388.0,11286,0,4,8.33,91,49,NA,50.937,48.687,47.968,47.656
490498.0,11286,0,4,7.75,77,83,NA,50.843,48.593,47.937,47.687
490605.0,11286,0,4,6.58,70,77,NA,50.968,48.718,48.0,47.687
490713.0,11286,0,4,8.92,72,77,NA,50.843,48.593,47.906,47.625
490821.0,11286,0,4,8.42,50,75,NA,50.625,48.625,48.0,47.656
490929.0,11286,0,4,8.33,54,71,NA,51.062,48.875,47.812,47.593
491037.0,11286,0,4,8.08,72,68,NA,50.625,48.687,47.875,47.593
491145.0,11286,0,4,10.08,50,71,NA,50.812,48.75,48.156,47.718
491253.0,11286,0,4,9.08,81,51,NA,50.843,48.656,47.843,47.593
491362.0,11286,0,4,8.33,91,59,NA,50.781,48.812,47.937,47.625
491470.0,11286,0,4,8.67,88,61,NA,50.75,48.625,47.843,47.5
491578.0,11286,0,4,8.92,83,62,NA,50.843,48.656,48.0,47.593
491685.0,11286,0,4,8.42,91,55,NA,50.906,48.843,48.062,47.468
491793.0,11286,0,4,6.75,81,64,NA,50.812,48.687,47.937,47.625
491902.0,11286,0,4,8.92,90,53,NA,51.062,48.687,48.093,47.5
492010.0,11286,0,4,8.17,81,66,NA,50.812,48.656,47.937,47.468
492120.0,11286,0,4,8.25,90,60,NA,50.937,48.687,48.093,47.593
492228.0,11286,0,4,7.58,83,63,NA,50.781,48.593,47.906,47.562
492338.0,11286,0,4,10.33,90,64,NA,51.031,48.75,47.75,47.593
492446.0,11286,0,4,8.25,81,61,NA,50.843,48.593,47.843,47.625
492556.0,11286,0,4,7.33,88,55,NA,50.843,48.875,48.0,47.437
492664.0,11286,0,4,9.0,90,61,NA,50.875,48.593,47.843,47.531
492774.0,11286,0,4,7.5,81,63,NA,51.0,48.812,48.093,47.531
492882.0,11286,0,4,8.17,90,60,NA,50.843,48.625,47.937,47.625
492991.0,11286,0,4,8.25,90,60,NA,51.093,48.687,48.093,47.531
493098.0,11286,0,4,9.75,100,43,NA,50.875,48.593,47.843,47.593
493207.0,11286,0,4,9.08,100,49,NA,50.843,48.625,47.937,47.656
493314.0,11286,0,4,5.5,66,81,NA,50.937,48.593,47.843,47.562
493424.0,11286,0,4,8.83,72,75,NA,50.656,48.718,47.968,47.718
493531.0,11286,0,4,8.33,75,72,NA,50.875,48.906,48.062,47.593
493641.0,11286,0,4,6.58,70,69,NA,50.687,48.656,47.906,47.531
493749.0,11286,0,4,8.17,72,73,NA,50.781,48.875,48.093,47.562
493859.0,11286,0,4,7.0,75,74,NA,50.625,48.625,48.031,47.687
493969.0,11286,0,4,6.58,70,71,NA,50.843,48.625,47.906,47.687
494078.0,11286,0,4,9.83,100,53,NA,50.656,48.718,48.031,47.687
494184.0,11286,0,4,7.67,83,61,NA,50.843,48.812,48.062,47.5
494294.0,11286,0,4,8.92,90,62,NA,50.812,48.656,47.968,47.687
494404.0,11286,0,4,9.0,90,60,NA,51.031,48.781,47.843,47.531
494512.0,11286,0,4,8.33,84,60,NA,50.906,48.593,47.937,47.593
494620.0,11286,0,4,9.5,90,66,NA,51.187,48.718,48.125,47.562
494728.0,11286,0,4,8.75,80,64,NA,50.843,48.656,47.937,47.562
494837.0,11286,0,4,8.17,90,61,NA,50.968,48.75,48.031,47.562
494945.0,11286,0,4,7.0,84,64,NA,50.906,48.625,47.875,47.468
495053.0,11286,0,4,8.67,88,63,NA,50.937,48.75,48.062,47.593
495162.0,11286,0,4,9.17,84,65,NA,51.187,48.687,47.906,47.562
495272.0,11286,0,4,7.5,90,65,NA,51.031,48.718,48.0,47.718
495381.0,11286,0,4,9.0,90,56,NA,50.968,48.593,47.906,47.593
495491.0,11286,0,4,9.08,84,66,NA,51.093,48.718,48.031,47.718
495600.0,11286,0,4,8.83,90,65,NA,50.968,48.593,47.937,47.531
495716.0,11286,0,4,8.17,83,55,NA,51.0,48.687,47.875,47.593
495825.0,11286,0,4,8.83,90,45,NA,50.968,48.718,47.968,47.625
495933.0,11286,0,4,9.75,100,50,NA,50.906,48.562,47.875,47.531
496042.0,11286,0,4,10.5,100,57,NA,51.093,48.718,48.031,47.625
496150.0,11286,0,4,6.83,55,79,NA,50.968,48.718,47.906,47.625
496261.0,11286,0,4,7.92,70,75,NA,51.093,48.875,48.031,47.718
496369.0,11286,0,4,6.0,72,77,NA,51.031,48.625,47.906,47.656
496480.0,11286,0,4,10.08,81,68,NA,50.656,48.843,48.125,47.625
496598.0,11286,0,4,8.83,75,71,NA,50.812,48.593,47.812,47.656
496709.0,11286,0,4,6.67,72,71,NA,50.781,48.718,47.937,47.718
496817.0,11286,0,4,7.17,77,40,NA,50.812,48.625,47.906,47.593
496927.0,11286,0,4,9.58,90,55,NA,50.718,48.656,47.906,47.687
497034.0,11286,0,4,9.0,90,59,NA,50.812,48.593,47.843,47.562
497145.0,11286,0,4,7.83,85,60,NA,51.0,48.781,47.937,47.656
497254.0,11286,0,4,7.5,90,59,NA,50.968,48.593,47.843,47.531
497366.0,11286,0,4,10.25,90,61,NA,51.156,48.812,48.062,47.593
497474.0,11286,0,4,6.67,80,65,NA,51.0,48.625,47.843,47.562
497585.0,11286,0,4,9.67,90,65,NA,51.25,48.812,47.875,47.5
497694.0,11286,0,4,8.42,83,64,NA,50.875,48.625,47.906,47.625
497803.0,11286,0,4,8.92,90,64,NA,51.031,48.75,48.093,47.593
497913.0,11286,0,4,7.42,80,65,NA,50.875,48.593,47.875,47.593
498021.0,11286,0,4,10.75,90,65,NA,51.187,48.812,48.093,47.593
498131.0,11286,0,4,8.33,83,58,NA,50.937,48.656,47.968,47.687
498239.0,11286,0,4,9.75,91,57,NA,51.062,48.781,48.093,47.531
498349.0,11286,0,4,7.5,81,61,NA,50.906,48.656,48.0,47.625
498456.0,11286,0,4,9.0,90,61,NA,51.031,48.687,48.125,47.5
498566.0,11286,0,4,8.17,90,62,NA,50.937,48.593,47.906,47.625
498675.0,11286,0,4,9.75,100,42,NA,51.281,48.718,47.875,47.5
498785.0,11286,0,4,9.0,90,49,NA,50.968,48.593,47.875,47.5
498893.0,11286,0,4,9.17,77,76,NA,50.968,48.781,48.031,47.593
499003.0,11286,0,4,5.83,70,74,NA,50.781,48.656,48.0,47.687
499112.0,11286,0,4,7.58,75,72,NA,50.937,48.812,47.906,47.625
499222.0,11286,0,4,9.67,83,67,NA,50.718,48.656,47.968,47.687
499331.0,11286,0,4,8.42,75,70,NA,50.656,48.687,47.843,47.625
499440.0,11286,0,4,7.5,81,70,NA,50.875,48.781,48.0,47.656
499556.0,11286,0,4,9.83,70,75,NA,50.593,48.718,47.968,47.812
499673.0,11286,0,4,7.58,83,56,NA,50.656,48.718,48.031,47.593
499780.0,11286,0,4,7.5,90,58,NA,51.093,48.875,48.062,47.5
499890.0,11286,0,4,7.5,90,60,NA,50.875,48.656,47.937,47.593
499998.0,11286,0,4,8.92,90,61,NA,51.0,48.656,48.156,47.468
500107.0,11286,0,4,8.33,83,58,NA,50.875,48.656,47.843,47.656
500215.0,11286,0,4,8.25,90,64,NA,51.093,48.75,47.906,47.562
500324.0,11286,0,4,6.92,83,62,NA,50.937,48.593,47.843,47.593
500432.0,11286,0,4,8.92,90,60,NA,50.906,48.781,48.093,47.562
500541.0,11286,0,4,10.17,81,63,NA,50.812,48.593,47.968,47.593
500651.0,11286,0,4,8.67,88,63,NA,51.093,48.843,48.062,47.531
500759.0,11286,0,4,7.67,83,66,NA,50.875,48.593,47.843,47.531
500868.0,11286,0,4,7.5,72,63,NA,51.187,48.781,48.093,47.5
500976.0,11286,0,4,8.92,90,60,NA,50.718,48.625,47.906,47.656
501085.0,11286,0,4,8.25,90,66,NA,50.937,48.781,48.031,47.593
501193.0,11286,0,4,8.33,83,67,NA,50.718,48.625,47.937,47.531
501301.0,11286,0,4,8.83,90,60,NA,50.812,48.687,47.937,47.593
501410.0,11286,0,4,9.67,91,45,NA,51.062,48.5,47.875,47.5
501518.0,11286,0,4,8.33,100,42,NA,50.843,48.718,47.968,47.562
501626.0,11286,0,4,9.08,100,51,NA,50.687,48.593,47.937,47.5
501735.0,11286,0,4,9.08,66,77,NA,50.718,48.718,47.906,47.625
501842.0,11286,0,4,7.0,66,75,NA,50.843,48.843,48.031,47.687
501952.0,11286,0,4,7.58,83,72,NA,50.656,48.687,47.875,47.687
502059.0,11286,0,4,7.5,54,70,NA,50.593,48.75,48.093,47.562
502171.0,11286,0,4,7.5,81,71,NA,50.687,48.781,47.843,47.687
502279.0,11286,0,4,7.5,72,69,NA,50.875,48.781,47.843,47.593
502390.0,11286,0,4,7.5,72,49,NA,50.625,48.781,47.968,47.718
502497.0,11286,0,4,12.42,100,58,NA,50.937,48.843,48.062,47.593
502606.0,11286,0,4,7.58,83,62,NA,50.906,48.781,47.937,47.5
502714.0,11286,0,4,9.5,88,66,NA,50.906,48.718,48.093,47.625
502823.0,11286,0,4,10.25,90,60,NA,50.843,48.656,47.906,47.625
502930.0,11286,0,4,6.75,81,61,NA,51.062,48.75,48.062,47.562
503037.0,11286,0,4,7.5,90,63,NA,51.187,48.593,47.812,47.562
503146.0,11286,0,4,7.67,83,65,NA,51.062,48.75,48.031,47.656
503253.0,11286,0,4,9.58,88,64,NA,50.968,48.562,47.812,47.468
503362.0,11286,0,4,8.42,84,63,NA,50.843,48.625,47.937,47.625
503470.0,11286,0,4,10.25,90,64,NA,51.093,48.843,47.875,47.593
503579.0,11286,0,4,7.67,83,68,NA,50.937,48.593,47.937,47.593
503686.0,11286,0,4,10.25,90,64,NA,51.031,48.687,48.0,47.562
503796.0,11286,0,4,7.5,90,57,NA,50.875,48.625,47.843,47.562
503904.0,11286,0,4,6.75,81,60,NA,51.0,48.687,47.937,47.718
504013.0,11286,0,4,10.33,91,62,NA,50.906,48.593,47.843,47.531
504122.0,11286,0,4,8.25,90,57,NA,50.968,48.593,48.093,47.656
504230.0,11286,0,4,7.58,91,44,NA,50.906,48.625,47.906,47.625
504339.0,11286,0,4,9.83,100,49,NA,51.0,48.656,48.031,47.625
504448.0,11286,0,4,8.83,90,62,NA,50.843,48.593,47.968,47.531
504556.0,11286,0,4,5.58,50,76,NA,50.875,48.687,47.937,47.562
504663.0,11286,0,4,7.42,72,71,NA,51.187,48.593,48.093,47.562
504775.0,11286,0,4,7.08,77,70,NA,50.875,48.687,48.031,47.75
504883.0,11286,0,4,7.42,72,72,NA,50.937,48.656,47.906,47.656
504993.0,11286,0,4,10.25,81,71,NA,51.031,48.75,48.031,47.687
505101.0,11286,0,4,9.42,70,70,NA,51.031,48.625,47.937,47.656
505210.0,11286,0,4,7.58,81,41,NA,50.875,48.75,47.968,47.687
505316.0,11286,0,4,9.0,90,56,NA,51.093,48.812,47.875,47.593
505427.0,11286,0,4,7.5,90,63,NA,51.406,48.718,47.906,47.718
505534.0,11286,0,4,8.25,83,60,NA,51.343,48.75,48.093,47.531
505641.0,11286,0,4,8.17,90,60,NA,51.25,48.625,47.937,47.656
505748.0,11286,0,4,8.75,88,60,NA,51.281,48.625,48.0,47.687
505857.0,11286,0,4,7.58,83,63,NA,51.281,48.593,47.875,47.593
505964.0,11286,0,4,8.25,90,63,NA,51.406,48.625,48.031,47.625
506071.0,11286,0,4,8.33,83,66,NA,51.468,48.781,48.093,47.437
506181.0,11286,0,4,9.08,90,59,NA,51.312,48.656,47.906,47.656
506294.0,11289,0,4,10.33,83,64,NA,51.562,48.656,47.875,47.562
506404.0,11289,0,4,9.0,90,58,NA,51.437,48.718,48.031,47.562
506510.0,11289,0,4,8.92,81,61,NA,51.281,48.625,47.843,47.562
506620.0,11289,0,4,9.5,90,59,NA,51.5,48.625,48.062,47.625
506727.0,11289,0,4,8.92,90,63,NA,51.531,48.593,47.843,47.531
506837.0,11289,0,4,7.5,81,58,NA,51.312,48.75,47.968,47.562
506944.0,11289,0,4,8.67,40,60,NA,51.75,48.75,47.843,47.593
507051.0,11289,0,4,7.58,91,42,NA,51.906,48.593,47.906,47.625
507160.0,11289,0,4,9.83,100,48,NA,51.968,48.687,48.0,47.687
507267.0,11289,0,4,7.5,90,69,NA,51.812,48.593,47.937,47.562
507374.0,11289,0,4,6.17,45,77,NA,51.062,48.656,48.031,47.75
507483.0,11289,0,4,7.42,72,76,NA,50.812,48.843,47.843,47.625
507591.0,11289,0,4,9.25,77,73,NA,50.906,48.656,47.937,47.625
507699.0,11289,0,4,6.25,75,72,NA,51.0,48.718,48.125,47.531
507806.0,11289,0,4,10.92,80,76,NA,50.875,48.593,47.906,47.625
507916.0,11289,0,4,6.75,72,69,NA,50.781,48.781,48.031,47.843
508022.0,11289,0,4,9.58,80,45,NA,50.875,48.687,47.875,47.625
508132.0,11289,0,4,7.5,90,60,NA,51.25,48.781,48.031,47.687
508240.0,11289,0,4,9.0,91,61,NA,51.437,48.718,47.843,47.625
508347.0,11289,0,4,8.75,88,56,NA,51.375,48.562,47.937,47.593
508456.0,11289,0,4,7.5,81,59,NA,51.593,48.656,47.875,47.593
508564.0,11289,0,4,9.58,90,62,NA,51.218,48.656,47.843,47.687
508673.0,11289,0,4,8.08,80,64,NA,51.468,48.781,47.843,47.593
508780.0,11289,0,4,9.58,90,64,NA,51.343,48.593,47.937,47.625
508889.0,11289,0,4,9.42,81,65,NA,51.468,48.75,48.062,47.531
508996.0,11289,0,4,7.5,90,60,NA,51.656,48.593,47.875,47.562
509103.0,11289,0,4,8.25,90,64,NA,51.406,48.656,47.968,47.562
509212.0,11289,0,4,7.5,81,64,NA,51.437,48.562,47.781,47.531
509320.0,11289,0,4,10.25,90,59,NA,51.375,48.593,47.937,47.593
509430.0,11289,0,4,8.42,83,57,NA,51.656,48.781,47.843,47.562
509536.0,11289,0,4,9.58,90,64,NA,51.25,48.562,47.875,47.625
509645.0,11289,0,4,6.75,81,60,NA,51.437,48.718,48.093,47.687
509752.0,11289,0,4,8.92,90,63,NA,51.375,48.562,47.906,47.531
509859.0,11289,0,4,9.08,100,42,NA,51.343,48.593,48.0,47.75
509969.0,11289,0,4,10.42,100,49,NA,51.656,48.531,47.843,47.625
510075.0,11289,0,4,7.67,84,65,NA,51.375,48.593,47.937,47.625
510187.0,11289,0,4,8.5,70,80,NA,51.093,48.593,47.875,47.562
510312.0,11289,0,4,6.75,66,74,NA,51.031,48.781,48.062,47.781
510419.0,11289,0,4,8.25,81,71,NA,51.0,48.625,47.812,47.656
510528.0,11289,0,4,9.08,77,69,NA,50.875,48.718,47.968,47.75
510635.0,11289,0,4,6.92,75,71,NA,51.125,48.625,48.156,47.593
510743.0,11289,0,4,6.67,80,70,NA,50.75,48.718,47.906,47.625
510853.0,11289,0,4,8.92,80,55,NA,51.0,48.781,47.875,47.625
510960.0,11289,0,4,9.92,45,52,NA,50.718,48.593,47.937,47.562
511071.0,11289,0,4,7.5,90,61,NA,51.125,48.781,47.875,47.531
511179.0,11289,0,4,9.58,90,63,NA,50.906,48.625,47.937,47.593
511287.0,11289,0,4,8.92,83,59,NA,50.906,48.687,48.062,47.531
511396.0,11289,0,4,8.25,90,64,NA,50.906,48.625,47.906,47.562
511504.0,11289,0,4,9.75,81,56,NA,51.031,48.75,48.031,47.656
511614.0,11289,0,4,8.25,90,65,NA,50.937,48.593,47.906,47.562
511723.0,11289,0,4,6.75,81,61,NA,50.906,48.625,47.968,47.656
511834.0,11289,0,4,8.92,90,64,NA,50.937,48.656,47.968,47.656
511942.0,11289,0,4,8.08,81,67,NA,51.062,48.718,48.0,47.562
512052.0,11289,0,4,8.25,90,63,NA,50.968,48.593,47.906,47.656
512159.0,11289,0,4,9.08,84,58,NA,51.093,48.687,48.062,47.468
512270.0,11289,0,4,8.83,90,59,NA,50.968,48.687,47.875,47.656
512376.0,11289,0,4,9.75,90,64,NA,50.937,48.718,48.0,47.468
512487.0,11289,0,4,8.17,81,57,NA,50.875,48.656,47.906,47.562
512595.0,11289,0,4,8.83,90,66,NA,51.062,48.718,48.062,47.531
512705.0,11289,0,4,9.0,100,42,NA,50.906,48.593,47.906,47.562
512813.0,11289,0,4,10.42,100,51,NA,50.968,48.75,48.031,47.5
512922.0,11289,0,4,8.42,75,81,NA,50.812,48.593,47.875,47.687
513029.0,11289,0,4,7.33,72,74,NA,50.781,48.656,47.937,47.687
513139.0,11289,0,4,6.75,72,74,NA,50.656,48.718,47.875,47.562
513248.0,11289,0,4,8.17,81,75,NA,50.843,48.781,48.031,47.593
513359.0,11289,0,4,8.58,76,77,NA,50.687,48.625,47.875,47.625
513467.0,11289,0,4,7.42,80,70,NA,50.75,48.687,48.125,47.656
513575.0,11289,0,4,6.17,66,70,NA,50.562,48.656,47.875,47.656
513684.0,11289,0,4,10.5,100,54,NA,50.812,48.718,48.093,47.593
513792.0,11289,0,4,9.58,90,60,NA,51.093,48.593,47.906,47.593
513902.0,11289,0,4,6.75,81,60,NA,50.937,48.718,47.937,47.593
514009.0,11289,0,4,8.67,88,59,NA,50.843,48.656,47.843,47.562
514122.0,11289,0,4,7.5,81,61,NA,51.031,48.718,48.156,47.562
514230.0,11289,0,4,8.75,90,67,NA,50.906,48.625,47.843,47.531
514341.0,11289,0,4,8.08,81,63,NA,51.0,48.593,47.812,47.5
514449.0,11289,0,4,8.92,90,60,NA,50.968,48.625,47.937,47.531
514560.0,11289,0,4,7.5,81,63,NA,50.875,48.562,47.843,47.531
514669.0,11289,0,4,8.33,91,63,NA,51.031,48.625,47.937,47.625
514779.0,11289,0,4,9.5,81,64,NA,50.843,48.593,47.875,47.625
514888.0,11289,0,4,7.5,90,65,NA,51.031,48.593,47.937,47.718
514996.0,11289,0,4,8.92,90,58,NA,51.218,48.625,47.906,47.468
515106.0,11289,0,4,9.58,83,60,NA,51.0,48.656,47.968,47.718
515215.0,11289,0,4,9.58,90,60,NA,50.875,48.531,47.875,47.562
515323.0,11289,0,4,7.67,83,57,NA,50.937,48.656,47.937,47.5
515432.0,11289,0,4,8.17,70,41,NA,51.625,48.5,47.906,47.531
515538.0,11289,0,4,10.58,100,49,NA,51.281,48.593,47.843,47.593
515646.0,11289,0,4,9.67,100,61,NA,51.343,48.718,48.031,47.718
515756.0,11289,0,4,7.83,69,77,NA,51.0,48.687,47.937,47.593
515864.0,11289,0,4,8.25,70,75,NA,51.218,48.656,47.968,47.75
515971.0,11290,0,4,7.42,80,78,NA,51.062,48.625,47.843,47.656
516082.0,11290,0,4,9.58,72,72,NA,50.875,48.718,48.062,47.75
516188.0,11290,0,4,8.75,81,72,NA,50.718,48.75,47.875,47.656
516305.0,11290,0,4,8.33,75,70,NA,50.843,48.687,47.843,47.531
516411.0,11290,0,4,7.67,83,37,NA,50.843,48.687,47.875,47.687
516519.0,11296,0,4,8.33,90,51,NA,51.25,48.687,48.062,47.656
516630.0,11298,0,4,7.5,81,58,NA,51.187,48.593,47.937,47.656
516738.0,11298,0,4,8.08,88,63,NA,51.343,48.687,47.937,47.5
516847.0,11298,0,4,9.5,90,58,NA,51.281,48.593,47.937,47.687
516956.0,11298,0,4,7.67,83,59,NA,51.437,48.687,48.062,47.531
517066.0,11298,0,4,9.67,90,62,NA,51.187,48.562,47.875,47.625
517174.0,11298,0,4,8.25,83,64,NA,51.562,48.75,48.062,47.531
517286.0,11298,0,4,10.25,91,64,NA,51.312,48.656,47.937,47.687
517394.0,11298,0,4,7.5,81,62,NA,51.281,48.562,47.875,47.593
517504.0,11298,0,4,8.25,90,65,NA,51.437,48.718,48.0,47.593
517612.0,11298,0,4,9.5,81,59,NA,51.468,48.625,47.812,47.593
517723.0,11298,0,4,8.83,88,62,NA,51.281,48.593,48.031,47.718
517832.0,11298,0,4,7.42,81,60,NA,51.718,48.593,47.906,47.593
517940.0,11298,0,4,9.33,88,64,NA,51.281,48.625,48.0,47.656
518048.0,11298,0,4,8.25,90,59,NA,51.218,48.593,47.906,47.531
518157.0,11298,0,4,7.75,83,59,NA,51.281,48.625,47.937,47.687
518265.0,11298,0,4,9.67,100,41,NA,51.593,48.781,47.843,47.562
518373.0,11298,0,4,9.08,100,49,NA,51.375,48.625,47.937,47.593
518481.0,11298,0,4,7.42,80,66,NA,51.25,48.781,48.125,47.656
518589.0,11298,0,4,7.5,72,76,NA,50.875,48.593,47.843,47.593
518695.0,11298,0,4,7.5,66,72,NA,50.875,48.718,47.968,47.718
518806.0,11298,0,4,8.33,81,71,NA,50.875,48.656,47.875,47.625
518914.0,11298,0,4,6.83,72,74,NA,50.812,48.75,47.937,47.656
519022.0,11298,0,4,8.0,80,75,NA,50.781,48.625,47.843,47.625
519130.0,11298,0,4,7.58,75,67,NA,50.781,48.687,47.843,47.656
519238.0,11298,0,4,7.5,81,44,NA,51.031,48.625,48.125,47.593
519344.0,11298,0,4,9.58,90,56,NA,51.375,48.625,47.843,47.625
519453.0,11298,0,4,9.33,88,63,NA,51.312,48.718,48.031,47.562
519560.0,11298,0,4,7.17,50,62,NA,50.875,48.593,47.843,47.562
519671.0,11298,0,4,10.17,91,60,NA,51.0,48.812,48.0,47.687
519779.0,11298,0,4,8.92,83,62,NA,51.093,48.656,47.781,47.562
519887.0,11298,0,4,7.33,88,63,NA,50.906,48.656,47.843,47.687
519998.0,11298,0,4,8.25,91,65,NA,51.218,48.593,47.906,47.625
520106.0,11298,0,4,8.75,81,68,NA,50.875,48.625,47.906,47.656
520214.0,11298,0,4,7.5,90,63,NA,50.906,48.562,47.781,47.656
520324.0,11298,0,4,9.75,69,64,NA,51.062,48.718,47.906,47.812
520432.0,11298,0,4,8.83,88,63,NA,51.093,48.593,47.75,47.656
520540.0,11298,0,4,7.58,83,60,NA,50.968,48.625,47.906,47.593
520651.0,11298,0,4,7.5,90,55,NA,50.75,48.593,47.875,47.5
520759.0,11298,0,4,9.33,88,65,NA,50.968,48.593,47.968,47.562
520868.0,11298,0,4,8.92,50,60,NA,51.875,48.562,47.906,47.593
520975.0,11298,0,4,7.5,90,64,NA,51.656,48.625,47.906,47.656
521085.0,11298,0,4,9.08,91,42,NA,52.187,48.531,47.843,47.531
521192.0,11298,0,4,9.67,100,50,NA,51.812,48.593,47.906,47.625
521303.0,11298,0,4,8.42,83,65,NA,51.562,48.531,47.843,47.531
521410.0,11298,0,4,8.75,72,73,NA,50.843,48.687,47.875,47.625
521521.0,11298,0,4,7.83,50,72,NA,51.062,48.593,47.843,47.593
521630.0,11298,0,4,7.42,80,70,NA,50.906,48.656,47.906,47.656
521739.0,11298,0,4,8.42,75,69,NA,50.75,48.687,47.875,47.562
521847.0,11298,0,4,7.83,77,70,NA,50.687,48.687,47.937,47.75
521955.0,11298,0,4,9.08,81,70,NA,50.937,48.75,48.093,47.562
522063.0,11298,0,4,8.5,83,50,NA,50.906,48.718,47.906,47.656
522171.0,11298,0,4,8.25,90,58,NA,51.062,48.75,47.968,47.625
522277.0,11298,0,4,8.17,80,58,NA,51.125,48.593,47.812,47.562
522387.0,11298,0,4,8.83,90,63,NA,51.281,48.687,47.875,47.687
522494.0,11298,0,4,8.25,90,59,NA,51.406,48.562,47.937,47.5
522604.0,11298,0,4,8.92,83,61,NA,51.187,48.593,47.75,47.625
522711.0,11298,0,4,8.0,88,61,NA,51.468,48.656,47.843,47.593
522818.0,11298,0,4,8.25,81,63,NA,51.156,48.562,47.812,47.562
522924.0,11298,0,4,11.08,90,67,NA,51.312,48.625,47.937,47.656
523034.0,11298,0,4,7.5,90,64,NA,51.375,48.562,47.843,47.468
523140.0,11298,0,4,7.58,83,65,NA,51.218,48.656,47.875,47.562
523247.0,11298,0,4,7.42,81,65,NA,51.218,48.656,48.0,47.718
523356.0,11298,0,4,8.25,90,58,NA,51.156,48.593,47.812,47.625
523463.0,11298,0,4,8.83,90,57,NA,51.437,48.593,47.937,47.562
523573.0,11298,0,4,7.58,83,60,NA,51.187,48.593,47.906,47.531
523679.0,11298,0,4,8.25,90,60,NA,51.25,48.687,47.875,47.593
523788.0,11298,0,4,8.08,81,62,NA,51.187,48.593,47.843,47.593
523895.0,11298,0,4,11.83,100,43,NA,51.218,48.656,47.875,47.562
524003.0,11298,0,4,10.5,100,48,NA,51.375,48.718,48.062,47.468
524111.0,11298,0,4,7.42,80,77,NA,51.125,48.687,47.875,47.593
524222.0,11298,0,4,7.92,70,73,NA,51.218,48.656,48.062,47.593
524329.0,11298,0,4,8.08,70,72,NA,50.812,48.656,47.812,47.625
524438.0,11298,0,4,9.67,83,70,NA,50.906,48.875,48.031,47.593
524546.0,11298,0,4,7.5,72,73,NA,50.843,48.625,47.843,47.625
524657.0,11298,0,4,6.58,70,73,NA,51.0,48.812,48.062,47.531
524764.0,11298,0,4,7.67,83,69,NA,51.031,48.656,47.843,47.593
524875.0,11298,0,4,8.25,81,50,NA,50.875,48.687,48.125,47.593
524981.0,11298,0,4,8.25,90,61,NA,51.125,48.625,47.875,47.531
525090.0,11298,0,4,9.67,90,63,NA,51.281,48.656,48.0,47.687
525198.0,11298,0,4,9.0,90,61,NA,51.406,48.593,47.843,47.468
525304.0,11298,0,4,7.67,83,54,NA,51.75,48.593,47.875,47.593
525413.0,11298,0,4,7.5,81,63,NA,51.812,48.718,48.062,47.625
525520.0,11298,0,4,7.58,91,55,NA,51.718,48.625,47.968,47.562
525627.0,11298,0,4,10.33,81,65,NA,51.906,48.687,47.875,47.656
525735.0,11298,0,4,8.25,90,60,NA,52.062,48.625,47.781,47.562
525842.0,11298,0,4,7.5,90,64,NA,51.843,48.656,47.875,47.562
525950.0,11298,0,4,9.5,80,63,NA,51.875,48.656,48.031,47.593
526056.0,11298,0,4,8.17,90,63,NA,51.781,48.625,47.906,47.593
526164.0,11298,0,4,8.42,83,56,NA,51.687,48.656,47.906,47.718
526272.0,11298,0,4,10.08,88,61,NA,51.968,48.781,47.843,47.625
526378.0,11298,0,4,8.17,90,60,NA,51.781,48.562,47.906,47.593
526485.0,11298,0,4,7.67,83,57,NA,51.875,48.656,48.0,47.687
526592.0,11298,0,4,8.08,88,64,NA,51.843,48.593,47.812,47.625
526699.0,11298,0,4,10.58,100,43,NA,51.875,48.593,47.937,47.625
526808.0,11300,0,4,8.25,90,50,NA,51.781,48.781,48.062,47.625
526915.0,11300,0,4,7.58,81,76,NA,51.125,48.562,47.812,47.593
527025.0,11300,0,4,7.5,66,73,NA,51.062,48.781,48.031,47.593
527132.0,11300,0,4,9.42,81,73,NA,50.812,48.625,47.781,47.656
527240.0,11300,0,4,8.92,63,72,NA,50.812,48.625,47.968,47.75
527346.0,11300,0,4,9.0,72,75,NA,51.093,48.593,48.125,47.718
527454.0,11300,0,4,8.92,81,68,NA,50.625,48.687,47.843,47.718
527562.0,11300,0,4,8.83,45,69,NA,50.812,48.687,48.0,47.718
527669.0,11300,0,4,7.75,84,56,NA,50.937,48.687,47.843,47.531
527778.0,11300,0,4,8.17,90,60,NA,51.281,48.625,47.968,47.656
527884.0,11300,0,4,8.08,88,60,NA,51.562,48.656,48.062,47.562
527991.0,11300,0,4,9.67,90,60,NA,51.093,48.593,47.937,47.625
528097.0,11300,0,4,7.5,81,59,NA,51.343,48.656,47.937,47.562
528204.0,11300,0,4,9.0,90,64,NA,51.343,48.593,48.062,47.625
528312.0,11300,0,4,6.67,80,59,NA,51.375,48.625,47.968,47.625
528418.0,11300,0,4,9.75,90,63,NA,51.25,48.75,48.0,47.687
528526.0,11300,0,4,9.25,88,67,NA,51.25,48.531,47.843,47.593
528633.0,11300,0,4,7.5,81,62,NA,51.156,48.656,48.0,47.593
528739.0,11300,0,4,8.17,90,65,NA,51.406,48.75,48.062,47.687
528849.0,11300,0,4,7.42,80,66,NA,51.281,48.593,47.937,47.593
528955.0,11300,0,4,8.25,91,58,NA,51.343,48.656,48.0,47.625
529065.0,11300,0,4,8.25,90,58,NA,51.156,48.625,47.843,47.625
529170.0,11300,0,4,7.5,81,63,NA,51.093,48.656,47.937,47.562
529277.0,11300,0,4,10.42,90,59,NA,51.5,48.718,48.031,47.468
529386.0,11300,0,4,11.0,90,62,NA,51.312,48.625,47.812,47.562
529493.0,11300,0,4,8.33,90,44,NA,51.375,48.625,48.0,47.593
529600.0,11300,0,4,8.33,100,49,NA,51.312,48.531,47.781,47.468
529708.0,11300,0,4,6.75,81,70,NA,51.125,48.625,47.937,47.562
529816.0,11300,0,4,8.75,72,79,NA,51.125,48.718,48.031,47.5
529924.0,11300,0,4,7.42,72,74,NA,51.093,48.656,47.843,47.531
530033.0,11300,0,4,8.92,80,74,NA,50.843,48.75,48.0,47.593
530140.0,11300,0,4,8.17,72,74,NA,50.812,48.625,47.875,47.593
530247.0,11300,0,4,7.42,80,70,NA,50.718,48.718,47.906,47.625
530356.0,11300,0,4,7.5,72,71,NA,50.968,48.656,47.812,47.593
530463.0,11300,0,4,10.17,90,47,NA,50.875,48.593,47.906,47.625
530572.0,11300,0,4,9.0,90,59,NA,51.218,48.906,48.062,47.5
530679.0,11300,0,4,8.25,81,61,NA,51.093,48.593,47.812,47.593
530786.0,11300,0,4,8.25,90,61,NA,51.093,48.687,47.968,47.75
530894.0,11300,0,4,8.25,91,54,NA,51.375,48.593,47.906,47.531
531001.0,11300,0,4,7.67,83,60,NA,51.218,48.625,47.875,47.593
531110.0,11300,0,4,10.0,88,58,NA,51.375,48.812,48.093,47.531
531217.0,11300,0,4,7.58,81,64,NA,51.218,48.593,47.875,47.656
531323.0,11300,0,4,8.25,90,65,NA,51.218,48.625,48.0,47.656
531432.0,11300,0,4,8.25,81,61,NA,51.531,48.562,47.781,47.593
531539.0,11300,0,4,9.67,90,64,NA,51.187,48.625,47.875,47.625
531650.0,11300,0,4,7.58,83,65,NA,51.187,48.562,47.843,47.531
531756.0,11300,0,4,8.17,88,57,NA,51.156,48.593,47.875,47.593
531866.0,11300,0,4,10.42,91,60,NA,51.5,48.687,48.062,47.562
531972.0,11300,0,4,7.67,54,63,NA,51.406,48.562,47.906,47.562
532080.0,11300,0,4,7.67,83,56,NA,51.187,48.656,47.968,47.656
532188.0,11300,0,4,9.0,90,62,NA,51.093,48.593,47.937,47.5
532295.0,11300,0,4,9.33,50,42,NA,51.187,48.625,47.812,47.562
532404.0,11300,0,4,9.67,100,49,NA,51.5,48.593,47.812,47.5
532511.0,11300,0,4,7.67,83,70,NA,51.437,48.625,47.875,47.562
532618.0,11300,0,4,8.08,70,77,NA,51.0,48.656,47.968,47.562
532725.0,11300,0,4,7.5,72,73,NA,50.843,48.625,47.843,47.593
532832.0,11300,0,4,7.92,75,70,NA,50.781,48.687,47.906,47.687
532940.0,11300,0,4,10.67,81,70,NA,51.062,48.75,47.968,47.593
533048.0,11300,0,4,6.58,60,73,NA,51.062,48.656,47.906,47.625
533155.0,11300,0,4,8.42,83,73,NA,50.812,48.75,47.937,47.718
533262.0,11300,0,4,8.67,80,54,NA,50.875,48.625,47.875,47.625
533372.0,11300,0,4,8.42,92,60,NA,51.062,48.687,47.875,47.718
533478.0,11300,0,4,8.17,80,54,NA,51.437,48.812,48.062,47.562
533586.0,11300,0,4,9.25,83,59,NA,51.5,48.593,47.937,47.593
533693.0,11300,0,4,8.92,90,61,NA,51.812,48.687,48.0,47.656
533800.0,11300,0,4,8.5,83,61,NA,51.843,48.593,47.812,47.625
533909.0,11300,0,4,8.92,90,61,NA,51.843,48.656,47.937,47.656
534015.0,11300,0,4,7.5,81,64,NA,52.062,48.75,48.0,47.5
534123.0,11300,0,4,8.25,90,64,NA,52.062,48.593,47.875,47.687
534230.0,11300,0,4,8.25,90,64,NA,51.906,48.656,47.968,47.656
534337.0,11300,0,4,7.42,80,64,NA,51.843,48.75,47.75,47.625
534445.0,11300,0,4,8.83,81,64,NA,51.75,48.656,47.968,47.656
534553.0,11300,0,4,7.5,90,59,NA,52.125,48.687,48.031,47.562
534662.0,11300,0,4,10.08,90,57,NA,51.687,48.625,47.875,47.625
534769.0,11300,0,4,7.5,81,64,NA,51.843,48.656,48.0,47.718
534876.0,11300,0,4,9.67,90,60,NA,52.031,48.531,47.875,47.562
534983.0,11300,0,4,7.5,90,63,NA,51.781,48.656,47.875,47.656
535091.0,11300,0,4,8.17,90,42,NA,52.187,48.687,48.062,47.5
535200.0,11300,0,4,10.25,100,50,NA,51.875,48.593,47.937,47.75
535307.0,11300,0,4,9.0,90,69,NA,51.531,48.593,48.031,47.718
535415.0,11300,0,4,9.0,54,74,NA,50.843,48.593,47.875,47.718
535523.0,11300,0,4,7.42,72,75,NA,50.906,48.687,48.0,47.687
535629.0,11300,0,4,8.0,40,70,NA,50.937,48.781,48.062,47.593
535744.0,11300,0,4,7.0,76,72,NA,50.625,48.75,48.0,47.687
535867.0,11300,0,4,9.58,84,74,NA,50.625,48.687,47.875,47.656
535974.0,11300,0,4,6.58,70,68,NA,50.75,48.75,47.937,47.718
536084.0,11300,0,4,8.58,70,49,NA,50.625,48.625,47.812,47.625
536192.0,11300,0,4,9.17,92,54,NA,50.75,48.625,47.906,47.656
536300.0,11300,0,4,8.08,88,63,NA,51.093,48.593,47.812,47.562
536408.0,11300,0,4,7.42,81,62,NA,50.718,48.687,47.843,47.625
536516.0,11300,0,4,9.58,90,60,NA,50.937,48.781,48.062,47.562
536625.0,11300,0,4,9.42,88,63,NA,50.687,48.718,47.843,47.593
536732.0,11300,0,4,8.25,81,59,NA,50.656,48.687,48.0,47.593
536842.0,11300,0,4,9.58,90,65,NA,51.125,48.593,47.875,47.593
536949.0,11300,0,4,7.42,80,55,NA,50.843,48.625,47.968,47.625
537058.0,11300,0,4,8.33,90,65,NA,50.812,48.593,47.843,47.562
537165.0,11300,0,4,7.5,81,62,NA,50.781,48.593,47.968,47.625
537273.0,11300,0,4,8.25,90,64,NA,51.062,48.781,47.875,47.468
537381.0,11300,0,4,9.17,83,56,NA,50.843,48.625,47.875,47.531
537488.0,11300,0,4,9.67,90,60,NA,50.968,48.656,48.062,47.437
537597.0,11300,0,4,9.0,90,62,NA,50.718,48.593,47.843,47.562
537705.0,11300,0,4,7.67,83,56,NA,51.0,48.593,48.0,47.656
537813.0,11300,0,4,8.25,91,60,NA,51.031,48.531,47.843,47.531
537920.0,11300,0,4,8.33,100,42,NA,50.687,48.625,47.906,47.625
538029.0,11300,0,4,9.17,100,50,NA,50.75,48.562,47.843,47.562
538136.0,11300,0,4,8.17,81,82,NA,50.781,48.625,47.937,47.531
538245.0,11300,0,4,8.08,63,72,NA,50.875,48.812,47.718,47.593
538352.0,11300,0,4,8.25,81,70,NA,50.906,48.625,47.843,47.625
538462.0,11300,0,4,7.33,72,67,NA,50.625,48.718,48.062,47.562
538569.0,11300,0,4,8.17,80,70,NA,50.593,48.718,47.843,47.625
538679.0,11300,0,4,8.17,72,70,NA,50.593,48.812,47.906,47.687
538785.0,11300,0,4,7.42,80,74,NA,50.718,48.656,47.875,47.5
538893.0,11300,0,4,8.17,81,55,NA,50.687,48.687,47.875,47.531
539001.0,11300,0,4,11.08,90,55,NA,50.687,48.875,47.906,47.5
539108.0,11300,0,4,8.17,90,57,NA,50.687,48.625,47.875,47.593
539219.0,11300,0,4,8.33,84,66,NA,50.875,48.75,48.062,47.593
539326.0,11300,0,4,8.25,90,60,NA,50.781,48.562,47.937,47.593
539437.0,11300,0,4,7.42,81,62,NA,51.125,48.75,48.062,47.468
539543.0,11300,0,4,9.0,84,58,NA,50.812,48.593,47.906,47.468
539650.0,11300,0,4,9.0,90,63,NA,50.906,48.593,47.937,47.625
539759.0,11300,0,4,8.75,81,63,NA,51.093,48.562,47.843,47.593
539866.0,11300,0,4,7.5,90,64,NA,50.875,48.593,47.906,47.656
539976.0,11300,0,4,7.5,81,67,NA,51.187,48.531,48.093,47.593
540082.0,11300,0,4,8.92,90,62,NA,50.875,48.593,47.937,47.531
540190.0,11300,0,4,7.0,84,58,NA,51.031,48.656,47.937,47.625
540298.0,11300,0,4,9.67,88,57,NA,50.937,48.562,47.937,47.531
540405.0,11300,0,4,6.92,83,58,NA,50.875,48.593,47.875,47.593
540514.0,11300,0,4,8.08,88,58,NA,51.125,48.5,47.875,47.531
540621.0,11300,0,4,8.92,91,64,NA,50.875,48.656,47.875,47.593
540730.0,11300,0,4,9.75,100,42,NA,51.062,48.656,47.812,47.531
540837.0,11300,0,4,11.08,100,49,NA,50.875,48.593,47.812,47.593
540948.0,11300,0,4,7.67,76,77,NA,51.031,48.75,48.062,47.562
541055.0,11300,0,4,7.5,72,75,NA,51.093,48.656,47.812,47.625
541167.0,11300,0,4,7.67,75,73,NA,50.718,48.843,48.031,47.562
541275.0,11300,0,4,7.92,70,73,NA,50.656,48.625,47.812,47.625
541383.0,11300,0,4,9.42,81,73,NA,50.812,48.812,47.968,47.593
541491.0,11300,0,4,6.67,80,74,NA,50.718,48.718,47.843,47.562
541599.0,11300,0,4,6.92,75,69,NA,50.687,48.75,48.031,47.687
541707.0,11300,0,4,10.25,90,56,NA,50.625,48.593,47.781,47.656
541815.0,11300,0,4,9.67,90,61,NA,51.093,48.625,47.937,47.687
541922.0,11300,0,4,6.92,83,64,NA,50.968,48.593,48.093,47.562
542031.0,11300,0,4,9.0,91,60,NA,50.843,48.593,47.875,47.5
542138.0,11300,0,4,9.75,90,58,NA,50.875,48.718,48.062,47.531
542249.0,11300,0,4,9.83,60,63,NA,50.843,48.593,47.937,47.593
542356.0,11300,0,4,8.25,90,56,NA,50.968,48.687,48.031,47.593
542466.0,11300,0,4,8.33,83,62,NA,50.875,48.562,47.812,47.625
542573.0,11300,0,4,8.25,90,56,NA,50.781,48.718,47.906,47.625
542683.0,11300,0,4,8.92,81,63,NA,51.093,48.656,47.906,47.5
542791.0,11300,0,4,9.83,91,64,NA,50.843,48.687,47.968,47.656
542899.0,11300,0,4,6.75,81,59,NA,50.812,48.593,47.875,47.593
543006.0,11300,0,4,9.67,90,60,NA,50.75,48.625,47.906,47.593
543115.0,11300,0,4,7.67,83,60,NA,51.093,48.593,47.843,47.468
543224.0,11300,0,4,9.58,90,64,NA,50.812,48.593,47.906,47.656
543333.0,11300,0,4,9.42,88,57,NA,50.75,48.687,47.843,47.562
543442.0,11300,0,4,8.33,83,37,NA,50.75,48.593,47.906,47.593
543552.0,11300,0,4,9.67,100,41,NA,50.968,48.468,47.906,47.5
543660.0,11300,0,4,9.08,100,50,NA,50.843,48.687,47.906,47.625
543770.0,11300,0,4,6.92,66,80,NA,51.156,48.593,47.781,47.593
543880.0,11300,0,4,9.75,36,78,NA,50.968,48.718,47.875,47.687
543987.0,11300,0,4,8.83,72,74,NA,51.031,48.625,47.75,47.562
544098.0,11300,0,4,9.67,81,75,NA,50.937,48.718,47.968,47.687
544205.0,11300,0,4,7.5,72,68,NA,51.0,48.843,47.843,47.593
544313.0,11300,0,4,8.33,81,68,NA,50.812,48.656,47.906,47.625
544421.0,11300,0,4,7.42,70,90,NA,50.781,48.781,48.031,47.687
544531.0,11300,0,4,9.58,90,46,NA,50.906,48.625,47.937,47.625
544639.0,11300,0,4,8.83,90,59,NA,51.406,48.781,48.062,47.562
544749.0,11300,0,4,9.67,81,65,NA,51.25,48.593,47.875,47.625
544857.0,11300,0,4,9.0,90,59,NA,51.593,48.75,48.062,47.656
544967.0,11300,0,4,7.5,90,60,NA,51.312,48.593,47.937,47.625
545074.0,11300,0,4,8.08,80,63,NA,51.375,48.75,48.031,47.593
545185.0,11300,0,4,8.33,91,64,NA,51.218,48.593,47.937,47.656
545293.0,11300,0,4,8.0,80,62,NA,51.531,48.781,48.031,47.593
545403.0,11300,0,4,8.83,90,65,NA,51.218,48.625,47.843,47.625
545510.0,11300,0,4,8.25,81,64,NA,51.343,48.718,48.062,47.562
545619.0,11300,0,4,8.17,90,64,NA,51.218,48.562,47.906,47.593
545726.0,11300,0,4,6.67,80,65,NA,51.406,48.687,47.968,47.687
545834.0,11300,0,4,8.83,90,54,NA,51.468,48.5,47.781,47.562
545943.0,11300,0,4,8.0,88,64,NA,51.218,48.656,47.906,47.656
546051.0,11300,0,4,9.58,81,63,NA,51.218,48.781,47.781,47.5
546159.0,11300,0,4,8.25,90,57,NA,51.25,48.593,47.875,47.718
546266.0,11300,0,4,8.83,90,44,NA,51.468,48.687,48.093,47.562
546376.0,11300,0,4,10.67,100,48,NA,51.312,48.593,47.875,47.593
546484.0,11300,0,4,9.83,100,55,NA,51.375,48.625,48.031,47.562
546592.0,11300,0,4,5.75,60,78,NA,51.093,48.687,47.781,47.687
546702.0,11300,0,4,8.25,66,73,NA,50.937,48.75,48.031,47.687
546810.0,11300,0,4,8.83,81,72,NA,50.781,48.656,47.812,47.625
546920.0,11300,0,4,8.17,72,70,NA,51.062,48.75,48.062,47.593
547028.0,11300,0,4,7.5,80,70,NA,51.187,48.656,47.843,47.593
547138.0,11300,0,4,8.33,75,74,NA,50.906,48.906,48.062,47.687
547247.0,11301,0,4,10.08,83,38,NA,50.75,48.687,47.937,47.656
547356.0,11301,0,4,7.5,90,58,NA,51.187,48.75,48.062,47.562
547464.0,11301,0,4,10.42,90,58,NA,51.281,48.593,47.843,47.656
547575.0,11301,0,4,8.33,84,63,NA,51.593,48.687,48.093,47.562
547682.0,11301,0,4,10.5,88,61,NA,51.218,48.593,47.843,47.562
547792.0,11301,0,4,7.58,91,63,NA,51.312,48.718,47.968,47.562
547899.0,11301,0,4,7.33,80,64,NA,51.281,48.625,47.906,47.562
548010.0,11301,0,4,10.25,90,63,NA,51.562,48.656,48.062,47.5
548117.0,11301,0,4,8.92,81,63,NA,51.656,48.593,47.875,47.5
548226.0,11301,0,4,8.92,90,56,NA,51.375,48.625,48.031,47.562
548334.0,11301,0,4,8.17,80,66,NA,51.25,48.593,47.781,47.531
548442.0,11301,0,4,6.92,83,66,NA,51.281,48.687,48.0,47.656
548550.0,11301,0,4,8.75,88,62,NA,51.468,48.843,47.812,47.593
548660.0,11301,0,4,8.33,91,60,NA,51.343,48.593,47.906,47.656
548767.0,11301,0,4,8.17,81,65,NA,51.375,48.781,47.812,47.531
548879.0,11301,0,4,8.92,90,61,NA,51.406,48.718,48.0,47.75
548987.0,11301,0,4,9.67,90,59,NA,51.468,48.562,47.875,47.562
549096.0,11301,0,4,8.17,90,43,NA,51.343,48.625,48.0,47.656
549203.0,11301,0,4,12.0,100,50,NA,51.718,48.562,47.75,47.593
549311.0,11301,0,4,8.17,90,68,NA,51.093,48.625,47.937,47.531
549418.0,11301,0,4,6.58,70,78,NA,51.062,48.687,47.968,47.718
549526.0,11301,0,4,9.0,75,74,NA,50.875,48.656,47.781,47.593
549633.0,11301,0,4,7.5,72,71,NA,50.906,48.656,47.906,47.687
549741.0,11301,0,4,9.75,81,72,NA,51.187,48.687,47.781,47.625
549849.0,11301,0,4,7.5,72,73,NA,50.843,48.718,47.875,47.656
549961.0,11301,0,4,9.33,80,69,NA,50.875,48.656,47.843,47.656
550069.0,11301,0,4,8.17,72,47,NA,50.812,48.625,47.968,47.593
550178.0,11301,0,4,10.0,91,53,NA,51.437,48.75,47.875,47.531
550285.0,11301,0,4,11.0,90,62,NA,51.25,48.593,47.906,47.625
550392.0,11301,0,4,10.33,90,59,NA,51.343,48.75,48.062,47.593
550501.0,11301,0,4,6.75,81,57,NA,51.218,48.593,47.906,47.562
550608.0,11301,0,4,7.42,70,61,NA,51.875,48.656,48.0,47.656
550717.0,11301,0,4,10.33,90,62,NA,51.906,48.593,47.875,47.656
550824.0,11301,0,4,8.92,80,64,NA,51.843,48.593,48.0,47.687
550933.0,11301,0,4,8.08,50,63,NA,51.312,48.625,47.875,47.625
551040.0,11301,0,4,7.67,83,62,NA,51.312,48.687,47.906,47.687
551149.0,11301,0,4,9.0,91,65,NA,51.437,48.687,48.0,47.593
551257.0,11301,0,4,9.08,83,65,NA,51.468,48.625,47.843,47.593
551364.0,11301,0,4,8.25,90,55,NA,51.281,48.687,47.937,47.687
551473.0,11301,0,4,10.25,88,60,NA,51.25,48.593,47.875,47.593
551581.0,11301,0,4,6.92,83,65,NA,51.281,48.718,47.937,47.593
551690.0,11301,0,4,8.92,90,57,NA,51.468,48.593,47.937,47.531
551797.0,11301,0,4,9.33,80,63,NA,51.281,48.593,47.937,47.562
551908.0,11301,0,4,10.42,100,41,NA,51.312,48.593,47.843,47.531
552015.0,11301,0,4,9.75,100,50,NA,51.312,48.593,47.937,47.593
552125.0,11301,0,4,8.17,80,67,NA,51.343,48.593,47.906,47.562
552232.0,11301,0,4,6.5,70,76,NA,50.937,48.593,47.937,47.593
552340.0,11301,0,4,7.83,36,71,NA,51.218,48.781,48.093,47.562
552448.0,11301,0,4,7.08,77,69,NA,50.875,48.625,47.937,47.593
552557.0,11301,0,4,10.92,81,70,NA,50.875,48.875,47.968,47.718
552666.0,11301,0,4,8.75,72,70,NA,50.843,48.656,47.906,47.687
552776.0,11301,0,4,9.17,83,74,NA,51.0,48.812,48.062,47.625
552883.0,11301,0,4,7.5,80,49,NA,51.093,48.656,47.937,47.625
552990.0,11301,0,4,11.83,92,51,NA,51.156,48.625,47.906,47.562
553097.0,11301,0,4,7.42,80,59,NA,51.281,48.687,47.875,47.468
553205.0,11301,0,4,9.75,90,61,NA,51.25,48.625,47.937,47.593
553312.0,11301,0,4,9.0,90,60,NA,51.437,48.625,48.062,47.687
553420.0,11301,0,4,6.75,81,63,NA,51.5,48.562,47.843,47.531
553529.0,11301,0,4,7.75,66,62,NA,51.843,48.593,47.968,47.625
553636.0,11301,0,4,7.67,83,65,NA,51.75,48.593,47.812,47.625
553746.0,11301,0,4,8.75,80,62,NA,51.437,48.625,47.937,47.718
553853.0,11301,0,4,9.58,90,61,NA,51.531,48.75,47.906,47.5
553963.0,11301,0,4,7.67,83,63,NA,51.312,48.625,47.968,47.687
554070.0,11301,0,4,8.17,88,63,NA,51.343,48.75,48.062,47.531
554177.0,11301,0,4,7.67,83,60,NA,51.312,48.593,47.843,47.625
554285.0,11301,0,4,14.75,90,55,NA,51.375,48.593,47.937,47.656
554392.0,11301,0,4,9.0,90,66,NA,51.562,48.562,47.843,47.625
554502.0,11301,0,4,7.5,72,59,NA,51.218,48.531,47.937,47.687
554610.0,11301,0,4,9.25,90,59,NA,51.156,48.781,47.843,47.625
554719.0,11301,0,4,8.92,90,44,NA,51.343,48.625,47.875,47.562
554827.0,11301,0,4,10.42,100,50,NA,51.312,48.562,48.093,47.5
554938.0,11301,0,4,6.75,81,70,NA,51.062,48.687,47.968,47.593
555046.0,11301,0,4,5.83,70,74,NA,51.156,48.656,47.781,47.625
555154.0,11301,0,4,8.17,72,71,NA,50.906,48.687,47.937,47.593
555261.0,11301,0,4,8.83,80,72,NA,50.968,48.781,48.0,47.531
555371.0,11302,0,4,11.5,72,71,NA,50.812,48.625,47.906,47.656
555479.0,11302,0,4,6.67,80,73,NA,51.0,48.843,48.062,47.562
555590.0,11302,0,4,8.08,72,74,NA,50.812,48.718,47.875,47.531
555699.0,11302,0,4,8.83,90,55,NA,50.843,48.843,47.812,47.562
555807.0,11302,0,4,7.5,90,61,NA,51.031,48.625,47.75,47.593
555915.0,11302,0,4,8.92,81,61,NA,51.281,48.781,47.968,47.531
556023.0,11302,0,4,7.5,90,64,NA,51.375,48.531,47.812,47.593
556131.0,11302,0,4,8.08,81,57,NA,51.187,48.593,47.906,47.625
556239.0,11302,0,4,8.25,90,66,NA,51.093,48.656,47.812,47.468
556355.0,11302,0,4,7.58,83,57,NA,51.093,48.5,47.812,47.562
556463.0,11302,0,4,7.5,90,64,NA,51.187,48.625,47.906,47.625
556577.0,11302,0,4,9.08,84,60,NA,51.25,48.593,47.812,47.625
556687.0,11302,0,4,9.5,90,65,NA,51.437,48.75,47.75,47.593
556795.0,11302,0,4,9.0,90,63,NA,51.125,48.593,47.781,47.593
556903.0,11302,0,4,8.17,81,59,NA,51.25,48.687,48.0,47.5
557011.0,11302,0,4,9.0,90,60,NA,51.218,48.625,47.812,47.593
557120.0,11302,0,4,6.75,81,57,NA,51.343,48.625,48.0,47.531
557228.0,11302,0,4,8.83,90,63,NA,51.468,48.5,47.875,47.625
557342.0,11302,0,4,10.25,90,58,NA,51.125,48.562,47.812,47.5
557450.0,11302,0,4,7.42,81,51,NA,51.156,48.625,47.906,47.656
557558.0,11300,0,4,9.83,100,41,NA,51.343,48.781,48.0,47.562
557675.0,11300,0,4,10.25,100,51,NA,51.343,48.562,48.093,47.5
557791.0,11300,0,4,6.92,75,77,NA,51.25,48.75,47.843,47.531
557907.0,11300,0,4,8.25,76,72,NA,51.156,48.562,48.062,47.718
558016.0,11300,0,4,7.67,76,71,NA,50.687,48.656,47.875,47.593
558124.0,11300,0,4,7.5,72,69,NA,50.843,48.812,47.968,47.562
558232.0,11300,0,4,8.17,80,73,NA,50.75,48.656,47.843,47.656
558340.0,11300,0,4,7.0,75,73,NA,50.812,48.625,47.906,47.75
558450.0,11300,0,4,8.75,80,62,NA,51.125,48.687,47.781,47.625
558558.0,11300,0,4,9.75,90,49,NA,51.031,48.718,47.937,47.625
558666.0,11300,0,4,8.25,90,63,NA,51.093,48.656,47.906,47.531
558775.0,11300,0,4,9.5,81,63,NA,51.281,48.75,48.0,47.656
558883.0,11300,0,4,10.33,90,56,NA,51.437,48.562,47.875,47.562
558993.0,11300,0,4,9.75,91,61,NA,51.156,48.75,47.875,47.593
559099.0,11300,0,4,7.42,81,58,NA,51.093,48.781,47.812,47.531
559211.0,11300,0,4,8.83,90,66,NA,51.25,48.593,47.968,47.625
559318.0,11300,0,4,7.67,83,64,NA,51.406,48.75,47.781,47.531
559428.0,11300,0,4,8.17,90,60,NA,51.125,48.656,47.906,47.593
559535.0,11300,0,4,8.92,81,62,NA,51.468,48.656,48.031,47.5
559644.0,11300,0,4,8.0,88,66,NA,51.218,48.593,47.937,47.562
559752.0,11300,0,4,8.5,60,61,NA,51.281,48.625,48.0,47.5
559859.0,11300,0,4,7.83,58,59,NA,51.125,48.625,47.875,47.593
559967.0,11300,0,4,8.25,90,60,NA,51.125,48.687,47.968,47.625
560074.0,11300,0,4,8.25,90,56,NA,51.531,48.562,48.0,47.531
560183.0,11300,0,4,8.17,81,60,NA,51.25,48.625,47.875,47.687
560291.0,11300,0,4,10.92,70,42,NA,51.468,48.625,47.781,47.437
560401.0,11300,0,4,8.33,100,49,NA,51.406,48.593,47.843,47.593
560508.0,11300,0,4,8.92,90,62,NA,51.468,48.718,48.031,47.531
560618.0,11300,0,4,6.08,55,80,NA,51.062,48.656,47.906,47.625
560725.0,11300,0,4,9.67,80,73,NA,50.968,48.781,48.031,47.625
560833.0,11300,0,4,6.92,75,72,NA,50.843,48.656,47.875,47.656
560940.0,11300,0,4,8.17,81,74,NA,50.75,48.625,47.906,47.718
561048.0,11300,0,4,8.25,75,76,NA,50.968,48.625,47.812,47.593
561157.0,11300,0,4,7.83,77,71,NA,50.875,48.718,47.843,47.625
561264.0,11300,0,4,7.5,72,39,NA,50.843,48.812,48.062,47.625
561371.0,11300,0,4,7.5,90,57,NA,51.093,48.718,47.843,47.531
561481.0,11300,0,4,9.0,90,58,NA,51.468,48.656,48.062,47.5
561588.0,11300,0,4,10.25,90,60,NA,51.562,48.593,47.781,47.562
561698.0,11300,0,4,9.08,83,61,NA,51.281,48.75,48.0,47.593
561806.0,11300,0,4,7.5,90,62,NA,51.281,48.5,47.875,47.593
561918.0,11300,0,4,9.5,90,66,NA,51.406,48.75,47.906,47.593
562026.0,11300,0,4,6.92,83,64,NA,51.281,48.625,47.906,47.562
562136.0,11300,0,4,8.83,90,64,NA,51.625,48.718,48.062,47.468
562244.0,11300,0,4,9.0,80,58,NA,51.25,48.593,47.812,47.593
562353.0,11300,0,4,10.42,90,63,NA,51.343,48.781,48.062,47.625
562461.0,11300,0,4,6.92,83,65,NA,51.343,48.593,47.812,47.531
562570.0,11300,0,4,8.0,88,60,NA,51.375,48.718,47.968,47.5
562678.0,11300,0,4,6.75,81,55,NA,51.468,48.593,47.843,47.468
562788.0,11300,0,4,8.25,90,62,NA,51.406,48.781,48.0,47.593
562896.0,11300,0,4,8.17,81,60,NA,51.25,48.593,47.875,47.531
563005.0,11300,0,4,11.0,90,65,NA,51.406,48.625,48.0,47.625
563113.0,11300,0,4,9.75,100,43,NA,51.562,48.562,47.812,47.593
563223.0,11300,0,4,9.83,100,49,NA,51.312,48.593,47.968,47.625
563331.0,11300,0,4,8.5,84,66,NA,51.562,48.593,47.812,47.5
563441.0,11300,0,4,6.83,66,78,NA,51.0,48.781,47.968,47.468
563549.0,11300,0,4,6.75,72,76,NA,50.812,48.625,47.781,47.656
563658.0,11300,0,4,10.25,72,72,NA,51.062,48.75,47.937,47.718
563766.0,11300,0,4,8.17,80,69,NA,51.062,48.687,47.875,47.625
563874.0,11300,0,4,8.33,66,69,NA,50.812,48.718,47.968,47.718
563981.0,11301,0,4,7.42,81,67,NA,50.875,48.843,48.031,47.625
564089.0,11301,0,4,8.83,80,54,NA,50.843,48.75,47.875,47.625
564197.0,11301,0,4,9.0,90,59,NA,51.281,48.687,47.968,47.593
564307.0,11301,0,4,10.17,91,58,NA,51.25,48.625,47.906,47.625
564416.0,11301,0,4,6.67,80,60,NA,51.281,48.718,48.062,47.656
564525.0,11301,0,4,9.75,91,56,NA,51.281,48.625,47.812,47.562
564633.0,11301,0,4,9.58,90,60,NA,51.375,48.656,48.031,47.625
564742.0,11301,0,4,7.42,80,62,NA,51.281,48.625,47.843,47.5
564851.0,11301,0,4,9.67,91,65,NA,51.343,48.718,47.968,47.625
564958.0,11301,0,4,8.17,81,63,NA,51.5,48.562,47.875,47.593
565066.0,11301,0,4,9.0,91,63,NA,51.312,48.593,47.937,47.687
565174.0,11301,0,4,8.83,80,66,NA,51.406,48.593,47.906,47.531
565283.0,11301,0,4,7.33,88,63,NA,51.312,48.687,47.906,47.625
565391.0,11301,0,4,9.33,81,54,NA,51.5,48.75,48.125,47.593
565500.0,11301,0,4,8.25,90,60,NA,51.25,48.593,47.906,47.625
565608.0,11301,0,4,8.17,80,64,NA,51.312,48.718,48.093,47.562
565717.0,11301,0,4,8.25,90,55,NA,51.281,48.656,47.843,47.562
565825.0,11301,0,4,8.25,90,61,NA,51.5,48.656,48.062,47.5
565934.0,11301,0,4,9.08,91,44,NA,51.375,48.593,47.937,47.531
566042.0,11301,0,4,9.83,100,50,NA,51.437,48.718,47.906,47.593
566155.0,11301,0,4,9.25,80,65,NA,51.156,48.593,47.843,47.625
566263.0,11301,0,4,7.17,70,71,NA,51.031,48.812,47.843,47.656
566372.0,11301,0,4,8.42,60,68,NA,50.875,48.718,47.843,47.718
566480.0,11301,0,4,7.67,75,70,NA,51.062,48.75,48.0,47.656
566588.0,11301,0,4,8.83,80,71,NA,51.093,48.718,47.875,47.593
566697.0,11301,0,4,9.0,76,73,NA,50.781,48.812,47.968,47.593
566805.0,11301,0,4,7.42,80,74,NA,50.781,48.593,47.843,47.687
566912.0,11301,0,4,8.83,80,48,NA,50.812,48.656,47.906,47.687
567022.0,11301,0,4,9.08,90,56,NA,51.312,48.562,47.937,47.562
567130.0,11301,0,4,9.42,90,59,NA,51.093,48.687,47.906,47.625
567239.0,11301,0,4,7.58,91,61,NA,51.156,48.593,47.781,47.468
567346.0,11301,0,4,7.67,83,60,NA,51.125,48.593,47.937,47.625
567456.0,11301,0,4,7.5,90,65,NA,51.312,48.593,48.031,47.593
567562.0,11301,0,4,7.33,80,58,NA,51.187,48.593,47.906,47.656
567671.0,11301,0,4,7.5,90,64,NA,51.156,48.656,48.0,47.562
567778.0,11301,0,4,11.08,83,55,NA,51.125,48.593,47.875,47.625
567888.0,11301,0,4,8.83,90,64,NA,51.218,48.593,48.125,47.625
567996.0,11301,0,4,7.58,81,65,NA,51.406,48.625,47.812,47.562
568105.0,11301,0,4,8.92,90,64,NA,51.156,48.593,48.0,47.593
568212.0,11301,0,4,10.33,90,60,NA,51.437,48.562,47.812,47.5
568321.0,11301,0,4,6.92,83,58,NA,51.218,48.656,47.875,47.656
568428.0,11301,0,4,8.25,90,65,NA,51.281,48.781,48.0,47.531
568536.0,11301,0,4,8.08,81,57,NA,51.218,48.593,47.718,47.625
568644.0,11301,0,4,7.33,88,64,NA,51.093,48.656,47.937,47.656
568752.0,11301,0,4,11.17,100,43,NA,51.093,48.531,47.937,47.531
568861.0,11301,0,4,10.42,100,49,NA,51.218,48.593,48.0,47.656
568969.0,11301,0,4,7.67,76,80,NA,51.031,48.562,47.875,47.562
569076.0,11301,0,4,9.0,72,75,NA,50.812,48.625,47.906,47.625
569185.0,11301,0,4,8.67,72,73,NA,51.031,48.75,47.781,47.625
569292.0,11301,0,4,7.08,77,72,NA,50.656,48.625,47.875,47.656
569402.0,11301,0,4,8.75,80,71,NA,50.812,48.781,48.062,47.562
569509.0,11301,0,4,6.75,72,75,NA,50.656,48.718,47.812,47.687
569621.0,11301,0,4,8.25,75,69,NA,50.937,48.843,47.812,47.593
569727.0,11301,0,4,10.33,90,56,NA,50.875,48.562,47.843,47.625
569836.0,11301,0,4,9.58,90,60,NA,51.218,48.625,48.062,47.656
569944.0,11300,0,4,9.0,90,65,NA,51.093,48.593,47.843,47.562
570051.0,11300,0,4,6.67,80,60,NA,51.093,48.718,47.843,47.625
570160.0,11300,0,4,8.83,90,61,NA,51.343,48.531,47.781,47.531
570268.0,11300,0,4,8.33,81,64,NA,51.218,48.593,47.906,47.593
570377.0,11300,0,4,8.25,90,55,NA,51.156,48.781,47.781,47.468
570484.0,11300,0,4,8.25,90,64,NA,51.093,48.593,47.906,47.531
570593.0,11300,0,4,8.17,81,54,NA,51.25,48.75,47.968,47.562
570703.0,11300,0,4,8.92,90,62,NA,51.187,48.656,47.875,47.625
570811.0,11300,0,4,7.67,83,64,NA,51.406,48.718,48.125,47.5
570918.0,11300,0,4,9.0,90,59,NA,51.125,48.625,47.812,47.593
571027.0,11300,0,4,8.58,77,58,NA,51.312,48.687,48.0,47.75
571135.0,11300,0,4,7.58,91,58,NA,51.093,48.593,47.812,47.593
571243.0,11300,0,4,8.0,80,65,NA,51.125,48.656,47.906,47.593
571351.0,11300,0,4,9.0,91,57,NA,51.437,48.562,47.75,47.531
571461.0,11300,0,4,8.92,90,35,NA,51.25,48.656,47.843,47.625
571568.0,11300,0,4,10.58,100,44,NA,51.25,48.625,47.781,47.531
571678.0,11300,0,4,10.33,100,50,NA,51.187,48.593,47.968,47.562
571785.0,11300,0,4,5.83,62,78,NA,51.312,48.75,47.937,47.5
571895.0,11300,0,4,9.42,70,73,NA,50.75,48.625,47.875,47.593
572003.0,11300,0,4,6.0,72,71,NA,50.781,48.75,48.093,47.562
572113.0,11300,0,4,11.17,81,73,NA,50.687,48.593,47.875,47.625
572221.0,11300,0,4,6.92,75,73,NA,50.937,48.843,48.062,47.593
572331.0,11300,0,4,8.25,80,69,NA,50.75,48.687,47.843,47.625
572439.0,11300,0,4,8.33,75,86,NA,51.062,48.843,48.093,47.562
572548.0,11300,0,4,9.0,90,56,NA,51.0,48.593,47.968,47.531
572657.0,11300,0,4,8.92,90,64,NA,51.218,48.781,48.093,47.562
572767.0,11300,0,4,8.08,81,72,NA,51.187,48.593,47.875,47.656
572875.0,11300,0,4,8.75,90,60,NA,51.281,48.781,48.0,47.437
572984.0,11300,0,4,10.08,88,54,NA,51.187,48.562,47.906,47.656
573093.0,11300,0,4,8.5,84,65,NA,51.187,48.781,48.031,47.531
573203.0,11300,0,4,8.83,90,67,NA,51.093,48.687,47.875,47.531
573311.0,11300,0,4,7.75,84,64,NA,51.343,48.781,47.968,47.5
573421.0,11300,0,4,9.42,90,58,NA,51.093,48.593,47.75,47.625
573530.0,11300,0,4,9.08,83,65,NA,51.375,48.75,48.0,47.5
573638.0,11300,0,4,8.25,90,62,NA,51.156,48.562,47.906,47.562
573746.0,11300,0,4,8.33,84,65,NA,51.218,48.75,47.968,47.593
573854.0,11300,0,4,7.5,90,58,NA,51.218,48.656,47.843,47.562
573964.0,11300,0,4,9.58,90,61,NA,51.343,48.75,48.0,47.5
574071.0,11300,0,4,9.33,75,60,NA,51.437,48.593,47.75,47.531
574179.0,11301,0,4,9.08,81,60,NA,51.406,48.593,47.843,47.687
574288.0,11301,0,4,9.75,100,44,NA,51.187,48.531,47.781,47.531
574396.0,11301,0,4,10.42,100,50,NA,51.312,48.625,47.937,47.562
574506.0,11301,0,4,8.92,90,58,NA,51.437,48.562,47.875,47.5
574614.0,11301,0,4,5.92,71,79,NA,50.937,48.687,47.968,47.593
574723.0,11301,0,4,8.75,72,74,NA,50.906,48.687,47.812,47.656
574833.0,11301,0,4,7.5,81,76,NA,50.937,48.718,47.906,47.687
574940.0,11301,0,4,7.5,72,71,NA,50.906,48.625,47.781,47.625
575050.0,11301,0,4,9.75,81,68,NA,50.781,48.75,47.906,47.687
575157.0,11301,0,4,8.75,72,70,NA,51.125,48.593,48.062,47.625
575264.0,11301,0,4,6.67,80,38,NA,50.875,48.593,47.906,47.625
575374.0,11301,0,4,9.75,91,58,NA,51.093,48.656,48.062,47.437
575480.0,11301,0,4,9.75,90,62,NA,51.25,48.593,47.781,47.531
575588.0,11301,0,4,6.67,80,56,NA,51.312,48.625,47.937,47.656
575695.0,11301,0,4,8.83,90,57,NA,51.593,48.593,48.093,47.593
575802.0,11301,0,4,9.0,90,64,NA,51.187,48.625,47.843,47.625
575910.0,11301,0,4,7.42,81,67,NA,51.406,48.75,48.062,47.468
576018.0,11301,0,4,7.5,90,67,NA,51.218,48.593,47.843,47.625
576128.0,11301,0,4,8.08,81,65,NA,51.531,48.718,48.093,47.687
576236.0,11301,0,4,8.17,90,61,NA,51.562,48.593,47.812,47.625
576345.0,11301,0,4,9.0,63,62,NA,51.281,48.656,47.968,47.687
576452.0,11301,0,4,8.17,81,64,NA,51.156,48.5,47.906,47.593
576559.0,11301,0,4,7.5,90,57,NA,51.187,48.593,47.906,47.625
576667.0,11301,0,4,8.92,81,60,NA,51.343,48.781,48.062,47.531
576774.0,11301,0,4,8.25,90,64,NA,51.437,48.593,47.906,47.593
576884.0,11301,0,4,7.5,90,54,NA,51.218,48.718,47.906,47.625
576991.0,11301,0,4,9.58,83,61,NA,51.125,48.562,47.843,47.562
577101.0,11301,0,4,9.75,100,44,NA,51.343,48.656,48.0,47.593
577209.0,11301,0,4,9.83,100,50,NA,51.375,48.593,47.843,47.562
577319.0,11301,0,4,9.08,84,67,NA,51.125,48.718,48.0,47.531
577427.0,11301,0,4,5.83,70,77,NA,50.843,48.593,47.843,47.625
577536.0,11301,0,4,7.42,72,73,NA,50.937,48.687,47.937,47.656
577645.0,11301,0,4,7.58,75,70,NA,50.75,48.593,47.843,47.562
577752.0,11301,0,4,8.75,80,69,NA,50.781,48.656,47.937,47.656
577860.0,11301,0,4,6.0,72,73,NA,51.093,48.781,47.781,47.656
577968.0,11301,0,4,9.67,83,69,NA,50.687,48.656,47.875,47.656
578074.0,11301,0,4,8.0,77,39,NA,50.906,48.812,47.906,47.656
578183.0,11301,0,4,9.58,90,58,NA,51.093,48.593,47.812,47.562
578290.0,11301,0,4,9.0,90,58,NA,51.156,48.625,47.937,47.593
578397.0,11301,0,4,7.5,81,61,NA,51.562,48.843,47.75,47.562
578505.0,11301,0,4,7.58,91,59,NA,51.125,48.593,47.812,47.593
578612.0,11301,0,4,8.17,90,62,NA,51.218,48.687,47.937,47.625
578726.0,11301,0,4,7.42,81,64,NA,51.187,48.625,47.937,47.656
578836.0,11301,0,4,8.25,90,63,NA,51.375,48.562,47.875,47.5
578942.0,11301,0,4,7.42,80,63,NA,51.218,48.718,47.843,47.625
579049.0,11301,0,4,7.5,90,63,NA,51.218,48.687,48.031,47.531
579157.0,11301,0,4,10.42,83,63,NA,51.093,48.562,47.781,47.468
579265.0,11301,0,4,7.33,88,64,NA,51.187,48.718,48.031,47.531
579374.0,11301,0,4,8.5,84,59,NA,51.406,48.593,47.812,47.5
579481.0,11301,0,4,7.5,90,55,NA,51.187,48.625,47.812,47.531
579590.0,11301,0,4,8.83,88,64,NA,51.093,48.562,47.843,47.468
579698.0,11301,0,4,7.5,81,61,NA,51.156,48.625,47.812,47.562
579807.0,11301,0,4,8.83,90,62,NA,51.312,48.656,47.75,47.531
579915.0,11301,0,4,8.33,91,44,NA,51.187,48.593,47.781,47.531
580026.0,11301,0,4,9.08,100,52,NA,51.562,48.593,47.75,47.5
580134.0,11301,0,4,9.5,88,71,NA,51.093,48.562,47.875,47.625
580242.0,11301,0,4,6.67,63,76,NA,51.062,48.781,48.093,47.593
580349.0,11301,0,4,7.83,77,71,NA,50.875,48.593,47.875,47.593
580458.0,11301,0,4,8.33,75,69,NA,50.812,48.812,48.0,47.687
580566.0,11301,0,4,7.33,70,70,NA,50.718,48.625,47.812,47.625
580673.0,11301,0,4,8.75,77,72,NA,50.875,48.75,47.968,47.687
580781.0,11301,0,4,7.42,80,76,NA,51.125,48.906,47.843,47.656
580890.0,11301,0,4,8.33,83,43,NA,50.781,48.718,47.968,47.562
580996.0,11301,0,4,8.25,90,59,NA,51.093,48.718,48.0,47.625
581105.0,11301,0,4,7.75,84,61,NA,51.125,48.656,47.875,47.531
581213.0,11301,0,4,8.08,88,63,NA,51.25,48.656,48.031,47.656
581322.0,11301,0,4,11.5,90,58,NA,51.156,48.562,47.781,47.468
581429.0,11301,0,4,7.5,81,61,NA,51.156,48.625,48.0,47.593
581535.0,11301,0,4,8.92,90,64,NA,51.562,48.75,48.031,47.468
581643.0,11301,0,4,8.08,81,65,NA,51.156,48.656,47.843,47.562
581749.0,11301,0,4,8.08,88,64,NA,51.218,48.625,47.937,47.625
581859.0,11301,0,4,8.25,90,63,NA,51.437,48.562,47.812,47.531
581965.0,11301,0,4,6.92,83,66,NA,51.156,48.593,47.906,47.562
582072.0,11301,0,4,9.0,90,64,NA,51.187,48.656,47.906,47.468
582181.0,11301,0,4,8.83,81,57,NA,51.218,48.562,47.843,47.562
582288.0,11301,0,4,8.17,90,60,NA,51.25,48.625,47.875,47.625
582398.0,11301,0,4,8.75,81,65,NA,51.125,48.593,47.875,47.468
582504.0,11301,0,4,8.25,91,57,NA,51.125,48.625,47.843,47.562
582614.0,11301,0,4,8.75,88,62,NA,51.562,48.468,47.812,47.531
582721.0,11301,0,4,8.25,90,43,NA,51.156,48.593,47.812,47.593
582829.0,11301,0,4,9.67,100,50,NA,51.375,48.687,47.937,47.437
582935.0,11301,0,4,9.0,90,66,NA,51.187,48.593,47.875,47.531
583047.0,11301,0,4,6.58,63,79,NA,51.125,48.812,48.062,47.593
583155.0,11301,0,4,7.33,70,73,NA,51.281,48.593,47.843,47.625
583266.0,11301,0,4,9.83,83,68,NA,50.875,48.781,48.031,47.531
583372.0,11301,0,4,7.0,75,75,NA,50.687,48.625,47.875,47.593
583483.0,11301,0,4,10.25,81,74,NA,50.968,48.781,48.093,47.718
583591.0,11301,0,4,9.0,80,69,NA,50.812,48.656,47.875,47.718
583701.0,11301,0,4,10.25,81,50,NA,51.093,48.75,47.812,47.5
583808.0,11301,0,4,8.33,90,55,NA,51.062,48.625,47.781,47.625
583917.0,11301,0,4,7.42,80,57,NA,51.125,48.656,48.062,47.718
584024.0,11301,0,4,9.5,90,64,NA,51.343,48.562,47.75,47.5
584132.0,11301,0,4,8.17,90,59,NA,51.25,48.562,47.937,47.593
584240.0,11301,0,4,6.92,83,62,NA,51.562,48.687,47.843,47.531
584348.0,11301,0,4,7.5,90,62,NA,51.187,48.531,47.843,47.531
584458.0,11301,0,4,9.58,81,64,NA,51.375,48.593,47.812,47.468
584566.0,11301,0,4,8.08,88,65,NA,51.218,48.593,47.812,47.593
584676.0,11301,0,4,7.0,84,63,NA,51.375,48.656,47.75,47.5
584784.0,11301,0,4,8.83,90,61,NA,51.218,48.593,47.843,47.593
584892.0,11301,0,4,9.25,77,64,NA,51.281,48.625,48.062,47.5
585000.0,11301,0,4,9.08,92,60,NA,51.156,48.593,47.937,47.468
585107.0,11301,0,4,8.17,80,55,NA,51.218,48.656,47.906,47.593
585216.0,11301,0,4,9.5,90,61,NA,51.437,48.468,47.875,47.531
585324.0,11301,0,4,10.17,90,60,NA,51.187,48.593,47.875,47.562
585433.0,11301,0,4,9.42,80,63,NA,51.093,48.5,47.687,47.531
585541.0,11301,0,4,11.0,100,43,NA,51.187,48.531,47.937,47.562
585650.0,11301,0,4,9.08,100,51,NA,51.437,48.531,47.812,47.625
585758.0,11301,0,4,7.17,77,81,NA,51.062,48.656,47.875,47.593
585867.0,11301,0,4,7.5,66,76,NA,51.218,48.656,47.843,47.593
585975.0,11301,0,4,7.5,81,78,NA,50.843,48.656,47.843,47.593
586083.0,11301,0,4,6.75,72,75,NA,50.781,48.812,47.968,47.687
586194.0,11301,0,4,9.92,66,73,NA,50.812,48.656,47.812,47.781
586301.0,11301,0,4,7.33,72,73,NA,50.968,48.812,48.062,47.656
586410.0,11301,0,4,7.33,63,71,NA,50.656,48.593,47.812,47.718
586516.0,11301,0,4,10.58,100,54,NA,50.968,48.656,48.0,47.75
586624.0,11301,0,4,7.92,45,56,NA,50.968,48.593,47.843,47.625
586732.0,11301,0,4,7.5,90,58,NA,51.0,48.656,47.843,47.656
586841.0,11301,0,4,10.25,90,51,NA,51.156,48.812,48.031,47.468
586947.0,11301,0,4,8.33,91,60,NA,50.968,48.593,47.875,47.625
587055.0,11301,0,4,10.42,90,58,NA,51.0,48.687,47.937,47.687
587164.0,11301,0,4,8.33,91,58,NA,50.937,48.531,47.875,47.531
587272.0,11301,0,4,9.75,90,57,NA,50.875,48.625,47.906,47.656
587381.0,11301,0,4,10.92,90,53,NA,51.187,48.625,47.875,47.593
587489.0,11301,0,4,7.08,85,58,NA,50.906,48.625,47.937,47.656
587597.0,11301,0,4,6.33,66,59,NA,50.75,48.5,47.781,47.593
587705.0,11301,0,4,9.0,90,49,NA,50.781,48.593,47.906,47.687
587813.0,11301,0,4,7.5,90,52,NA,51.093,48.781,47.781,47.562
587923.0,11301,0,4,10.25,91,55,NA,50.968,48.593,47.937,47.625
588030.0,11301,0,4,8.25,90,53,NA,50.968,48.718,48.062,47.625
588140.0,11301,0,4,9.67,90,52,NA,50.906,48.687,47.906,47.593
588248.0,11301,0,4,10.58,100,44,NA,51.062,48.718,48.0,47.5
588359.0,11301,0,4,10.33,100,51,NA,50.937,48.562,47.875,47.531
588467.0,11301,0,4,8.58,70,82,NA,51.093,48.687,48.093,47.562
588575.0,11301,0,4,6.25,66,73,NA,50.718,48.625,47.875,47.593
588682.0,11301,0,4,7.67,75,71,NA,50.718,48.843,47.937,47.625
588790.0,11301,0,4,8.92,80,70,NA,50.843,48.656,47.812,47.625
588898.0,11301,0,4,6.25,75,71,NA,50.687,48.687,48.0,47.75
589006.0,11301,0,4,9.17,83,71,NA,50.875,48.656,48.093,47.656
589114.0,11301,0,4,6.58,70,71,NA,50.625,48.718,47.937,47.687
589223.0,11301,0,4,9.58,90,52,NA,50.718,48.812,47.906,47.5
589331.0,11301,0,4,10.5,90,62,NA,50.906,48.625,47.812,47.593
589440.0,11301,0,4,8.92,90,64,NA,51.062,48.718,47.968,47.562
589548.0,11301,0,4,8.17,81,60,NA,51.187,48.562,47.843,47.562
589657.0,11301,0,4,8.92,90,55,NA,51.0,48.687,48.0,47.5
589765.0,11301,0,4,7.42,80,70,NA,50.843,48.593,47.781,47.531
589877.0,11301,0,4,9.58,90,63,NA,51.093,48.718,48.031,47.531
589983.0,11301,0,4,7.33,88,64,NA,50.968,48.593,47.812,47.562
590093.0,11301,0,4,7.67,83,60,NA,50.968,48.75,47.968,47.468
590200.0,11301,0,4,8.17,90,63,NA,50.906,48.562,47.781,47.468
590309.0,11301,0,4,8.17,81,64,NA,51.0,48.687,47.937,47.656
590417.0,11301,0,4,8.25,90,64,NA,51.093,48.843,47.875,47.531
590527.0,11301,0,4,8.42,83,56,NA,50.906,48.625,47.906,47.656
590634.0,11301,0,4,9.83,91,64,NA,51.218,48.625,48.093,47.625
590743.0,11301,0,4,6.75,81,66,NA,50.937,48.593,47.968,47.593
590852.0,11301,0,4,9.75,90,58,NA,50.968,48.593,47.75,47.562
590966.0,11301,0,4,11.0,90,46,NA,51.031,48.718,47.968,47.625
591073.0,11301,0,4,9.75,100,46,NA,51.093,48.593,47.843,47.593
591183.0,11301,0,4,11.17,100,57,NA,50.843,48.656,47.968,47.687
591298.0,11301,0,4,6.67,71,76,NA,50.812,48.625,47.937,47.656
591406.0,11301,0,4,8.75,70,73,NA,50.687,48.593,47.812,47.593
591514.0,11301,0,4,7.5,72,75,NA,50.625,48.656,47.968,47.531
591624.0,11301,0,4,7.5,81,71,NA,50.875,48.625,47.812,47.562
591740.0,11301,0,4,8.67,70,74,NA,50.875,48.656,47.75,47.656
591846.0,11301,0,4,6.75,81,73,NA,50.656,48.656,47.875,47.593
591956.0,11301,0,4,8.58,72,39,NA,50.812,48.843,48.062,47.593
592064.0,11301,0,4,9.08,100,58,NA,50.718,48.593,47.812,47.593
592173.0,11301,0,4,9.0,81,59,NA,51.062,48.781,48.062,47.531
592281.0,11301,0,4,8.92,90,61,NA,50.843,48.562,47.906,47.625
592389.0,11301,0,4,7.5,90,60,NA,50.906,48.687,47.937,47.562
592496.0,11301,0,4,9.0,83,61,NA,50.875,48.562,47.843,47.5
592604.0,11301,0,4,9.58,90,64,NA,50.906,48.593,47.937,47.656
592712.0,11301,0,4,7.42,80,63,NA,51.062,48.687,47.75,47.468
592820.0,11301,0,4,9.58,90,65,NA,50.937,48.593,47.937,47.593
592930.0,11301,0,4,8.33,83,58,NA,51.25,48.5,47.781,47.562
593038.0,11301,0,4,8.25,90,64,NA,50.843,48.593,47.875,47.531
593147.0,11301,0,4,8.0,80,65,NA,51.031,48.75,48.0,47.468
593254.0,11301,0,4,9.58,90,61,NA,50.843,48.531,47.875,47.593
593365.0,11301,0,4,10.25,90,60,NA,51.093,48.718,48.093,47.562
593473.0,11301,0,4,7.5,81,64,NA,50.781,48.593,47.781,47.625
593584.0,11301,0,4,9.0,90,59,NA,50.968,48.75,48.062,47.5
593691.0,11301,0,4,6.75,81,57,NA,50.812,48.593,47.843,47.531
593800.0,11301,0,4,9.0,100,42,NA,51.093,48.687,48.218,47.531
593908.0,11301,0,4,9.75,100,50,NA,51.125,48.593,47.812,47.5
594015.0,11301,0,4,8.25,90,65,NA,50.937,48.625,47.937,47.593
594122.0,11301,0,4,6.0,63,80,NA,50.781,48.593,48.093,47.656
594229.0,11301,0,4,7.08,76,74,NA,50.625,48.687,47.906,47.687
594337.0,11301,0,4,10.17,80,71,NA,50.843,48.781,47.906,47.593
594445.0,11301,0,4,7.75,75,74,NA,50.906,48.593,47.937,47.656
594553.0,11301,0,4,9.17,77,75,NA,50.687,48.75,47.906,47.718
594662.0,11301,0,4,7.33,72,67,NA,50.625,48.656,47.843,47.562
594769.0,11301,0,4,7.42,80,43,NA,50.593,48.687,47.812,47.656
594875.0,11301,0,4,9.75,90,55,NA,50.968,48.812,47.968,47.437
594985.0,11301,0,4,8.92,90,63,NA,50.875,48.593,47.906,47.562
595092.0,11301,0,4,8.0,88,60,NA,51.0,48.687,48.0,47.625
595199.0,11301,0,4,10.5,83,60,NA,50.906,48.593,47.781,47.5
595306.0,11301,0,4,8.92,90,61,NA,50.875,48.593,47.906,47.593
595414.0,11301,0,4,6.42,50,62,NA,51.0,48.687,48.0,47.531
595523.0,11301,0,4,10.5,91,64,NA,50.75,48.593,47.906,47.562
595640.0,11301,0,4,8.33,83,63,NA,50.843,48.437,47.906,47.593
595748.0,11301,0,4,8.08,88,62,NA,50.906,48.781,48.0,47.468
595856.0,11301,0,4,7.33,80,65,NA,50.718,48.593,47.875,47.5
595973.0,11301,0,4,8.92,90,63,NA,50.781,48.593,47.906,47.562
596079.0,11301,0,4,7.5,81,57,NA,50.781,48.625,48.031,47.625
596188.0,11301,0,4,8.92,91,59,NA,50.718,48.593,47.843,47.437
596296.0,11301,0,4,10.17,90,63,NA,50.812,48.625,48.0,47.687
596405.0,11301,0,4,7.75,84,56,NA,50.687,48.562,47.812,47.5
596512.0,11301,0,4,8.08,88,61,NA,50.75,48.531,47.937,47.531
596619.0,11301,0,4,10.5,100,43,NA,51.031,48.687,48.062,47.406
596728.0,11301,0,4,9.08,100,49,NA,50.687,48.562,47.843,47.531
596844.0,11301,0,4,7.42,81,70,NA,50.812,48.593,47.812,47.468
596952.0,11301,0,4,7.08,69,73,NA,50.718,48.718,47.906,47.656
597060.0,11301,0,4,9.0,75,72,NA,50.625,48.593,47.843,47.531
597169.0,11301,0,4,7.75,77,70,NA,50.687,48.781,47.968,47.656
597276.0,11301,0,4,9.42,80,73,NA,50.937,48.687,47.843,47.656
597383.0,11301,0,4,7.5,72,71,NA,50.593,48.625,47.875,47.562
597492.0,11301,0,4,8.92,81,73,NA,50.843,48.875,48.062,47.593
597600.0,11301,0,4,7.5,81,47,NA,50.593,48.625,47.843,47.531
597709.0,11301,0,4,10.33,90,56,NA,50.968,48.75,48.031,47.468
597815.0,11301,0,4,8.92,90,59,NA,50.687,48.531,47.718,47.5
597926.0,11301,0,4,8.33,84,64,NA,50.718,48.687,47.937,47.593
598032.0,11301,0,4,8.17,90,60,NA,50.906,48.593,47.843,47.437
598139.0,11301,0,4,9.17,84,66,NA,50.781,48.625,47.875,47.625
598246.0,11301,0,4,7.33,88,60,NA,51.062,48.718,48.125,47.531
598353.0,11301,0,4,8.92,88,63,NA,50.687,48.593,47.75,47.468
598463.0,11301,0,4,6.92,83,65,NA,50.937,48.687,48.0,47.656
598570.0,11301,0,4,8.25,90,64,NA,50.906,48.562,47.812,47.531
598680.0,11301,0,4,7.08,85,64,NA,50.687,48.593,47.937,47.531
598787.0,11301,0,4,7.5,81,64,NA,51.093,48.531,47.906,47.5
598897.0,11301,0,4,9.08,91,60,NA,50.843,48.687,47.937,47.531
599004.0,11301,0,4,8.83,90,55,NA,50.843,48.531,47.75,47.437
599111.0,11301,0,4,6.92,83,61,NA,50.781,48.531,47.906,47.562
599219.0,11301,0,4,8.83,90,58,NA,51.031,48.687,47.937,47.593
599326.0,11301,0,4,8.25,90,61,NA,51.156,48.5,47.781,47.5
599435.0,11301,0,4,9.83,100,43,NA,50.812,48.593,47.937,47.531
599543.0,11301,0,4,9.58,90,51,NA,50.812,48.593,47.812,47.468
599652.0,11301,0,4,6.67,80,79,NA,50.812,48.531,47.843,47.625
599758.0,11301,0,4,9.58,70,73,NA,50.875,48.781,48.031,47.593
599867.0,11301,0,4,7.67,75,70,NA,50.968,48.656,47.906,47.562
599973.0,11301,0,4,8.92,80,70,NA,50.687,48.812,47.875,47.625
600080.0,11301,0,4,6.0,72,71,NA,50.75,48.656,47.875,47.562
600187.0,11301,0,4,8.83,80,70,NA,50.593,48.687,47.843,47.625
600294.0,11301,0,4,8.17,80,72,NA,50.562,48.75,47.968,47.625
600402.0,11301,0,4,9.83,83,55,NA,51.0,48.656,47.812,47.531
600508.0,11301,0,4,7.83,55,58,NA,50.687,48.656,47.875,47.562
600617.0,11301,0,4,9.67,83,55,NA,50.968,48.812,47.781,47.593
600724.0,11301,0,4,8.17,90,64,NA,50.875,48.593,47.843,47.593
600833.0,11301,0,4,9.08,90,60,NA,51.093,48.687,48.062,47.437
600939.0,11301,0,4,7.5,81,66,NA,50.75,48.562,47.843,47.468
601047.0,11301,0,4,8.33,91,58,NA,51.062,48.625,47.968,47.593
601155.0,11301,0,4,10.0,80,63,NA,51.093,48.75,47.75,47.593
601262.0,11301,0,4,9.75,90,63,NA,50.937,48.593,47.906,47.5
601371.0,11301,0,4,8.75,81,65,NA,51.187,48.625,48.062,47.406
601478.0,11301,0,4,9.67,90,64,NA,50.968,48.625,47.812,47.5
601584.0,11301,0,4,6.92,83,63,NA,50.843,48.656,47.906,47.531
601693.0,11301,0,4,9.17,90,56,NA,51.031,48.781,47.843,47.593
601800.0,11301,0,4,9.58,90,60,NA,50.875,48.625,47.781,47.468
601909.0,11301,0,4,8.25,83,61,NA,51.156,48.687,48.062,47.5
602015.0,11301,0,4,7.33,88,55,NA,50.843,48.531,47.75,47.5
602121.0,11301,0,4,7.42,80,59,NA,50.812,48.625,47.937,47.562
602231.0,11301,0,4,10.42,100,43,NA,51.0,48.593,47.843,47.531
602338.0,11301,0,4,9.08,91,48,NA,51.187,48.593,47.812,47.625
602447.0,11301,0,4,6.75,81,78,NA,51.343,48.656,48.093,47.625
602557.0,11301,0,4,7.83,69,75,NA,50.781,48.593,47.968,47.687
602665.0,11301,0,4,7.75,76,73,NA,50.812,48.656,48.031,47.593
602773.0,11301,0,4,8.25,72,73,NA,50.625,48.656,47.875,47.656
602883.0,11301,0,4,7.33,72,73,NA,50.843,48.875,48.031,47.625
602990.0,11301,0,4,7.42,72,72,NA,51.0,48.656,47.843,47.656
603100.0,11301,0,4,8.92,72,79,NA,50.75,48.843,48.0,47.75
603208.0,11301,0,4,9.75,90,51,NA,50.75,48.593,47.781,47.656
603315.0,11301,0,4,8.33,91,57,NA,50.875,48.781,47.812,47.593
603426.0,11301,0,4,8.17,90,55,NA,51.093,48.562,47.843,47.656
603533.0,11301,0,4,8.25,90,51,NA,51.031,48.75,47.875,47.687
603641.0,11301,0,4,8.25,91,56,NA,50.843,48.75,47.843,47.625
603751.0,11301,0,4,9.75,90,61,NA,51.062,48.656,48.0,47.687
603859.0,11301,0,4,7.5,90,58,NA,51.125,48.562,47.75,47.656
603967.0,11301,0,4,7.25,87,58,NA,50.937,48.625,47.937,47.687
604076.0,11301,0,4,9.08,91,61,NA,51.25,48.531,48.062,47.593
604184.0,11301,0,4,8.25,90,58,NA,50.875,48.656,47.937,47.625
604293.0,11301,0,4,8.0,87,60,NA,51.093,48.781,48.0,47.656
604401.0,11301,0,4,7.5,90,52,NA,50.875,48.625,47.812,47.656
604509.0,11301,0,4,8.25,90,61,NA,50.968,48.687,48.031,47.781
604618.0,11301,0,4,8.33,92,58,NA,51.281,48.593,47.812,47.656
604726.0,11301,0,4,10.25,90,55,NA,51.031,48.625,47.968,47.718
604835.0,11301,0,4,11.75,100,40,NA,50.906,48.593,47.812,47.687
604943.0,11301,0,4,8.25,90,47,NA,50.968,48.593,47.906,47.625
605050.0,11301,0,4,8.33,100,59,NA,51.093,48.75,47.875,47.625
605159.0,11301,0,4,7.17,70,78,NA,50.812,48.75,47.906,47.687
605267.0,11301,0,4,5.58,50,76,NA,50.718,48.812,48.062,47.625
605375.0,11301,0,4,8.42,76,77,NA,50.687,48.656,47.906,47.656
605487.0,11301,0,4,6.92,75,75,NA,50.906,48.625,47.781,47.687
605597.0,11301,0,4,6.75,72,79,NA,50.656,48.718,47.968,47.656
605706.0,11301,0,4,7.42,80,69,NA,51.062,48.656,47.75,47.625
605813.0,11301,0,4,7.42,81,54,NA,50.843,48.687,47.968,47.75
605923.0,11301,0,4,8.83,90,56,NA,50.812,48.687,47.718,47.718
606031.0,11301,0,4,8.83,90,57,NA,50.906,48.625,47.75,47.75
606140.0,11301,0,4,7.5,90,54,NA,51.125,48.843,47.812,47.625
606249.0,11301,0,4,8.67,88,56,NA,50.906,48.625,47.875,47.625
606356.0,11301,0,4,8.17,90,55,NA,50.937,48.718,48.031,47.531
606466.0,11301,0,4,7.5,90,61,NA,50.812,48.687,47.906,47.656
606574.0,11301,0,4,9.0,90,60,NA,50.968,48.781,48.0,47.625
606681.0,11301,0,4,8.17,90,55,NA,51.187,48.656,47.875,47.687
606791.0,11301,0,4,8.83,90,62,NA,50.937,48.781,48.0,47.718
606897.0,11301,0,4,8.0,88,57,NA,50.812,48.625,47.875,47.625
607004.0,11301,0,4,8.75,88,54,NA,50.843,48.625,47.843,47.656
607110.0,11301,0,4,8.17,90,55,NA,51.093,48.687,47.968,47.531
607219.0,11301,0,4,8.08,70,59,NA,50.937,48.593,47.843,47.562
607326.0,11301,0,4,9.75,90,53,NA,50.968,48.75,47.937,47.656
607434.0,11301,0,4,9.0,90,55,NA,50.781,48.593,47.875,47.468
607541.0,11301,0,4,9.75,100,43,NA,50.75,48.656,47.875,47.593
607649.0,11301,0,4,10.33,100,51,NA,51.031,48.625,48.031,47.531
607758.0,11301,0,4,7.58,66,71,NA,50.875,48.531,47.875,47.5
607866.0,11301,0,4,7.42,30,73,NA,50.687,48.687,48.031,47.718
607973.0,11301,0,4,7.25,60,72,NA,50.656,48.625,47.781,47.625
608082.0,11301,0,4,8.5,75,72,NA,50.781,48.843,47.968,47.718
608189.0,11301,0,4,7.42,80,71,NA,50.875,48.625,47.875,47.593
608298.0,11301,0,4,8.75,81,72,NA,50.687,48.718,47.843,47.656
608404.0,11301,0,4,8.75,70,71,NA,50.625,48.875,48.062,47.562
608511.0,11301,0,4,7.5,81,48,NA,50.625,48.656,47.843,47.625
608620.0,11301,0,4,8.25,90,59,NA,50.968,48.625,47.937,47.656
608727.0,11302,0,4,9.42,90,61,NA,51.156,48.593,47.843,47.562
608836.0,11302,0,4,6.67,80,64,NA,50.937,48.531,47.906,47.593
608943.0,11302,0,4,8.17,90,60,NA,51.0,48.812,48.062,47.531
609051.0,11301,0,4,9.5,90,62,NA,50.875,48.656,47.875,47.562
609159.0,11301,0,4,8.42,83,58,NA,51.031,48.687,47.937,47.687
609267.0,11301,0,4,8.0,88,65,NA,51.093,48.593,47.875,47.593
609376.0,11301,0,4,6.75,81,59,NA,50.968,48.656,47.968,47.656
609482.0,11301,0,4,8.67,88,64,NA,50.843,48.75,47.812,47.531
609592.0,11301,0,4,8.42,84,64,NA,51.031,48.687,47.906,47.625
609699.0,11301,0,4,8.17,90,64,NA,51.125,48.687,48.062,47.531
609808.0,11301,0,4,8.33,83,60,NA,50.906,48.593,47.843,47.593
609915.0,11301,0,4,8.92,90,56,NA,51.0,48.656,47.968,47.5
610022.0,11301,0,4,8.17,90,60,NA,50.781,48.593,47.812,47.5
610130.0,11301,0,4,8.67,80,61,NA,51.062,48.625,47.937,47.593
610238.0,11301,0,4,8.75,88,61,NA,51.093,48.593,48.156,47.531
610347.0,11301,0,4,9.75,100,42,NA,51.031,48.625,47.937,47.531
610454.0,11301,0,4,8.33,100,49,NA,51.312,48.718,47.812,47.531
610563.0,11301,0,4,6.67,72,77,NA,50.843,48.593,47.906,47.625
610670.0,11301,0,4,6.58,70,74,NA,50.875,48.718,48.0,47.718
610781.0,11301,0,4,9.33,70,72,NA,50.687,48.656,47.906,47.593
610890.0,11301,0,4,8.25,81,69,NA,50.875,48.718,48.0,47.687
611000.0,11301,0,4,8.08,72,71,NA,50.75,48.593,47.906,47.593
611110.0,11301,0,4,8.25,83,73,NA,50.625,48.875,47.781,47.656
611218.0,11301,0,4,7.0,75,72,NA,50.656,48.625,48.0,47.593
611327.0,11301,0,4,9.58,90,57,NA,50.875,48.593,48.062,47.531
611435.0,11301,0,4,9.83,90,61,NA,50.812,48.593,47.937,47.593
611542.0,11301,0,4,7.33,88,63,NA,50.937,48.718,48.062,47.625
611652.0,11301,0,4,7.5,81,60,NA,50.906,48.593,47.906,47.562
611760.0,11301,0,4,9.75,91,54,NA,51.0,48.75,47.906,47.687
611868.0,11301,0,4,10.5,83,65,NA,50.875,48.593,47.843,47.593
611976.0,11301,0,4,8.0,88,60,NA,51.0,48.625,47.875,47.593
612084.0,11301,0,4,7.5,81,65,NA,51.343,48.656,47.843,47.531
612192.0,11301,0,4,7.5,90,60,NA,50.875,48.625,47.812,47.625
612302.0,11301,0,4,9.0,83,64,NA,51.031,48.656,47.812,47.562
612408.0,11301,0,4,8.08,88,64,NA,50.906,48.562,47.843,47.593
612515.0,11301,0,4,6.75,81,62,NA,50.906,48.625,48.0,47.687
612622.0,11301,0,4,8.25,90,56,NA,50.937,48.562,47.875,47.562
612730.0,11301,0,4,11.08,90,63,NA,50.843,48.625,47.875,47.5
612838.0,11301,0,4,7.42,80,64,NA,51.031,48.812,47.906,47.593
612945.0,11301,0,4,8.25,90,58,NA,50.937,48.593,47.843,47.5
613055.0,11301,0,4,7.5,90,65,NA,51.156,48.687,48.0,47.437
613162.0,11301,0,4,9.67,100,42,NA,50.875,48.593,47.875,47.531
613270.0,11301,0,4,9.83,100,49,NA,50.968,48.625,48.031,47.593
613377.0,11301,0,4,6.25,66,81,NA,51.031,48.781,47.843,47.593
613485.0,11301,0,4,7.75,66,75,NA,50.781,48.656,47.968,47.718
613592.0,11301,0,4,7.58,75,72,NA,50.75,48.718,47.968,47.5
613700.0,11301,0,4,7.42,80,70,NA,50.625,48.625,47.843,47.593
613807.0,11301,0,4,10.0,50,75,NA,50.625,48.656,48.0,47.687
613915.0,11301,0,4,7.25,77,70,NA,50.781,48.875,47.843,47.562
614023.0,11301,0,4,9.25,76,69,NA,50.531,48.656,47.968,47.625
614131.0,11301,0,4,8.25,90,56,NA,50.906,48.687,48.156,47.468
614238.0,11301,0,4,9.08,91,61,NA,50.656,48.656,47.781,47.593
614346.0,11301,0,4,9.0,81,63,NA,50.875,48.656,47.937,47.687
614456.0,11301,0,4,8.17,90,60,NA,50.812,48.625,47.812,47.5
614563.0,11301,0,4,9.0,90,59,NA,50.718,48.625,48.0,47.625
614673.0,11301,0,4,8.25,83,63,NA,51.125,48.625,47.875,47.562
614781.0,11301,0,4,10.17,90,58,NA,50.875,48.625,48.0,47.593
614890.0,11301,0,4,7.5,81,64,NA,50.718,48.562,47.718,47.5
614997.0,11301,0,4,7.5,90,60,NA,50.843,48.625,47.843,47.593
615106.0,11301,0,4,8.17,81,64,NA,51.0,48.593,47.812,47.531
615214.0,11301,0,4,8.83,50,66,NA,50.937,48.562,47.812,47.531
615322.0,11301,0,4,8.83,81,61,NA,51.0,48.718,48.031,47.531
615429.0,11301,0,4,8.25,90,55,NA,50.875,48.593,47.812,47.593
615538.0,11301,0,4,8.83,88,63,NA,50.968,48.625,48.062,47.562
615645.0,11301,0,4,7.75,83,65,NA,51.125,48.562,47.875,47.5
615753.0,11301,0,4,8.17,90,57,NA,50.968,48.531,47.937,47.5
615860.0,11301,0,4,8.25,90,40,NA,50.937,48.656,48.031,47.437
615970.0,11301,0,4,9.08,100,41,NA,50.875,48.593,47.875,47.562
616077.0,11301,0,4,9.75,100,50,NA,51.093,48.75,47.968,47.437
616187.0,11301,0,4,6.92,75,81,NA,50.843,48.593,47.937,47.531
616295.0,11301,0,4,8.42,76,75,NA,50.656,48.718,48.0,47.531
616403.0,11301,0,4,8.75,70,73,NA,50.625,48.593,47.781,47.562
616511.0,11301,0,4,9.17,75,75,NA,50.781,48.812,47.968,47.656
616619.0,11301,0,4,7.42,80,77,NA,50.875,48.593,47.75,47.593
616730.0,11301,0,4,9.33,70,69,NA,50.687,48.781,47.968,47.75
616837.0,11301,0,4,6.75,72,92,NA,51.031,48.593,47.812,47.656
616944.0,11301,0,4,11.92,100,52,NA,50.75,48.656,47.906,47.593
617052.0,11301,0,4,8.25,90,58,NA,51.031,48.718,48.062,47.531
617158.0,11301,0,4,6.92,83,62,NA,50.906,48.593,47.875,47.468
617268.0,11301,0,4,10.25,90,57,NA,50.968,48.656,48.0,47.593
617375.0,11301,0,4,8.25,90,62,NA,50.843,48.593,47.781,47.5
617484.0,11301,0,4,7.5,81,61,NA,51.062,48.656,47.937,47.593
617590.0,11301,0,4,8.92,90,64,NA,51.0,48.718,48.062,47.468
617698.0,11301,0,4,7.5,81,59,NA,50.875,48.593,47.906,47.562
617805.0,11301,0,4,9.0,90,64,NA,50.968,48.718,48.031,47.562
617913.0,11301,0,4,8.92,81,63,NA,50.843,48.593,47.843,47.437
618022.0,11301,0,4,9.75,91,66,NA,50.906,48.687,47.968,47.656
618129.0,11302,0,4,7.5,80,64,NA,51.0,48.812,47.812,47.531
618239.0,11302,0,4,8.25,90,61,NA,50.875,48.593,47.906,47.562
618347.0,11302,0,4,7.5,81,69,NA,51.25,48.593,48.156,47.562
618457.0,11302,0,4,10.33,90,64,NA,50.937,48.656,47.906,47.531
618564.0,11302,0,4,8.92,90,57,NA,51.031,48.687,48.0,47.562
618674.0,11302,0,4,9.75,91,47,NA,50.875,48.531,47.937,47.625
618781.0,11302,0,4,10.58,100,42,NA,51.125,48.656,48.031,47.437
618890.0,11302,0,4,8.17,90,51,NA,50.906,48.593,47.812,47.562
618996.0,11302,0,4,6.67,72,78,NA,50.937,48.656,47.968,47.75
619104.0,11302,0,4,7.58,66,77,NA,50.687,48.593,47.937,47.625
619211.0,11302,0,4,8.25,72,74,NA,50.656,48.781,47.843,47.656
619320.0,11302,0,4,10.25,81,72,NA,50.906,48.968,47.812,47.562
619427.0,11302,0,4,9.17,83,68,NA,50.75,48.718,47.906,47.687
619537.0,11302,0,4,5.67,60,69,NA,50.625,48.843,48.031,47.562
619644.0,11302,0,4,7.5,72,89,NA,50.562,48.687,47.906,47.625
619752.0,11302,0,4,11.17,100,48,NA,50.656,48.687,47.968,47.593
619859.0,11302,0,4,8.42,83,62,NA,50.906,48.656,47.781,47.593
619967.0,11302,0,4,10.25,90,66,NA,50.812,48.625,47.937,47.531
620078.0,11302,0,4,9.08,91,60,NA,50.781,48.531,47.843,47.5
620186.0,11302,0,4,7.5,81,61,NA,50.875,48.625,47.906,47.562
620295.0,11302,0,4,8.83,88,62,NA,50.937,48.562,47.812,47.562
620403.0,11302,0,4,8.25,81,63,NA,50.75,48.593,47.906,47.5
620513.0,11302,0,4,9.0,90,64,NA,51.093,48.593,47.812,47.531
620621.0,11302,0,4,8.08,80,64,NA,50.875,48.687,47.968,47.593
620732.0,11302,0,4,10.83,90,65,NA,50.843,48.562,47.875,47.5
620840.0,11302,0,4,6.75,81,66,NA,50.75,48.593,47.937,47.562
620950.0,11302,0,4,10.42,90,65,NA,50.906,48.593,47.843,47.468
621057.0,11302,0,4,8.25,90,58,NA,50.781,48.593,47.906,47.5
621165.0,11302,0,4,8.08,81,66,NA,50.781,48.625,48.062,47.468
621273.0,11302,0,4,8.25,90,62,NA,50.781,48.593,47.843,47.437
621382.0,11302,0,4,10.33,90,55,NA,50.906,48.656,48.093,47.406
621491.0,11302,0,4,9.58,90,44,NA,50.75,48.593,47.906,47.437
621599.0,11302,0,4,9.08,100,48,NA,50.687,48.562,48.062,47.375
621708.0,11302,0,4,7.58,91,57,NA,50.812,48.531,47.843,47.375
621816.0,11302,0,4,7.33,70,78,NA,50.687,48.718,47.937,47.562
621923.0,11302,0,4,8.17,72,72,NA,50.75,48.593,47.781,47.562
622032.0,11302,0,4,8.17,72,72,NA,50.562,48.75,47.937,47.687
622140.0,11302,0,4,8.75,72,71,NA,50.843,48.593,47.843,47.593
622250.0,11302,0,4,7.0,76,74,NA,50.625,48.75,47.875,47.625
622357.0,11302,0,4,8.17,80,72,NA,50.656,48.75,47.875,47.562
622467.0,11302,0,4,6.0,72,55,NA,50.593,48.687,47.875,47.625
622575.0,11302,0,4,11.08,100,50,NA,50.937,48.781,47.906,47.468
622685.0,11302,0,4,7.42,81,62,NA,50.968,48.625,47.875,47.531
622792.0,11302,0,4,8.25,90,62,NA,50.968,48.718,48.062,47.531
622900.0,11302,0,4,9.5,90,60,NA,50.906,48.593,47.843,47.531
623008.0,11302,0,4,9.67,83,62,NA,51.031,48.718,48.062,47.593
623115.0,11302,0,4,7.5,90,65,NA,51.187,48.5,47.812,47.531
623225.0,11302,0,4,7.5,81,63,NA,50.968,48.656,48.0,47.593
623331.0,11302,0,4,8.25,90,66,NA,50.875,48.781,47.843,47.531
623441.0,11302,0,4,8.92,83,55,NA,51.031,48.593,47.937,47.625
623548.0,11302,0,4,7.5,90,65,NA,51.093,48.531,48.062,47.468
623659.0,11302,0,4,8.83,81,64,NA,50.875,48.593,47.937,47.5
623765.0,11302,0,4,8.25,90,60,NA,51.187,48.75,48.062,47.5
623874.0,11302,0,4,8.83,90,55,NA,50.718,48.593,47.937,47.531
623981.0,11302,0,4,8.25,83,62,NA,51.0,48.656,47.937,47.562
624088.0,11302,0,4,8.08,88,59,NA,51.093,48.531,47.812,47.5
624196.0,11302,0,4,7.67,83,60,NA,50.906,48.625,47.968,47.531
624302.0,11302,0,4,11.92,100,41,NA,50.812,48.718,48.0,47.531
624412.0,11302,0,4,8.33,100,48,NA,50.843,48.531,47.875,47.531
624518.0,11302,0,4,7.5,90,64,NA,51.0,48.687,48.0,47.562
624625.0,11302,0,4,6.58,60,77,NA,50.968,48.593,47.875,47.562
624732.0,11302,0,4,9.08,75,72,NA,50.718,48.625,47.906,47.593
624841.0,11302,0,4,6.67,80,70,NA,50.718,48.75,48.062,47.562
624947.0,11302,0,4,7.33,70,71,NA,50.593,48.656,47.843,47.593
625056.0,11302,0,4,8.92,81,74,NA,50.812,48.687,48.0,47.625
625162.0,11302,0,4,10.5,81,74,NA,50.843,48.812,47.812,47.656
625269.0,11302,0,4,7.42,72,42,NA,50.625,48.656,47.843,47.562
625378.0,11302,0,4,10.58,91,51,NA,50.687,48.781,48.031,47.468
625485.0,11302,0,4,9.42,88,62,NA,50.875,48.687,47.843,47.468
625595.0,11302,0,4,9.67,90,66,NA,51.0,48.656,48.0,47.656
625702.0,11302,0,4,8.17,81,54,NA,51.093,48.593,47.843,47.593
625812.0,11302,0,4,8.25,90,60,NA,50.968,48.718,47.937,47.562
625919.0,11302,0,4,7.75,66,64,NA,50.718,48.593,47.812,47.531
626030.0,11302,0,4,8.75,81,63,NA,50.937,48.656,48.0,47.562
626137.0,11302,0,4,8.75,87,64,NA,50.937,48.562,47.875,47.5
626246.0,11302,0,4,6.92,83,61,NA,50.875,48.593,47.937,47.593
626353.0,11302,0,4,8.17,88,65,NA,51.281,48.75,48.125,47.562
626461.0,11302,0,4,7.42,80,59,NA,50.843,48.593,47.937,47.5
626568.0,11302,0,4,9.67,90,59,NA,50.937,48.625,47.968,47.593
626675.0,11302,0,4,8.17,90,59,NA,50.968,48.593,47.843,47.531
626784.0,11302,0,4,8.42,83,62,NA,50.875,48.593,47.937,47.593
626891.0,11302,0,4,8.25,90,51,NA,51.312,48.531,47.843,47.5
627001.0,11302,0,4,8.08,81,62,NA,50.937,48.593,47.906,47.562
627108.0,11302,0,4,9.67,100,43,NA,51.031,48.687,47.843,47.5
627218.0,11302,0,4,9.75,100,48,NA,50.781,48.593,47.875,47.531
627324.0,11302,0,4,9.0,90,70,NA,51.156,48.687,47.968,47.5
627435.0,11302,0,4,6.67,63,78,NA,50.75,48.562,47.968,47.625
627544.0,11302,0,4,6.67,72,73,NA,50.687,48.781,48.062,47.531
627653.0,11302,0,4,7.17,77,71,NA,50.5,48.656,47.906,47.593
627764.0,11302,0,4,8.33,30,70,NA,50.937,48.656,47.906,47.468
627871.0,11302,0,4,8.33,81,70,NA,50.781,48.656,47.843,47.656
627981.0,11302,0,4,8.42,75,70,NA,51.093,48.625,48.062,47.531
628088.0,11302,0,4,9.58,80,45,NA,50.718,48.562,47.937,47.593
628195.0,11302,0,4,8.83,90,54,NA,51.218,48.687,47.937,47.656
628304.0,11302,0,4,9.0,91,63,NA,51.312,48.625,47.875,47.593
628410.0,11302,0,4,8.25,90,59,NA,51.25,48.593,47.968,47.562
628520.0,11302,0,4,7.42,80,56,NA,51.562,48.562,47.843,47.593
628627.0,11302,0,4,10.5,90,62,NA,51.281,48.625,47.843,47.562
628737.0,11302,0,4,7.67,83,65,NA,51.406,48.687,47.843,47.562
628844.0,11302,0,4,8.17,90,63,NA,51.343,48.625,47.875,47.625
628952.0,11302,0,4,8.83,80,65,NA,51.218,48.625,47.968,47.687
629059.0,11302,0,4,7.5,90,64,NA,51.656,48.562,47.875,47.5
629168.0,11302,0,4,8.17,81,56,NA,51.375,48.625,48.0,47.625
629278.0,11302,0,4,8.83,90,64,NA,51.187,48.593,47.875,47.562
629385.0,11302,0,4,8.42,83,54,NA,51.281,48.625,48.0,47.656
629497.0,11302,0,4,8.25,90,60,NA,51.531,48.562,47.843,47.593
629604.0,11302,0,4,9.42,80,64,NA,51.281,48.625,47.937,47.656
629715.0,11302,0,4,7.58,75,54,NA,51.75,48.531,47.875,47.562
629822.0,11302,0,4,7.5,90,62,NA,51.843,48.656,47.906,47.656
629933.0,11302,0,4,8.25,90,42,NA,51.875,48.562,47.781,47.593
630041.0,11302,0,4,9.08,100,48,NA,51.875,48.687,48.0,47.531
630151.0,11302,0,4,8.0,88,68,NA,51.843,48.531,47.906,47.625
630260.0,11302,0,4,6.83,55,74,NA,51.062,48.75,48.0,47.75
630369.0,11302,0,4,9.17,70,70,NA,50.906,48.656,47.812,47.625
630492.0,11302,0,4,7.5,76,69,NA,51.0,48.625,47.937,47.687
630633.0,11302,0,4,7.5,69,67,NA,50.75,48.687,47.875,47.625
630758.0,11302,0,4,8.25,76,68,NA,50.875,48.562,47.843,47.531
630882.0,11302,0,4,6.25,75,69,NA,50.687,48.718,47.906,47.656
630989.0,11302,0,4,9.67,90,49,NA,51.062,48.75,48.093,47.5
631104.0,11302,0,4,9.0,83,58,NA,51.25,48.687,48.093,47.468
631211.0,11302,0,4,9.0,90,63,NA,51.187,48.593,47.843,47.468
631319.0,11302,0,4,9.0,90,61,NA,51.375,48.687,47.906,47.593
631426.0,11302,0,4,6.67,50,57,NA,52.0,48.562,48.062,47.5
631533.0,11302,0,4,7.58,81,62,NA,51.656,48.593,47.937,47.593
631642.0,11302,0,4,10.33,90,60,NA,52.218,48.687,47.781,47.531
631758.0,11302,0,4,8.17,83,64,NA,51.437,48.687,48.0,47.562
631864.0,11302,0,4,8.0,80,62,NA,51.687,48.593,47.906,47.625
631972.0,11302,0,4,7.58,72,66,NA,51.187,48.593,47.875,47.593
632082.0,11302,0,4,10.25,90,64,NA,51.468,48.562,47.968,47.468
632190.0,11302,0,4,6.67,80,64,NA,51.312,48.562,47.906,47.593
632301.0,11302,0,4,8.92,90,60,NA,51.156,48.593,47.843,47.5
632408.0,11302,0,4,8.25,81,56,NA,51.375,48.656,48.062,47.531
632518.0,11302,0,4,9.5,90,60,NA,51.218,48.593,47.875,47.468
632627.0,11302,0,4,8.67,87,60,NA,51.375,48.625,47.906,47.562
632737.0,11302,0,4,8.25,83,64,NA,51.468,48.593,47.937,47.5
632845.0,11302,0,4,10.58,100,43,NA,51.437,48.625,47.906,47.593
632954.0,11303,0,4,10.42,100,49,NA,51.281,48.593,47.812,47.468
633062.0,11303,0,4,7.42,80,76,NA,51.093,48.687,47.906,47.687
633171.0,11303,0,4,4.58,55,76,NA,51.187,48.531,47.875,47.562
633280.0,11303,0,4,6.58,70,74,NA,50.843,48.687,47.968,47.718
633390.0,11303,0,4,10.92,80,71,NA,50.75,48.625,47.906,47.562
633498.0,11303,0,4,9.83,60,70,NA,50.843,48.718,47.937,47.593
633608.0,11303,0,4,10.42,81,74,NA,50.718,48.593,47.875,47.625
633716.0,11303,0,4,6.75,72,70,NA,50.75,48.75,47.906,47.656
633827.0,11303,0,4,8.92,90,56,NA,51.156,48.625,47.812,47.593
633934.0,11303,0,4,9.0,63,61,NA,51.312,48.718,47.875,47.625
634044.0,11303,0,4,8.08,80,64,NA,51.218,48.531,47.937,47.562
634152.0,11303,0,4,8.25,91,61,NA,51.25,48.593,47.937,47.593
634260.0,11303,0,4,8.92,90,59,NA,51.468,48.593,47.75,47.562
634368.0,11303,0,4,9.58,83,65,NA,51.312,48.625,47.906,47.593
634478.0,11303,0,4,8.17,90,57,NA,51.187,48.75,47.875,47.468
634584.0,11303,0,4,9.08,81,60,NA,51.187,48.593,47.843,47.531
634691.0,11303,0,4,8.25,90,64,NA,51.468,48.625,48.0,47.656
634801.0,11303,0,4,6.75,81,64,NA,51.343,48.531,47.812,47.531
634909.0,11303,0,4,7.5,90,65,NA,51.343,48.625,47.937,47.656
635018.0,11303,0,4,9.58,81,59,NA,51.25,48.562,47.781,47.531
635126.0,11303,0,4,7.5,90,56,NA,51.375,48.625,47.937,47.593
635236.0,11303,0,4,7.5,81,66,NA,51.218,48.531,47.812,47.562
635343.0,11303,0,4,9.67,90,64,NA,51.25,48.593,47.906,47.562
635454.0,11303,0,4,8.92,90,57,NA,51.593,48.593,47.812,47.531
635561.0,11303,0,4,7.42,80,37,NA,51.468,48.593,47.937,47.562
635673.0,11303,0,4,9.75,100,44,NA,51.25,48.468,47.906,47.562
635781.0,11303,0,4,9.75,100,53,NA,51.468,48.656,48.0,47.687
635891.0,11303,0,4,8.58,72,78,NA,51.093,48.593,47.781,47.625
636000.0,11303,0,4,7.0,75,73,NA,50.968,48.718,48.031,47.718
636111.0,11303,0,4,9.42,72,76,NA,50.781,48.625,47.875,47.656
636219.0,11303,0,4,7.67,83,76,NA,50.937,48.781,48.0,47.656
636330.0,11303,0,4,9.0,72,72,NA,50.812,48.656,47.937,47.593
636438.0,11303,0,4,7.0,50,68,NA,51.0,48.812,48.062,47.562
636548.0,11303,0,4,8.83,72,38,NA,50.718,48.75,47.875,47.625
636655.0,11303,0,4,9.92,100,51,NA,50.875,48.812,48.062,47.562
636765.0,11303,0,4,9.83,90,60,NA,51.031,48.625,47.875,47.562
636874.0,11303,0,4,9.67,83,68,NA,51.25,48.718,47.937,47.531
636984.0,11303,0,4,7.5,90,58,NA,51.187,48.656,47.843,47.593
637091.0,11303,0,4,7.67,83,62,NA,51.437,48.75,48.062,47.531
637203.0,11303,0,4,9.58,90,63,NA,51.093,48.562,47.937,47.562
637311.0,11303,0,4,7.67,83,64,NA,51.218,48.468,48.093,47.531
637421.0,11303,0,4,8.25,91,64,NA,51.187,48.656,47.906,47.562
637529.0,11303,0,4,9.33,87,60,NA,51.281,48.5,47.843,47.5
637641.0,11303,0,4,7.75,84,66,NA,51.187,48.625,47.937,47.625
637749.0,11303,0,4,8.17,81,59,NA,51.125,48.593,47.843,47.468
637861.0,11303,0,4,8.75,90,59,NA,51.187,48.656,48.0,47.437
637968.0,11303,0,4,9.58,88,60,NA,51.125,48.562,47.843,47.5
638078.0,11303,0,4,8.75,81,63,NA,51.281,48.656,48.031,47.468
638187.0,11303,0,4,9.0,90,55,NA,51.343,48.593,47.812,47.562
638299.0,11303,0,4,8.33,83,63,NA,51.406,48.656,47.812,47.375
638407.0,11303,0,4,9.08,100,42,NA,51.093,48.593,47.875,47.5
638518.0,11303,0,4,10.5,100,49,NA,51.125,48.5,47.812,47.468
638626.0,11303,0,4,8.17,80,68,NA,51.093,48.531,47.906,47.5
638735.0,11303,0,4,7.42,72,75,NA,51.125,48.75,47.75,47.593
638843.0,11303,0,4,6.58,70,72,NA,50.843,48.687,47.906,47.687
638951.0,11303,0,4,8.75,70,70,NA,50.843,48.718,48.031,47.656
639059.0,11303,0,4,8.08,80,70,NA,50.75,48.562,47.875,47.625
639167.0,11303,0,4,9.08,81,72,NA,50.968,48.75,47.906,47.718
639274.0,11303,0,4,7.25,70,70,NA,51.0,48.687,47.75,47.625
639384.0,11303,0,4,7.58,83,54,NA,50.875,48.718,47.937,47.593
639493.0,11302,0,4,8.17,90,57,NA,50.937,48.593,47.843,47.531
639604.0,11302,0,4,8.92,91,62,NA,51.218,48.656,48.0,47.656
639712.0,11302,0,4,8.17,80,63,NA,51.093,48.562,47.843,47.593
639822.0,11302,0,4,9.67,90,55,NA,51.375,48.718,47.968,47.625
639929.0,11302,0,4,7.5,90,61,NA,51.375,48.593,47.843,47.531
640039.0,11302,0,4,8.08,81,64,NA,51.156,48.593,47.906,47.437
640147.0,11302,0,4,8.33,83,62,NA,51.093,48.562,47.875,47.468
640258.0,11302,0,4,8.92,90,65,NA,51.281,48.625,47.968,47.531
640365.0,11302,0,4,7.5,90,65,NA,51.375,48.562,47.718,47.5
640476.0,11302,0,4,8.17,81,64,NA,51.25,48.593,48.0,47.593
640584.0,11302,0,4,7.5,81,62,NA,51.125,48.593,47.812,47.531
640694.0,11302,0,4,9.42,90,58,NA,51.343,48.625,48.062,47.593
640801.0,11302,0,4,9.08,90,61,NA,51.187,48.593,47.812,47.5
640913.0,11302,0,4,8.08,81,59,NA,51.406,48.656,48.031,47.437
641020.0,11302,0,4,8.25,90,59,NA,51.406,48.593,47.781,47.5
641130.0,11302,0,4,9.17,83,65,NA,51.187,48.625,48.031,47.437
641237.0,11302,0,4,8.33,100,43,NA,51.187,48.562,47.781,47.468
641347.0,11302,0,4,9.08,100,49,NA,51.25,48.687,48.062,47.656
641455.0,11302,0,4,7.42,81,78,NA,51.312,48.531,47.843,47.468
641564.0,11302,0,4,6.5,78,74,NA,50.906,48.687,47.968,47.718
641673.0,11302,0,4,9.08,66,72,NA,50.812,48.625,47.812,47.593
641783.0,11302,0,4,9.58,72,71,NA,50.906,48.718,48.031,47.687
641890.0,11302,0,4,8.33,81,72,NA,50.937,48.593,47.812,47.531
642000.0,11302,0,4,8.92,80,74,NA,50.75,48.687,47.875,47.687
642110.0,11302,0,4,7.92,70,70,NA,51.093,48.593,47.781,47.562
642219.0,11302,0,4,8.25,90,56,NA,50.968,48.781,47.937,47.562
642326.0,11302,0,4,9.0,90,58,NA,51.062,48.562,47.875,47.531
642436.0,11302,0,4,6.75,81,62,NA,51.25,48.593,47.968,47.625
642543.0,11302,0,4,8.92,90,54,NA,51.406,48.593,47.812,47.5
642652.0,11302,0,4,8.08,88,62,NA,51.125,48.593,47.812,47.562
642759.0,11302,0,4,7.58,50,66,NA,51.218,48.875,48.062,47.5
642867.0,11302,0,4,8.83,90,60,NA,51.093,48.625,47.875,47.468
642975.0,11302,0,4,9.0,90,65,NA,51.25,48.656,47.875,47.656
643082.0,11302,0,4,7.58,81,60,NA,51.281,48.562,47.812,47.5
643192.0,11302,0,4,9.67,90,66,NA,51.218,48.656,47.968,47.593
643298.0,11302,0,4,9.42,81,63,NA,51.156,48.781,47.718,47.468
643406.0,11302,0,4,9.5,90,62,NA,51.093,48.593,47.906,47.531
643512.0,11302,0,4,7.42,80,58,NA,51.343,48.593,48.0,47.406
643620.0,11302,0,4,8.92,90,62,NA,51.406,48.593,47.781,47.437
643727.0,11302,0,4,7.67,83,65,NA,51.156,48.593,47.875,47.593
643834.0,11302,0,4,8.0,88,55,NA,51.187,48.718,48.062,47.468
