t_ms,ram_used_mb,swap_used_mb,lfb_mb,cpu_mean_pct,cpu_max_pct,gpu_load_pct,emc_util_pct,temp_tj_c,temp_soc0_c,temp_soc1_c,temp_soc2_c
0.0,11121,0,4,9.0,100,13,NA,46.656,44.718,44.062,43.531
110.0,11131,0,4,8.33,100,54,NA,46.812,44.593,43.843,43.5
217.0,11180,0,4,9.08,100,41,NA,46.781,44.843,43.937,43.531
326.0,11260,0,4,8.33,91,99,NA,46.781,44.656,43.812,43.687
441.0,11340,0,4,8.33,100,99,NA,47.312,45.187,43.875,44.281
548.0,11402,0,4,9.0,100,0,NA,47.031,45.062,43.875,44.093
656.0,11443,0,4,9.75,100,63,NA,47.062,44.906,43.875,44.0
763.0,11503,0,4,10.5,100,58,NA,47.25,44.875,44.031,43.906
870.0,11503,0,4,8.33,100,79,NA,47.312,45.031,44.031,43.843
977.0,11503,0,4,7.58,91,72,NA,47.187,44.906,43.875,43.937
1085.0,11503,0,4,8.33,100,71,NA,47.25,44.906,44.062,43.968
1194.0,11503,0,4,8.33,100,72,NA,47.187,45.093,43.875,43.843
1302.0,11503,0,4,8.33,100,73,NA,47.25,44.906,43.937,43.968
1409.0,11503,0,4,9.08,100,73,NA,47.343,44.968,44.187,43.906
1518.0,11503,0,4,8.33,100,73,NA,47.218,45.0,44.0,44.062
1624.0,11503,0,4,9.08,100,33,NA,47.156,45.062,44.093,43.968
1735.0,11503,0,4,8.33,100,94,NA,47.281,44.937,44.062,44.156
1842.0,11503,0,4,9.0,100,99,NA,48.187,45.437,44.062,44.468
1951.0,11503,0,4,5.83,70,60,NA,47.468,45.531,44.031,44.593
2058.0,11503,0,4,8.33,100,60,NA,47.468,45.312,44.156,44.437
2167.0,11503,0,4,8.25,91,54,NA,47.343,45.218,44.156,44.406
2276.0,11503,0,4,8.33,100,57,NA,47.625,45.343,44.187,44.375
2385.0,11503,0,4,8.33,100,57,NA,47.406,45.25,44.125,44.406
2494.0,11503,0,4,8.33,100,60,NA,47.625,45.312,44.187,44.281
2602.0,11503,0,4,8.33,100,59,NA,47.343,45.375,44.187,44.375
2710.0,11503,0,4,9.08,100,61,NA,47.562,45.281,44.125,44.437
2817.0,11503,0,4,8.33,100,59,NA,47.437,45.343,44.25,44.343
2925.0,11503,0,4,9.0,100,27,NA,47.406,45.25,44.187,44.281
3032.0,11503,0,4,8.33,100,38,NA,47.656,45.218,44.25,44.281
3140.0,11503,0,4,8.33,100,99,NA,48.156,45.75,44.375,44.781
3249.0,11503,0,4,6.0,72,62,NA,47.75,45.718,44.343,44.75
3356.0,11503,0,4,9.08,100,56,NA,47.656,45.687,44.343,44.687
3466.0,11503,0,4,8.33,100,56,NA,47.875,45.468,44.25,44.718
3574.0,11503,0,4,9.0,100,53,NA,47.875,45.562,44.406,44.593
3681.0,11503,0,4,9.08,100,58,NA,47.687,45.437,44.281,44.531
3790.0,11503,0,4,7.5,90,63,NA,47.718,45.468,44.312,44.562
3899.0,11503,0,4,9.0,100,57,NA,47.625,45.343,44.281,44.625
4007.0,11503,0,4,9.0,100,58,NA,47.875,45.531,44.375,44.531
4115.0,11503,0,4,8.33,100,59,NA,47.687,45.375,44.312,44.531
4224.0,11503,0,4,8.33,100,46,NA,47.718,45.312,44.406,44.437
4332.0,11503,0,4,8.33,100,39,NA,47.625,45.375,44.343,44.531
4441.0,11503,0,4,8.33,100,99,NA,48.281,45.75,44.343,44.875
4549.0,11503,0,4,7.33,72,51,NA,48.218,45.968,44.562,45.093
4657.0,11503,0,4,8.33,100,59,NA,47.906,45.687,44.468,44.906
4765.0,11503,0,4,9.0,100,61,NA,47.875,45.687,44.5,44.812
4872.0,11503,0,4,8.33,100,57,NA,47.843,45.562,44.406,44.781
4979.0,11503,0,4,9.08,100,62,NA,47.968,45.562,44.437,44.687
5087.0,11503,0,4,8.33,100,62,NA,47.781,45.656,44.625,44.75
5195.0,11503,0,4,8.33,100,59,NA,47.781,45.593,44.5,44.718
5301.0,11503,0,4,9.67,100,62,NA,47.843,45.625,44.593,44.656
5410.0,11503,0,4,9.0,100,65,NA,47.781,45.5,44.5,44.718
5518.0,11503,0,4,8.33,100,62,NA,48.0,45.5,44.5,44.593
5625.0,11503,0,4,8.33,100,38,NA,47.718,45.687,44.375,44.656
5734.0,11503,0,4,8.33,100,99,NA,48.562,45.718,44.531,44.968
5841.0,11503,0,4,6.25,75,78,NA,48.406,46.156,44.656,45.25
5949.0,11503,0,4,9.08,100,54,NA,48.125,45.875,44.562,45.093
6056.0,11503,0,4,8.33,100,54,NA,48.125,45.812,44.562,44.937
6163.0,11503,0,4,8.33,100,55,NA,47.968,45.687,44.5,44.875
6270.0,11503,0,4,9.0,100,55,NA,48.0,45.687,44.625,44.937
6377.0,11503,0,4,9.0,100,62,NA,47.875,45.75,44.656,44.812
6484.0,11503,0,4,8.25,91,61,NA,47.937,45.562,44.562,44.937
6592.0,11503,0,4,8.33,100,58,NA,48.125,45.625,44.625,44.75
6700.0,11503,0,4,9.08,100,60,NA,48.187,45.75,44.812,44.812
6807.0,11503,0,4,9.0,100,57,NA,48.031,45.625,44.593,44.781
6914.0,11503,0,4,8.33,100,38,NA,47.875,45.625,44.656,44.656
7022.0,11503,0,4,8.33,100,99,NA,47.968,45.75,44.593,45.062
7144.0,11503,0,4,7.58,75,99,NA,48.656,46.156,44.593,45.312
7251.0,11503,0,4,9.08,100,62,NA,48.375,46.031,44.781,45.156
7358.0,11503,0,4,8.33,100,57,NA,48.125,45.843,44.656,45.125
7466.0,11503,0,4,8.33,100,54,NA,48.0,45.937,44.812,44.937
7574.0,11503,0,4,8.33,100,59,NA,48.062,45.781,44.625,44.937
7681.0,11503,0,4,8.33,100,63,NA,48.187,45.781,44.687,44.968
7790.0,11503,0,4,9.0,100,61,NA,48.281,45.812,44.875,44.968
7898.0,11503,0,4,8.33,100,64,NA,48.156,45.812,44.75,44.937
8006.0,11503,0,4,8.33,100,60,NA,47.968,45.812,44.812,44.875
8113.0,11503,0,4,9.08,100,58,NA,48.0,45.75,44.718,44.906
8220.0,11503,0,4,9.08,100,37,NA,48.281,45.718,44.656,44.781
8327.0,11503,0,4,8.33,100,99,NA,48.375,46.156,44.937,45.187
8437.0,11503,0,4,7.33,72,99,NA,49.343,46.281,44.75,45.468
8544.0,11503,0,4,8.33,100,58,NA,48.25,46.156,44.843,45.312
8652.0,11503,0,4,8.33,100,62,NA,48.218,45.937,44.687,45.25
8759.0,11503,0,4,8.33,100,55,NA,48.25,45.968,44.812,45.125
8867.0,11503,0,4,8.33,100,56,NA,48.187,45.843,44.656,45.062
8974.0,11503,0,4,7.58,91,60,NA,48.187,45.875,44.812,45.0
9082.0,11503,0,4,8.33,100,62,NA,48.125,46.062,44.937,45.062
9189.0,11503,0,4,9.75,100,65,NA,48.125,45.718,44.812,45.0
9296.0,11503,0,4,8.33,100,59,NA,48.312,45.968,44.781,45.0
9407.0,11503,0,4,8.33,100,62,NA,48.187,45.781,44.75,45.062
9516.0,11503,0,4,9.0,100,38,NA,48.156,45.906,44.875,44.937
9625.0,11503,0,4,9.0,100,99,NA,48.312,46.0,44.843,45.312
9734.0,11503,0,4,6.75,81,99,NA,49.468,46.375,44.937,45.531
9843.0,11503,0,4,8.83,90,58,NA,48.406,46.156,44.875,45.406
9952.0,11503,0,4,9.08,100,62,NA,48.593,46.218,44.968,45.25
10062.0,11503,0,4,8.33,100,61,NA,48.375,46.031,44.812,45.281
10169.0,11503,0,4,9.08,100,60,NA,48.375,46.062,44.937,45.187
10276.0,11503,0,4,9.08,100,57,NA,48.281,46.0,45.093,45.187
10383.0,11503,0,4,9.0,100,61,NA,48.25,46.062,44.906,45.218
10490.0,11503,0,4,9.0,100,64,NA,48.218,46.0,45.0,45.156
10599.0,11503,0,4,9.67,100,57,NA,48.281,45.968,44.875,45.156
10706.0,11503,0,4,8.33,100,64,NA,48.343,46.0,44.968,45.062
10814.0,11503,0,4,7.58,91,32,NA,48.218,45.906,44.843,45.156
10922.0,11503,0,4,8.33,100,99,NA,48.437,46.125,44.906,45.312
11031.0,11503,0,4,8.33,100,99,NA,49.562,46.562,44.906,45.562
11140.0,11503,0,4,6.25,75,57,NA,48.593,46.406,45.031,45.437
11248.0,11503,0,4,9.0,100,56,NA,48.437,46.375,45.156,45.406
11355.0,11503,0,4,8.33,100,56,NA,48.468,46.156,44.906,45.406
11463.0,11503,0,4,9.67,100,56,NA,48.656,46.218,45.093,45.218
11571.0,11503,0,4,9.08,100,57,NA,48.437,46.093,45.031,45.25
11679.0,11503,0,4,9.75,100,59,NA,48.437,46.218,45.062,45.218
11787.0,11503,0,4,8.33,100,58,NA,48.218,46.156,44.906,45.218
11894.0,11503,0,4,8.33,100,57,NA,48.468,46.031,45.0,45.187
12003.0,11503,0,4,8.33,100,57,NA,48.562,46.156,45.093,45.187
12109.0,11503,0,4,8.33,100,29,NA,48.375,45.968,45.0,45.187
12219.0,11503,0,4,9.0,100,99,NA,48.25,46.187,45.0,45.312
12326.0,11503,0,4,9.0,100,99,NA,49.406,46.5,45.031,45.656
12435.0,11503,0,4,6.58,70,58,NA,48.781,46.437,45.125,45.593
12544.0,11503,0,4,7.58,91,57,NA,48.562,46.281,45.0,45.531
12653.0,11503,0,4,9.0,100,60,NA,48.437,46.312,45.031,45.312
12760.0,11503,0,4,8.33,100,62,NA,48.468,46.156,44.937,45.343
12868.0,11503,0,4,8.33,100,55,NA,48.593,46.187,45.0,45.375
12977.0,11503,0,4,9.67,100,59,NA,48.406,46.312,45.187,45.343
13085.0,11503,0,4,8.33,100,61,NA,48.437,46.156,45.062,45.343
13193.0,11503,0,4,8.33,100,60,NA,48.468,46.156,45.156,45.25
13302.0,11503,0,4,9.08,100,63,NA,48.531,46.156,45.0,45.281
13410.0,11503,0,4,9.08,100,29,NA,48.562,46.156,45.156,45.218
13518.0,11503,0,4,8.33,100,99,NA,48.406,46.125,45.156,45.375
13627.0,11503,0,4,9.75,100,99,NA,50.0,46.5,45.156,45.812
13734.0,11503,0,4,6.0,72,53,NA,48.5,46.718,45.093,45.781
13842.0,11503,0,4,8.33,100,55,NA,48.656,46.25,45.156,45.593
13951.0,11503,0,4,8.33,100,58,NA,48.562,46.25,45.312,45.562
14062.0,11503,0,4,9.0,100,55,NA,48.812,46.281,45.187,45.406
14170.0,11503,0,4,8.33,100,57,NA,48.5,46.25,45.375,45.375
14277.0,11503,0,4,9.0,100,58,NA,48.562,46.156,45.156,45.437
14384.0,11503,0,4,8.33,100,58,NA,48.406,46.281,45.218,45.343
14493.0,11503,0,4,9.83,100,57,NA,48.468,46.156,45.156,45.375
14600.0,11503,0,4,8.33,100,64,NA,48.718,46.25,45.312,45.375
14710.0,11503,0,4,8.33,91,27,NA,48.531,46.156,45.218,45.343
14817.0,11503,0,4,8.33,100,99,NA,48.562,46.25,45.25,45.343
14924.0,11503,0,4,8.33,100,99,NA,49.687,46.687,45.312,45.812
15033.0,11503,0,4,6.0,72,57,NA,48.812,46.625,45.187,45.906
15140.0,11503,0,4,9.08,100,57,NA,48.906,46.593,45.312,45.687
15248.0,11503,0,4,8.33,100,55,NA,48.656,46.406,45.187,45.593
15354.0,11503,0,4,9.08,100,56,NA,48.718,46.312,45.25,45.562
15462.0,11503,0,4,9.0,100,54,NA,48.562,46.437,45.406,45.531
15569.0,11503,0,4,8.33,100,61,NA,48.656,46.343,45.25,45.531
15676.0,11503,0,4,9.08,100,64,NA,48.687,46.375,45.25,45.562
15784.0,11503,0,4,8.33,100,63,NA,48.562,46.25,45.187,45.437
15891.0,11503,0,4,9.0,100,65,NA,48.625,46.281,45.218,45.406
15999.0,11503,0,4,9.0,100,27,NA,48.468,46.312,45.406,45.406
16106.0,11503,0,4,8.33,100,68,NA,48.406,46.281,45.156,45.437
16213.0,11503,0,4,8.33,100,99,NA,49.593,46.687,45.343,45.812
16320.0,11503,0,4,6.0,72,55,NA,48.75,46.875,45.25,45.906
16427.0,11503,0,4,8.33,100,53,NA,48.843,46.562,45.281,45.781
16534.0,11503,0,4,9.0,100,59,NA,48.937,46.468,45.375,45.562
16642.0,11503,0,4,8.33,100,58,NA,48.656,46.406,45.25,45.687
16749.0,11503,0,4,9.17,100,61,NA,49.031,46.468,45.312,45.593
16857.0,11503,0,4,8.33,100,57,NA,48.625,46.468,45.468,45.531
16965.0,11503,0,4,9.08,91,56,NA,48.718,46.375,45.25,45.531
17073.0,11503,0,4,8.33,100,58,NA,48.75,46.375,45.468,45.437
17181.0,11503,0,4,8.33,100,63,NA,48.656,46.312,45.25,45.437
17291.0,11503,0,4,8.33,100,57,NA,48.937,46.312,45.437,45.437
17399.0,11503,0,4,8.33,100,37,NA,48.687,46.312,45.375,45.468
17507.0,11503,0,4,8.33,100,99,NA,49.25,46.656,45.281,45.812
17614.0,11503,0,4,7.25,70,66,NA,48.937,46.843,45.468,46.0
17722.0,11503,0,4,9.08,100,56,NA,48.687,46.531,45.406,45.875
17829.0,11503,0,4,8.33,100,59,NA,49.156,46.593,45.468,45.656
17937.0,11503,0,4,8.33,100,55,NA,48.843,46.468,45.281,45.687
18045.0,11503,0,4,9.67,100,57,NA,48.875,46.468,45.468,45.5
18153.0,11503,0,4,9.08,100,57,NA,48.843,46.406,45.375,45.687
18261.0,11503,0,4,8.33,100,59,NA,48.906,46.406,45.343,45.562
18368.0,11503,0,4,8.33,100,62,NA,48.718,46.531,45.531,45.468
18476.0,11503,0,4,7.58,91,65,NA,48.75,46.437,45.312,45.593
18584.0,11503,0,4,9.08,100,65,NA,48.875,46.531,45.437,45.625
18692.0,11503,0,4,8.33,100,39,NA,48.593,46.468,45.312,45.5
18801.0,11503,0,4,10.25,100,99,NA,49.187,46.75,45.468,45.843
18909.0,11503,0,4,6.75,72,93,NA,49.281,46.937,45.343,46.187
19018.0,11503,0,4,8.33,100,53,NA,49.031,46.687,45.5,45.875
19126.0,11503,0,4,8.33,100,58,NA,48.843,46.656,45.375,45.875
19234.0,11503,0,4,8.33,100,56,NA,49.0,46.593,45.437,45.75
19342.0,11503,0,4,8.33,100,55,NA,49.093,46.656,45.562,45.687
19451.0,11503,0,4,8.33,100,54,NA,48.968,46.593,45.437,45.625
19559.0,11503,0,4,8.33,100,58,NA,48.781,46.593,45.531,45.75
19668.0,11503,0,4,9.08,100,59,NA,48.906,46.562,45.468,45.718
19777.0,11503,0,4,9.67,100,59,NA,48.75,46.656,45.531,45.593
19887.0,11503,0,4,9.0,100,62,NA,48.687,46.406,45.437,45.687
19996.0,11503,0,4,9.08,100,39,NA,48.625,46.625,45.562,45.593
20105.0,11503,0,4,8.33,100,99,NA,49.125,46.718,45.468,45.875
20213.0,11503,0,4,5.83,70,81,NA,49.468,47.031,45.625,46.25
20321.0,11503,0,4,9.08,100,63,NA,48.906,46.75,45.531,45.937
20429.0,11503,0,4,9.0,100,57,NA,49.218,46.718,45.625,45.843
20538.0,11503,0,4,7.5,90,61,NA,49.031,46.593,45.562,45.843
20646.0,11503,0,4,8.33,100,56,NA,48.875,46.718,45.531,45.781
20756.0,11503,0,4,9.08,100,57,NA,48.875,46.531,45.468,45.75
20864.0,11503,0,4,8.33,100,63,NA,49.031,46.593,45.593,45.687
20973.0,11503,0,4,8.33,100,65,NA,48.906,46.562,45.5,45.781
21082.0,11503,0,4,9.0,100,60,NA,48.812,46.625,45.593,45.625
21191.0,11503,0,4,8.33,100,62,NA,48.718,46.5,45.406,45.718
21299.0,11503,0,4,9.0,100,39,NA,48.875,46.531,45.468,45.625
21408.0,11503,0,4,9.08,100,99,NA,49.125,46.781,45.5,45.906
21516.0,11503,0,4,6.5,70,99,NA,49.656,47.125,45.593,46.218
21626.0,11503,0,4,9.67,100,55,NA,49.125,46.812,45.531,46.031
21734.0,11503,0,4,8.33,100,57,NA,49.0,46.75,45.531,45.875
21843.0,11503,0,4,8.33,100,62,NA,48.968,46.937,45.656,45.875
21952.0,11503,0,4,9.0,100,57,NA,49.125,46.656,45.625,45.812
22061.0,11503,0,4,9.58,100,57,NA,48.937,46.875,45.687,45.843
22170.0,11503,0,4,8.33,100,57,NA,48.937,46.718,45.625,45.843
22279.0,11503,0,4,8.33,100,62,NA,48.812,46.656,45.656,45.843
22388.0,11503,0,4,8.83,91,58,NA,49.031,46.625,45.593,45.781
22496.0,11503,0,4,9.0,100,59,NA,48.843,46.718,45.531,45.75
22603.0,11503,0,4,8.33,100,39,NA,48.875,46.531,45.593,45.75
22712.0,11503,0,4,9.67,100,99,NA,49.343,46.937,45.687,46.062
22821.0,11503,0,4,6.0,72,99,NA,49.843,47.125,45.531,46.5
22929.0,11503,0,4,9.08,100,60,NA,49.25,46.937,45.75,46.125
23037.0,11503,0,4,9.0,100,57,NA,49.062,46.75,45.625,45.968
23145.0,11503,0,4,9.0,100,58,NA,49.281,46.812,45.625,45.875
23253.0,11503,0,4,8.33,100,55,NA,49.125,46.812,45.593,45.906
23361.0,11503,0,4,9.08,100,57,NA,49.093,46.75,45.625,45.968
23469.0,11503,0,4,8.33,100,65,NA,48.937,46.812,45.781,45.875
23577.0,11503,0,4,8.33,100,59,NA,48.875,46.656,45.656,45.968
23685.0,11503,0,4,8.33,100,57,NA,49.156,46.75,45.75,45.875
23793.0,11503,0,4,8.33,100,58,NA,49.031,46.656,45.625,45.906
23903.0,11503,0,4,9.08,100,39,NA,48.906,46.656,45.781,45.687
24011.0,11503,0,4,9.0,100,99,NA,49.406,46.968,45.656,46.187
24121.0,11503,0,4,6.0,72,99,NA,50.531,47.281,45.781,46.375
24230.0,11503,0,4,8.33,100,58,NA,49.156,46.937,45.718,46.25
24338.0,11503,0,4,9.0,100,62,NA,49.093,46.906,45.812,46.062
24446.0,11503,0,4,8.33,100,56,NA,49.062,46.781,45.75,46.0
24554.0,11503,0,4,8.33,100,55,NA,49.187,46.875,45.781,45.906
24662.0,11503,0,4,9.08,100,61,NA,49.125,46.875,45.656,45.937
24769.0,11503,0,4,9.0,100,58,NA,49.156,46.718,45.718,45.968
24877.0,11503,0,4,8.33,100,62,NA,49.093,46.875,45.843,45.937
24985.0,11503,0,4,9.0,100,65,NA,49.062,46.687,45.687,45.906
25094.0,11503,0,4,9.08,100,60,NA,49.218,46.781,45.875,45.906
25202.0,11503,0,4,7.5,90,38,NA,49.062,46.656,45.656,45.875
25311.0,11503,0,4,8.33,100,99,NA,49.25,46.875,45.656,46.031
25418.0,11504,0,4,6.67,80,99,NA,50.25,47.343,45.718,46.437
25527.0,11504,0,4,8.25,90,59,NA,49.281,47.062,45.75,46.312
25635.0,11504,0,4,8.33,100,54,NA,49.156,47.156,45.968,46.187
25743.0,11504,0,4,9.67,100,54,NA,49.093,46.906,45.75,46.125
25851.0,11504,0,4,8.33,100,59,NA,49.375,46.937,45.906,46.0
25959.0,11504,0,4,8.33,100,62,NA,49.187,46.781,45.75,46.0
26067.0,11504,0,4,9.08,100,63,NA,49.187,46.968,45.781,45.906
26175.0,11504,0,4,9.0,100,65,NA,49.093,46.781,45.781,45.937
26284.0,11504,0,4,8.33,100,63,NA,49.312,46.906,45.781,45.906
26393.0,11504,0,4,8.33,100,62,NA,49.125,46.75,45.718,45.906
26502.0,11504,0,4,8.33,100,36,NA,49.031,46.75,45.812,45.843
26610.0,11504,0,4,8.33,100,99,NA,49.093,47.093,45.75,46.187
26719.0,11504,0,4,7.42,81,99,NA,50.468,47.343,45.75,46.437
26827.0,11504,0,4,6.92,83,61,NA,49.312,47.281,45.968,46.375
26935.0,11504,0,4,8.33,100,58,NA,49.281,47.062,45.843,46.218
27044.0,11504,0,4,8.33,100,62,NA,49.218,47.031,45.968,46.156
27152.0,11504,0,4,9.08,100,56,NA,49.25,46.937,45.781,46.125
27260.0,11504,0,4,8.33,100,54,NA,49.312,46.968,45.875,46.062
27369.0,11504,0,4,9.08,100,65,NA,49.25,46.843,45.718,46.0
27479.0,11504,0,4,9.67,100,61,NA,49.531,46.875,45.937,46.062
27586.0,11504,0,4,8.33,100,57,NA,49.187,46.875,45.781,46.031
27694.0,11504,0,4,8.33,100,58,NA,49.312,46.968,45.843,45.906
27801.0,11504,0,4,9.08,100,31,NA,49.125,46.75,46.031,45.906
27911.0,11504,0,4,8.33,100,99,NA,49.343,47.125,45.875,46.218
28019.0,11504,0,4,8.83,90,99,NA,50.406,47.468,45.843,46.562
28127.0,11504,0,4,7.42,80,60,NA,49.406,47.156,45.906,46.437
28235.0,11504,0,4,9.0,100,57,NA,49.281,47.125,46.0,46.25
28343.0,11504,0,4,9.0,100,57,NA,49.218,47.062,45.906,46.312
28451.0,11504,0,4,8.33,100,62,NA,49.593,47.093,46.062,46.125
28559.0,11504,0,4,9.08,100,55,NA,49.218,47.0,45.812,46.187
28667.0,11504,0,4,9.75,100,63,NA,49.281,47.0,45.968,46.062
28775.0,11504,0,4,7.58,91,59,NA,49.156,47.093,46.031,46.031
28884.0,11504,0,4,9.08,100,56,NA,49.312,46.937,45.937,46.125
28992.0,11504,0,4,9.0,100,58,NA,49.406,47.0,46.031,46.031
29100.0,11504,0,4,8.33,100,33,NA,49.156,46.875,45.906,46.093
29208.0,11504,0,4,8.33,100,99,NA,49.156,47.125,46.093,46.156
29316.0,11504,0,4,8.33,100,99,NA,50.281,47.312,45.937,46.562
29425.0,11504,0,4,6.67,72,55,NA,49.593,47.343,45.968,46.437
29533.0,11504,0,4,8.33,100,63,NA,49.281,47.125,45.875,46.375
29641.0,11504,0,4,8.33,100,60,NA,49.687,47.125,45.968,46.25
29749.0,11504,0,4,8.33,100,61,NA,49.281,47.0,46.187,46.25
29857.0,11504,0,4,8.33,100,59,NA,49.437,47.093,45.968,46.218
29966.0,11504,0,4,9.67,100,62,NA,49.312,47.125,45.875,46.218
30076.0,11504,0,4,8.33,91,59,NA,49.531,46.968,46.0,46.031
30184.0,11504,0,4,9.0,100,61,NA,49.25,47.187,45.937,46.125
30293.0,11504,0,4,8.33,100,63,NA,49.312,46.906,46.0,46.093
30401.0,11504,0,4,8.33,100,29,NA,49.218,47.062,46.093,46.0
30510.0,11504,0,4,8.33,100,99,NA,49.343,47.093,46.0,46.312
30618.0,11504,0,4,8.33,100,99,NA,50.562,47.468,46.125,46.625
30726.0,11504,0,4,5.83,70,58,NA,49.468,47.312,46.062,46.593
30834.0,11504,0,4,9.75,100,57,NA,49.406,47.25,46.093,46.406
30944.0,11504,0,4,8.33,100,58,NA,49.375,47.125,46.031,46.312
31052.0,11504,0,4,8.33,100,55,NA,49.625,47.187,46.125,46.281
31161.0,11504,0,4,8.33,100,56,NA,49.468,47.156,46.031,46.375
31270.0,11504,0,4,9.0,100,65,NA,49.687,47.125,46.093,46.156
31377.0,11504,0,4,9.0,100,64,NA,49.25,47.093,46.062,46.218
31486.0,11504,0,4,9.75,100,65,NA,49.562,47.062,46.062,46.125
31594.0,11504,0,4,9.0,100,61,NA,49.312,47.187,46.0,46.156
31702.0,11504,0,4,8.33,100,28,NA,49.312,47.031,46.031,46.25
31811.0,11504,0,4,8.33,100,99,NA,49.281,47.125,46.218,46.25
31919.0,11504,0,4,9.08,100,99,NA,50.312,47.468,45.968,46.781
32026.0,11504,0,4,6.17,66,55,NA,49.593,47.5,46.093,46.562
32134.0,11504,0,4,8.33,100,55,NA,49.531,47.281,46.031,46.5
32241.0,11504,0,4,9.08,100,57,NA,49.687,47.25,46.156,46.406
32349.0,11504,0,4,9.58,100,60,NA,49.343,47.375,46.187,46.343
32460.0,11504,0,4,8.33,100,57,NA,49.531,47.156,46.187,46.406
32568.0,11504,0,4,8.33,100,57,NA,49.437,47.343,46.187,46.312
32675.0,11504,0,4,8.33,100,59,NA,49.406,47.093,46.093,46.375
32782.0,11504,0,4,8.33,100,56,NA,49.625,47.125,46.156,46.218
32889.0,11504,0,4,9.0,100,62,NA,49.343,47.125,46.031,46.281
32998.0,11504,0,4,9.0,100,27,NA,49.468,47.093,46.093,46.25
33106.0,11504,0,4,8.33,100,99,NA,49.281,47.281,46.281,46.343
33215.0,11504,0,4,9.0,100,99,NA,50.656,47.562,46.156,46.625
33322.0,11504,0,4,6.0,72,53,NA,49.75,47.625,46.343,46.718
33430.0,11504,0,4,8.33,100,54,NA,49.625,47.437,46.125,46.593
33539.0,11504,0,4,8.33,100,55,NA,49.468,47.312,46.281,46.437
33647.0,11504,0,4,8.33,100,55,NA,49.5,47.218,46.125,46.406
33755.0,11504,0,4,9.0,100,57,NA,49.687,47.25,46.218,46.375
33862.0,11504,0,4,9.0,100,57,NA,49.562,47.156,46.156,46.406
33971.0,11504,0,4,8.33,100,60,NA,49.5,47.218,46.156,46.312
34080.0,11504,0,4,8.33,100,58,NA,49.406,47.25,46.187,46.437
34189.0,11504,0,4,7.5,90,59,NA,49.625,47.218,46.156,46.312
34296.0,11504,0,4,9.08,100,28,NA,49.625,47.312,46.343,46.312
34403.0,11504,0,4,8.33,100,82,NA,49.437,47.125,46.125,46.406
34513.0,11504,0,4,8.33,100,99,NA,50.312,47.656,46.218,46.687
34621.0,11504,0,4,6.5,70,53,NA,49.656,47.593,46.125,46.875
34729.0,11504,0,4,9.75,100,54,NA,49.718,47.531,46.25,46.593
34837.0,11504,0,4,8.33,100,62,NA,49.625,47.25,46.156,46.562
34943.0,11504,0,4,8.33,100,57,NA,49.593,47.25,46.218,46.437
35051.0,11504,0,4,9.75,100,59,NA,49.562,47.406,46.437,46.531
35158.0,11504,0,4,9.08,100,58,NA,49.625,47.187,46.125,46.531
35266.0,11504,0,4,8.33,100,58,NA,49.656,47.218,46.187,46.375
35373.0,11504,0,4,8.33,100,57,NA,49.625,47.281,46.187,46.343
35481.0,11504,0,4,9.0,100,62,NA,49.531,47.281,46.187,46.312
35588.0,11504,0,4,8.33,100,27,NA,49.5,47.25,46.281,46.343
35696.0,11504,0,4,9.0,100,48,NA,49.437,47.156,46.187,46.375
35804.0,11504,0,4,9.67,100,99,NA,50.375,47.593,46.25,46.687
35911.0,11504,0,4,6.0,72,53,NA,49.718,47.593,46.406,46.843
36017.0,11504,0,4,8.33,100,62,NA,49.687,47.593,46.281,46.781
36124.0,11504,0,4,8.33,100,59,NA,49.562,47.5,46.281,46.562
36231.0,11504,0,4,9.08,100,57,NA,49.625,47.562,46.187,46.5
36338.0,11504,0,4,8.33,100,59,NA,49.781,47.312,46.218,46.593
36444.0,11504,0,4,8.42,92,66,NA,49.906,47.406,46.343,46.5
36551.0,11504,0,4,9.75,100,59,NA,49.5,47.437,46.187,46.5
36658.0,11504,0,4,8.33,100,64,NA,49.656,47.312,46.343,46.406
36765.0,11504,0,4,8.33,100,60,NA,49.562,47.375,46.343,46.375
36872.0,11504,0,4,9.08,100,60,NA,49.562,47.25,46.218,46.468
36979.0,11504,0,4,9.0,100,38,NA,49.843,47.218,46.281,46.375
37089.0,11504,0,4,8.33,100,99,NA,50.125,47.625,46.25,46.812
37197.0,11504,0,4,6.67,72,77,NA,50.218,47.781,46.312,46.937
37304.0,11504,0,4,8.33,100,58,NA,49.718,47.687,46.531,46.75
37414.0,11504,0,4,9.08,100,62,NA,49.875,47.531,46.343,46.625
37521.0,11504,0,4,8.33,100,61,NA,50.0,47.468,46.406,46.625
37629.0,11504,0,4,8.33,100,61,NA,49.656,47.406,46.312,46.625
37736.0,11504,0,4,9.0,100,55,NA,49.718,47.5,46.406,46.531
37845.0,11504,0,4,9.0,100,61,NA,49.687,47.343,46.25,46.437
37952.0,11504,0,4,8.33,100,63,NA,49.937,47.343,46.343,46.531
38061.0,11504,0,4,9.75,100,64,NA,49.531,47.468,46.281,46.5
38171.0,11504,0,4,8.33,100,64,NA,49.718,47.343,46.25,46.406
38279.0,11504,0,4,8.33,100,38,NA,49.656,47.437,46.218,46.437
38388.0,11504,0,4,8.33,100,99,NA,50.25,47.593,46.406,46.687
38498.0,11504,0,4,6.0,72,99,NA,50.343,48.031,46.25,47.093
38607.0,11504,0,4,9.0,100,57,NA,50.125,47.75,46.343,46.75
38716.0,11504,0,4,7.58,91,59,NA,49.687,47.5,46.281,46.656
38825.0,11504,0,4,8.33,100,58,NA,49.843,47.562,46.437,46.562
38935.0,11504,0,4,8.33,100,55,NA,49.75,47.375,46.312,46.593
39044.0,11504,0,4,8.33,100,59,NA,49.937,47.5,46.312,46.562
39153.0,11504,0,4,8.33,100,57,NA,49.687,47.406,46.281,46.531
39262.0,11504,0,4,8.33,100,63,NA,49.656,47.562,46.437,46.5
39372.0,11504,0,4,8.33,100,60,NA,49.562,47.343,46.312,46.562
39481.0,11504,0,4,9.0,100,64,NA,49.781,47.375,46.437,46.531
39589.0,11504,0,4,10.58,100,36,NA,49.625,47.281,46.312,46.5
39697.0,11504,0,4,9.08,100,99,NA,50.031,47.5,46.406,46.656
39807.0,11504,0,4,8.25,72,99,NA,51.187,47.812,46.375,47.125
39915.0,11504,0,4,10.58,100,56,NA,49.875,47.687,46.5,46.812
40023.0,11504,0,4,8.25,90,57,NA,49.812,47.562,46.562,46.718
40131.0,11504,0,4,10.5,100,57,NA,50.062,47.5,46.437,46.687
40239.0,11504,0,4,9.83,100,59,NA,50.125,47.593,46.625,46.656
40346.0,11504,0,4,10.5,100,60,NA,49.875,47.468,46.343,46.593
40455.0,11504,0,4,11.0,70,61,NA,50.0,47.5,46.437,46.531
40562.0,11504,0,4,8.33,100,62,NA,49.875,47.312,46.343,46.562
40669.0,11504,0,4,8.33,100,65,NA,50.062,47.406,46.343,46.531
40777.0,11503,0,4,9.0,90,61,NA,49.75,47.531,46.5,46.562
40886.0,11503,0,4,9.75,100,66,NA,49.906,47.437,46.343,46.593
40996.0,11503,0,4,11.08,100,41,NA,49.687,47.562,46.531,46.562
41105.0,11504,0,4,9.83,100,99,NA,50.218,47.687,46.468,46.843
41214.0,11504,0,4,7.67,75,99,NA,50.156,48.031,46.531,47.125
41322.0,11504,0,4,10.58,100,57,NA,50.093,47.625,46.375,46.906
41429.0,11504,0,4,9.75,100,52,NA,49.937,47.75,46.593,46.812
41538.0,11504,0,4,8.33,100,61,NA,50.062,47.593,46.5,46.75
41647.0,11504,0,4,9.83,100,56,NA,50.093,47.625,46.5,46.656
41756.0,11504,0,4,9.83,100,55,NA,49.843,47.468,46.343,46.75
41865.0,11504,0,4,8.33,100,55,NA,50.125,47.531,46.531,46.625
41975.0,11504,0,4,8.25,90,64,NA,49.968,47.437,46.468,46.687
42084.0,11504,0,4,9.83,83,60,NA,49.781,47.531,46.531,46.531
42195.0,11504,0,4,9.08,100,62,NA,50.031,47.468,46.468,46.593
42305.0,11504,0,4,9.0,100,28,NA,49.687,47.593,46.375,46.468
42415.0,11504,0,4,9.67,100,99,NA,50.093,47.468,46.531,46.562
42524.0,11504,0,4,9.0,100,99,NA,50.812,47.812,46.5,47.156
42633.0,11504,0,4,9.25,72,56,NA,50.093,47.843,46.531,47.031
42742.0,11504,0,4,8.33,100,56,NA,49.875,47.656,46.437,46.875
42851.0,11504,0,4,11.33,100,57,NA,50.125,47.625,46.5,46.781
42961.0,11504,0,4,9.75,100,60,NA,49.937,47.593,46.468,46.687
43070.0,11504,0,4,11.08,100,59,NA,49.843,47.593,46.5,46.687
43180.0,11504,0,4,9.0,100,58,NA,49.906,47.531,46.437,46.687
43289.0,11504,0,4,9.08,100,60,NA,50.0,47.593,46.593,46.687
43399.0,11504,0,4,8.33,91,62,NA,49.781,47.406,46.5,46.656
43510.0,11504,0,4,9.0,100,63,NA,50.093,47.625,46.75,46.593
43619.0,11504,0,4,10.58,100,63,NA,49.812,47.406,46.531,46.562
43729.0,11504,0,4,9.75,100,40,NA,49.687,47.437,46.468,46.593
43838.0,11504,0,4,9.75,100,99,NA,50.187,47.718,46.562,46.875
43948.0,11504,0,4,6.75,81,93,NA,50.625,48.031,46.531,47.312
44056.0,11504,0,4,7.5,90,59,NA,50.218,47.937,46.562,46.906
44165.0,11504,0,4,11.08,100,53,NA,49.843,47.968,46.562,46.875
44273.0,11504,0,4,9.08,100,59,NA,50.031,47.593,46.656,46.906
44380.0,11504,0,4,10.67,100,55,NA,49.843,47.625,46.625,46.812
44488.0,11504,0,4,8.33,100,56,NA,49.843,47.562,46.468,46.843
44599.0,11504,0,4,8.33,100,59,NA,50.062,47.531,46.625,46.781
44707.0,11504,0,4,9.08,100,57,NA,49.968,47.531,46.593,46.75
44815.0,11504,0,4,9.75,100,61,NA,49.843,47.593,46.656,46.625
44926.0,11504,0,4,9.75,100,65,NA,50.062,47.468,46.531,46.718
45033.0,11504,0,4,9.08,91,30,NA,50.031,47.5,46.656,46.593
45142.0,11504,0,4,11.0,100,99,NA,49.875,47.562,46.531,46.75
45251.0,11504,0,4,9.75,100,99,NA,50.562,47.968,46.625,47.125
45368.0,11504,0,4,7.67,75,49,NA,50.0,48.062,46.656,47.093
45476.0,11504,0,4,9.92,100,60,NA,49.937,47.718,46.562,47.031
45584.0,11504,0,4,9.08,100,54,NA,50.093,47.75,46.75,46.812
45694.0,11504,0,4,9.83,100,60,NA,49.937,47.625,46.562,46.875
45802.0,11504,0,4,8.33,100,59,NA,49.906,47.687,46.625,46.781
45911.0,11504,0,4,10.5,100,56,NA,49.875,47.625,46.562,46.812
46020.0,11504,0,4,9.67,100,59,NA,50.031,47.625,46.625,46.687
46129.0,11504,0,4,9.0,100,65,NA,49.875,47.562,46.562,46.718
46238.0,11504,0,4,9.17,100,59,NA,50.125,47.625,46.656,46.687
46346.0,11504,0,4,9.75,100,60,NA,50.031,47.562,46.531,46.687
46457.0,11504,0,4,9.58,91,41,NA,49.843,47.625,46.656,46.656
46565.0,11504,0,4,8.33,100,99,NA,50.5,47.718,46.531,47.031
46673.0,11504,0,4,6.75,81,99,NA,50.718,48.156,46.625,47.281
46783.0,11504,0,4,9.5,90,55,NA,50.031,47.875,46.593,47.093
46890.0,11504,0,4,8.33,100,54,NA,50.406,47.812,46.593,46.875
46998.0,11504,0,4,9.83,100,57,NA,49.937,47.593,46.718,46.875
47109.0,11504,0,4,11.0,100,61,NA,50.093,47.75,46.593,46.812
47218.0,11504,0,4,9.08,100,62,NA,49.937,47.625,46.593,46.906
47325.0,11504,0,4,9.0,100,61,NA,50.187,47.687,46.625,46.812
47435.0,11504,0,4,9.08,100,61,NA,50.062,47.593,46.562,46.781
47545.0,11504,0,4,9.08,100,64,NA,50.031,47.718,46.718,46.75
47653.0,11504,0,4,9.67,100,62,NA,49.875,47.75,46.625,46.781
47760.0,11504,0,4,9.67,100,28,NA,50.125,47.656,46.593,46.656
47870.0,11504,0,4,9.75,100,99,NA,50.0,47.781,46.781,46.781
47979.0,11504,0,4,8.42,92,99,NA,51.0,48.125,46.625,47.281
48085.0,11504,0,4,7.42,80,53,NA,50.031,48.093,46.781,47.218
48191.0,11504,0,4,9.83,100,60,NA,50.187,47.812,46.593,47.031
48303.0,11504,0,4,9.08,100,53,NA,50.25,47.843,46.781,46.937
48410.0,11504,0,4,9.08,100,61,NA,50.031,47.687,46.687,46.906
48518.0,11504,0,4,9.83,100,58,NA,50.375,47.812,46.687,46.875
48627.0,11504,0,4,8.25,91,57,NA,49.937,47.75,46.656,46.906
48736.0,11504,0,4,9.17,100,59,NA,50.093,47.812,46.593,46.843
48842.0,11504,0,4,8.33,100,59,NA,50.031,47.812,46.843,46.875
48950.0,11504,0,4,10.25,100,60,NA,50.062,47.656,46.656,46.875
49059.0,11504,0,4,9.83,100,61,NA,49.906,47.687,46.875,46.75
49168.0,11504,0,4,11.75,100,40,NA,50.0,47.625,46.687,46.843
49276.0,11504,0,4,11.17,100,99,NA,50.218,47.968,46.718,47.031
49383.0,11504,0,4,8.92,75,99,NA,51.062,48.156,46.656,47.375
49489.0,11504,0,4,9.08,100,56,NA,50.125,47.937,46.75,47.156
49598.0,11504,0,4,9.67,100,58,NA,50.093,48.031,46.937,46.937
49706.0,11504,0,4,8.33,100,61,NA,50.125,47.906,46.781,47.031
49813.0,11504,0,4,9.92,100,55,NA,50.25,47.843,46.843,46.937
49920.0,11504,0,4,9.08,100,59,NA,50.125,47.781,46.625,46.875
50029.0,11504,0,4,9.83,100,62,NA,50.343,47.75,46.75,46.843
50137.0,11504,0,4,9.58,80,56,NA,50.062,47.875,46.75,46.875
50244.0,11504,0,4,9.83,100,63,NA,50.218,47.718,46.75,46.968
50350.0,11504,0,4,8.33,100,61,NA,50.25,47.781,46.718,46.812
50459.0,11504,0,4,9.17,100,28,NA,50.125,47.625,46.718,46.843
50568.0,11504,0,4,9.0,90,52,NA,50.25,47.781,46.812,46.781
50674.0,11504,0,4,9.08,100,99,NA,50.718,48.281,46.875,47.218
50781.0,11504,0,4,7.33,70,57,NA,50.343,48.218,46.75,47.375
50888.0,11504,0,4,9.67,100,56,NA,50.375,48.031,46.843,47.187
50998.0,11504,0,4,9.75,100,53,NA,50.281,47.906,46.687,47.062
51104.0,11504,0,4,10.42,100,58,NA,50.312,48.0,46.781,46.937
51211.0,11504,0,4,8.33,100,62,NA,50.125,48.0,46.968,46.968
51319.0,11504,0,4,9.08,100,55,NA,50.312,47.781,46.843,47.062
51428.0,11504,0,4,10.33,100,56,NA,50.375,47.937,46.937,47.031
51534.0,11504,0,4,8.33,100,61,NA,50.125,47.75,46.781,47.0
51641.0,11504,0,4,9.08,100,61,NA,50.125,47.75,46.812,46.875
51748.0,11504,0,4,9.08,100,63,NA,50.031,47.906,46.906,46.812
51857.0,11504,0,4,9.92,100,32,NA,50.156,47.687,46.812,46.906
51966.0,11504,0,4,9.0,90,99,NA,50.093,48.031,46.968,47.093
52073.0,11504,0,4,9.83,100,99,NA,51.5,48.25,46.75,47.531
52180.0,11504,0,4,7.17,77,53,NA,50.312,48.156,46.875,47.343
52288.0,11504,0,4,9.75,100,56,NA,50.218,48.187,47.093,47.25
52396.0,11504,0,4,10.5,100,53,NA,50.562,47.968,46.843,47.187
52502.0,11504,0,4,8.25,90,63,NA,50.531,47.937,47.0,46.968
52609.0,11504,0,4,9.17,100,61,NA,50.281,47.875,46.75,47.0
52717.0,11504,0,4,9.75,100,55,NA,50.125,47.843,46.937,46.937
52825.0,11504,0,4,9.75,100,55,NA,50.187,47.968,46.718,46.937
52933.0,11504,0,4,9.08,100,60,NA,50.343,47.812,46.781,47.031
53039.0,11504,0,4,9.75,100,66,NA,50.375,47.875,46.937,46.937
53148.0,11504,0,4,9.08,100,44,NA,50.25,47.781,46.875,46.968
53257.0,11504,0,4,9.08,100,40,NA,50.125,47.843,46.843,46.781
53364.0,11504,0,4,9.83,100,99,NA,50.687,48.125,46.781,47.375
53470.0,11504,0,4,6.25,75,99,NA,50.687,48.312,46.812,47.625
53577.0,11504,0,4,8.33,100,55,NA,50.593,48.156,47.0,47.375
53687.0,11504,0,4,9.08,100,56,NA,50.375,48.093,46.812,47.218
53794.0,11504,0,4,10.42,100,56,NA,50.25,48.093,46.906,47.125
53900.0,11504,0,4,9.83,100,55,NA,50.312,48.093,47.031,47.093
54006.0,11504,0,4,9.08,100,61,NA,50.281,47.906,46.875,47.062
54114.0,11504,0,4,10.42,100,62,NA,50.531,47.906,47.031,46.937
54224.0,11504,0,4,10.42,100,55,NA,50.218,47.843,46.843,47.031
54331.0,11504,0,4,8.33,91,59,NA,50.375,47.812,46.875,47.031
54438.0,11504,0,4,8.33,100,62,NA,50.218,48.031,47.031,46.968
54545.0,11504,0,4,9.75,100,29,NA,50.218,47.843,46.937,46.937
54655.0,11504,0,4,9.58,81,97,NA,51.5,47.875,47.031,47.0
54763.0,11504,0,4,8.33,100,99,NA,51.593,48.25,46.875,47.593
54871.0,11504,0,4,7.0,75,52,NA,51.375,48.406,47.031,47.562
54979.0,11504,0,4,9.67,100,54,NA,51.437,48.125,46.906,47.375
55089.0,11504,0,4,10.42,90,53,NA,51.437,48.125,46.937,47.25
55197.0,11504,0,4,8.33,100,60,NA,50.875,48.0,46.875,47.281
55305.0,11504,0,4,9.75,100,60,NA,50.875,48.0,46.968,47.156
55413.0,11504,0,4,9.75,100,57,NA,50.781,47.843,47.093,47.187
55522.0,11504,0,4,10.42,100,57,NA,51.062,47.906,47.0,47.062
55630.0,11504,0,4,10.25,100,60,NA,50.781,48.031,46.906,47.093
55741.0,11504,0,4,9.83,100,59,NA,51.093,47.937,47.0,47.093
55849.0,11504,0,4,9.08,100,62,NA,50.781,48.093,46.906,47.062
55957.0,11504,0,4,8.83,90,41,NA,50.906,47.812,47.0,47.156
56067.0,11504,0,4,8.33,100,99,NA,50.75,48.25,47.0,47.406
56175.0,11504,0,4,8.17,81,99,NA,51.718,48.406,47.0,47.718
56283.0,11504,0,4,10.25,100,56,NA,51.218,48.375,47.125,47.468
56391.0,11504,0,4,9.0,100,55,NA,51.0,48.187,46.968,47.406
56502.0,11504,0,4,9.67,100,58,NA,51.031,48.218,47.218,47.343
56611.0,11504,0,4,8.92,90,57,NA,51.0,48.031,47.0,47.218
56721.0,11504,0,4,9.08,100,56,NA,50.875,47.968,46.937,47.25
56830.0,11504,0,4,9.0,100,58,NA,51.156,48.0,47.093,47.062
56939.0,11504,0,4,10.33,100,57,NA,50.656,48.062,47.0,47.156
57050.0,11504,0,4,9.67,100,58,NA,50.75,48.031,47.031,47.187
57159.0,11504,0,4,9.75,100,60,NA,50.812,47.968,46.937,47.218
57268.0,11504,0,4,9.17,100,29,NA,50.937,47.968,47.031,47.062
57379.0,11504,0,4,10.33,100,99,NA,50.875,48.0,47.031,47.187
57487.0,11504,0,4,9.08,100,99,NA,51.687,48.531,47.062,47.625
57596.0,11504,0,4,6.67,72,53,NA,51.093,48.375,47.031,47.562
57706.0,11504,0,4,9.08,100,57,NA,51.0,48.406,47.218,47.437
57815.0,11504,0,4,9.08,100,54,NA,51.125,48.156,47.031,47.406
57925.0,11504,0,4,8.83,91,62,NA,51.031,48.25,47.25,47.312
58034.0,11504,0,4,9.75,100,62,NA,51.031,48.093,47.031,47.375
58141.0,11504,0,4,9.0,100,55,NA,50.875,48.156,47.187,47.281
58250.0,11504,0,4,8.33,100,55,NA,51.0,48.031,47.062,47.281
58359.0,11504,0,4,9.08,100,60,NA,51.093,48.062,47.218,47.218
58467.0,11504,0,4,9.75,100,66,NA,50.968,47.968,47.062,47.218
58577.0,11504,0,4,10.58,100,56,NA,51.218,48.093,47.093,47.125
58687.0,11504,0,4,8.33,100,41,NA,50.968,47.968,47.0,47.187
58796.0,11504,0,4,9.83,100,99,NA,50.906,48.312,47.125,47.468
58907.0,11504,0,4,7.25,72,71,NA,51.062,48.593,47.062,47.718
59015.0,11504,0,4,9.17,100,57,NA,51.25,48.406,47.156,47.531
59122.0,11504,0,4,10.67,100,55,NA,51.062,48.156,47.062,47.437
59231.0,11504,0,4,9.75,100,59,NA,50.968,48.312,47.156,47.312
59340.0,11504,0,4,11.42,100,57,NA,51.125,48.187,47.062,47.375
59448.0,11504,0,4,8.33,91,61,NA,51.093,48.093,47.125,47.218
59555.0,11504,0,4,9.83,100,58,NA,51.093,48.218,47.062,47.281
59666.0,11504,0,4,10.33,100,58,NA,51.25,48.093,47.156,47.25
59773.0,11504,0,4,9.75,100,58,NA,50.875,48.281,47.093,47.25
59881.0,11504,0,4,9.75,100,58,NA,51.031,48.031,47.062,47.25
59991.0,11504,0,4,9.83,100,29,NA,50.812,48.0,47.093,47.125
60099.0,11504,0,4,9.0,100,99,NA,51.093,48.093,47.093,47.125
60207.0,11504,0,4,9.92,100,99,NA,51.406,48.656,47.0,47.781
60315.0,11504,0,4,6.75,72,52,NA,51.187,48.375,47.093,47.625
60426.0,11504,0,4,9.08,100,61,NA,51.0,48.343,47.093,47.531
60533.0,11504,0,4,8.33,100,54,NA,51.25,48.218,47.093,47.5
60641.0,11504,0,4,10.5,100,60,NA,51.312,48.218,47.25,47.375
60753.0,11504,0,4,8.33,100,61,NA,51.062,48.156,47.125,47.312
60860.0,11504,0,4,9.67,100,58,NA,51.062,48.218,47.343,47.312
60968.0,11504,0,4,10.25,90,61,NA,51.125,48.156,47.093,47.375
61078.0,11504,0,4,8.33,100,63,NA,51.062,48.187,47.218,47.218
61188.0,11504,0,4,9.0,100,60,NA,51.218,48.0,47.156,47.281
61295.0,11504,0,4,10.33,100,27,NA,51.312,48.156,47.343,47.218
61402.0,11504,0,4,9.83,100,41,NA,51.093,48.0,47.093,47.281
61511.0,11504,0,4,10.5,100,99,NA,51.156,48.468,47.218,47.625
61619.0,11504,0,4,7.42,80,71,NA,51.093,48.625,47.093,47.843
61727.0,11504,0,4,9.17,91,54,NA,51.406,48.437,47.218,47.593
61836.0,11504,0,4,9.0,100,58,NA,51.187,48.218,47.125,47.562
61945.0,11504,0,4,8.33,100,57,NA,51.218,48.312,47.187,47.562
62052.0,11504,0,4,9.67,100,61,NA,51.093,48.343,47.375,47.375
62160.0,11504,0,4,9.08,100,56,NA,51.093,48.187,47.093,47.375
62271.0,11504,0,4,9.0,100,56,NA,51.062,48.343,47.312,47.375
62378.0,11504,0,4,9.08,100,62,NA,51.125,48.093,47.218,47.375
62486.0,11504,0,4,9.83,100,60,NA,50.968,48.25,47.281,47.281
62594.0,11504,0,4,9.0,100,62,NA,51.0,48.093,47.156,47.281
62705.0,11504,0,4,9.67,100,29,NA,51.218,48.187,47.281,47.187
62813.0,11504,0,4,8.33,91,99,NA,51.093,48.156,47.156,47.562
62920.0,11504,0,4,12.92,100,99,NA,51.656,48.656,47.187,47.843
63030.0,11504,0,4,6.67,80,53,NA,51.25,48.531,47.218,47.75
63139.0,11504,0,4,8.33,100,57,NA,51.312,48.406,47.375,47.531
63246.0,11504,0,4,9.08,100,59,NA,51.156,48.25,47.437,47.5
63353.0,11504,0,4,15.17,83,46,NA,51.125,48.281,47.218,47.687
63461.0,11504,0,4,8.33,100,55,NA,50.625,48.375,47.437,47.656
63568.0,11504,0,4,9.08,100,55,NA,50.75,48.187,47.25,47.625
63676.0,11504,0,4,10.33,100,56,NA,50.75,48.156,47.343,47.562
63783.0,11504,0,4,8.33,100,64,NA,50.687,48.156,47.156,47.625
63892.0,11504,0,4,9.0,100,62,NA,50.875,48.156,47.25,47.562
63999.0,11504,0,4,9.08,100,58,NA,50.5,48.187,47.281,47.5
64108.0,11505,0,4,9.0,100,40,NA,50.687,48.187,47.187,47.593
64214.0,11505,0,4,9.0,100,99,NA,50.656,48.375,47.312,47.843
64324.0,11505,0,4,8.75,80,99,NA,51.718,48.687,47.156,48.187
64431.0,11505,0,4,9.08,100,53,NA,51.093,48.531,47.312,47.937
64539.0,11505,0,4,8.42,92,53,NA,50.687,48.593,47.187,47.843
64645.0,11505,0,4,9.0,100,59,NA,50.843,48.343,47.25,47.843
64752.0,11505,0,4,9.08,100,57,NA,50.843,48.343,47.406,47.687
64860.0,11505,0,4,9.08,100,57,NA,50.656,48.25,47.281,47.625
64967.0,11505,0,4,8.33,100,57,NA,51.031,48.281,47.25,47.531
65075.0,11505,0,4,8.33,100,59,NA,50.562,48.343,47.437,47.593
65182.0,11505,0,4,10.5,100,60,NA,50.812,48.156,47.218,47.656
65290.0,11505,0,4,8.33,100,58,NA,50.75,48.25,47.343,47.5
65398.0,11505,0,4,11.0,100,63,NA,50.687,48.156,47.25,47.593
65506.0,11505,0,4,10.58,100,38,NA,50.937,48.156,47.281,47.468
65616.0,11505,0,4,8.33,100,99,NA,50.75,48.5,47.218,47.875
65724.0,11505,0,4,6.92,83,99,NA,51.906,48.843,47.281,48.156
65834.0,11505,0,4,10.42,100,57,NA,51.093,48.593,47.312,47.843
65942.0,11505,0,4,9.75,100,54,NA,51.281,48.468,47.343,47.687
66050.0,11505,0,4,8.33,100,57,NA,51.093,48.312,47.187,47.656
66158.0,11505,0,4,9.08,100,58,NA,51.093,48.437,47.343,47.718
66266.0,11505,0,4,9.0,54,55,NA,50.562,48.468,47.437,47.468
66373.0,11505,0,4,9.17,100,55,NA,50.593,48.312,47.312,47.437
66479.0,11505,0,4,9.67,100,65,NA,50.75,48.343,47.375,47.343
66587.0,11505,0,4,8.83,91,66,NA,50.906,48.406,47.281,47.375
66697.0,11505,0,4,9.83,100,60,NA,50.625,48.375,47.25,47.25
66803.0,11505,0,4,8.33,100,28,NA,50.5,48.343,47.375,47.312
66910.0,11505,0,4,8.33,100,98,NA,50.531,48.187,47.187,47.375
67019.0,11505,0,4,9.08,100,99,NA,51.281,48.687,47.375,47.812
67127.0,11505,0,4,6.42,50,51,NA,50.812,48.656,47.156,47.906
67234.0,11505,0,4,9.83,100,54,NA,50.843,48.5,47.375,47.718
67341.0,11505,0,4,10.5,100,58,NA,50.781,48.531,47.531,47.531
67450.0,11505,0,4,9.08,100,59,NA,50.937,48.406,47.437,47.562
67558.0,11505,0,4,8.33,100,58,NA,51.062,48.406,47.468,47.562
67665.0,11505,0,4,9.08,100,60,NA,50.75,48.281,47.312,47.531
67773.0,11505,0,4,10.92,100,56,NA,50.906,48.343,47.406,47.375
67883.0,11505,0,4,10.42,100,60,NA,50.687,48.281,47.312,47.468
67990.0,11505,0,4,9.08,100,63,NA,50.843,48.375,47.375,47.375
68097.0,11505,0,4,8.92,90,63,NA,51.031,48.406,47.375,47.375
68206.0,11505,0,4,11.08,100,38,NA,50.656,48.281,47.406,47.375
68314.0,11505,0,4,9.17,100,99,NA,50.593,48.468,47.468,47.562
68421.0,11505,0,4,8.92,90,99,NA,51.781,48.75,47.281,48.0
68529.0,11505,0,4,6.75,81,57,NA,51.093,48.687,47.437,47.781
68638.0,11505,0,4,9.67,100,57,NA,50.843,48.437,47.343,47.656
68745.0,11505,0,4,9.0,100,59,NA,50.875,48.5,47.406,47.5
68851.0,11505,0,4,9.75,100,59,NA,50.75,48.5,47.5,47.5
68958.0,11505,0,4,9.17,100,59,NA,50.812,48.375,47.312,47.5
69068.0,11505,0,4,9.08,100,55,NA,51.031,48.437,47.375,47.468
69176.0,11505,0,4,9.08,100,60,NA,50.75,48.406,47.343,47.468
69283.0,11505,0,4,7.67,92,64,NA,50.75,48.312,47.281,47.437
69390.0,11505,0,4,11.75,100,58,NA,50.718,48.468,47.5,47.468
69500.0,11505,0,4,9.08,100,28,NA,50.937,48.281,47.312,47.406
69606.0,11505,0,4,9.0,100,41,NA,50.968,48.343,47.437,47.343
69713.0,11505,0,4,9.17,100,99,NA,51.187,48.593,47.312,47.843
69820.0,11505,0,4,7.83,77,59,NA,51.281,48.718,47.437,48.062
69929.0,11505,0,4,11.67,100,54,NA,50.968,48.75,47.562,47.843
70037.0,11505,0,4,7.5,90,60,NA,51.156,48.531,47.375,47.781
70145.0,11505,0,4,9.08,100,57,NA,51.125,48.593,47.437,47.593
70254.0,11505,0,4,9.08,100,61,NA,50.843,48.437,47.406,47.687
70363.0,11505,0,4,9.0,100,57,NA,50.718,48.468,47.5,47.531
70471.0,11505,0,4,9.0,100,56,NA,50.906,48.437,47.375,47.593
70581.0,11505,0,4,10.33,100,60,NA,50.781,48.562,47.531,47.5
70690.0,11505,0,4,10.5,100,61,NA,50.937,48.218,47.281,47.5
70798.0,11505,0,4,9.0,100,61,NA,51.093,48.437,47.5,47.437
70906.0,11505,0,4,9.83,100,32,NA,50.812,48.312,47.343,47.531
71017.0,11505,0,4,9.58,100,99,NA,50.718,48.531,47.468,47.718
71125.0,11505,0,4,9.08,90,99,NA,51.937,48.843,47.437,48.093
71233.0,11505,0,4,8.17,81,59,NA,51.156,48.781,47.468,47.843
71343.0,11505,0,4,10.33,100,61,NA,51.0,48.593,47.406,47.812
71450.0,11505,0,4,9.75,91,54,NA,50.968,48.593,47.468,47.718
71557.0,11505,0,4,8.33,100,60,NA,50.843,48.687,47.437,47.687
71666.0,11505,0,4,9.75,100,63,NA,51.093,48.5,47.406,47.531
71774.0,11505,0,4,9.83,100,59,NA,50.843,48.593,47.593,47.593
71883.0,11505,0,4,9.67,100,62,NA,50.937,48.5,47.437,47.5
71992.0,11505,0,4,10.5,100,66,NA,50.812,48.531,47.593,47.5
72102.0,11505,0,4,9.08,100,59,NA,50.968,48.375,47.468,47.593
72209.0,11505,0,4,9.0,100,25,NA,50.812,48.531,47.468,47.531
72317.0,11505,0,4,9.08,100,41,NA,50.812,48.343,47.406,47.562
72428.0,11505,0,4,9.67,100,99,NA,51.25,48.812,47.593,47.843
72536.0,11505,0,4,6.75,72,88,NA,50.968,49.0,47.468,48.25
72643.0,11505,0,4,8.33,100,58,NA,51.0,48.781,47.5,47.937
72752.0,11505,0,4,10.33,100,54,NA,51.0,48.593,47.406,47.843
72861.0,11505,0,4,8.33,100,58,NA,51.156,48.593,47.531,47.718
72968.0,11505,0,4,9.0,90,62,NA,50.906,48.468,47.406,47.718
73075.0,11505,0,4,9.83,100,56,NA,51.031,48.5,47.562,47.656
73186.0,11505,0,4,10.92,100,58,NA,50.937,48.468,47.437,47.625
73294.0,11505,0,4,8.33,100,58,NA,51.093,48.531,47.5,47.562
73401.0,11505,0,4,9.08,100,55,NA,51.093,48.531,47.656,47.625
73512.0,11505,0,4,9.67,100,64,NA,51.25,48.531,47.468,47.593
73620.0,11505,0,4,9.83,100,28,NA,50.843,48.593,47.593,47.562
73728.0,11505,0,4,9.08,100,99,NA,50.937,48.5,47.437,47.687
73837.0,11505,0,4,9.08,100,99,NA,51.625,48.906,47.593,48.062
73945.0,11505,0,4,7.92,70,53,NA,51.031,48.843,47.468,48.062
74052.0,11505,0,4,8.33,100,59,NA,50.937,48.687,47.562,47.843
74160.0,11505,0,4,9.08,100,56,NA,51.031,48.593,47.468,47.843
74269.0,11505,0,4,8.83,90,60,NA,51.093,48.593,47.562,47.656
74377.0,11505,0,4,8.33,100,55,NA,51.0,48.531,47.5,47.687
74486.0,11505,0,4,9.83,100,58,NA,51.218,48.531,47.562,47.625
74595.0,11505,0,4,8.33,100,59,NA,51.062,48.5,47.5,47.687
74703.0,11505,0,4,9.08,100,61,NA,51.093,48.468,47.468,47.562
74810.0,11505,0,4,8.33,100,59,NA,50.937,48.5,47.718,47.562
74919.0,11505,0,4,9.08,100,61,NA,51.093,48.5,47.531,47.687
75028.0,11505,0,4,9.0,100,42,NA,51.125,48.593,47.625,47.468
75135.0,11505,0,4,9.83,100,99,NA,50.937,48.593,47.468,47.968
75247.0,11505,0,4,6.0,72,99,NA,51.718,49.187,47.656,48.187
75356.0,11505,0,4,10.58,100,56,NA,51.156,48.781,47.562,47.875
75465.0,11505,0,4,9.08,91,52,NA,51.062,48.843,47.656,47.875
75575.0,11505,0,4,9.0,100,56,NA,51.25,48.593,47.625,47.906
75683.0,11505,0,4,9.08,100,60,NA,51.0,48.75,47.656,47.781
75791.0,11505,0,4,9.83,100,55,NA,51.156,48.593,47.531,47.75
75901.0,11505,0,4,9.75,100,63,NA,51.0,48.531,47.718,47.718
76010.0,11505,0,4,10.58,100,57,NA,51.218,48.593,47.656,47.687
76119.0,11505,0,4,9.08,100,61,NA,51.218,48.593,47.656,47.687
76231.0,11505,0,4,9.83,100,65,NA,51.281,48.562,47.531,47.625
76340.0,11505,0,4,8.33,100,29,NA,50.906,48.437,47.531,47.656
76448.0,11505,0,4,9.08,100,99,NA,50.968,48.593,47.562,47.656
76557.0,11505,0,4,8.25,91,99,NA,51.75,48.906,47.687,48.187
76666.0,11505,0,4,6.75,72,50,NA,51.281,48.937,47.562,48.062
76773.0,11505,0,4,9.17,100,59,NA,51.562,48.937,47.718,47.937
76882.0,11505,0,4,11.08,100,53,NA,51.281,48.656,47.562,47.968
76993.0,11505,0,4,11.25,100,57,NA,51.031,48.781,47.562,47.812
77101.0,11505,0,4,9.08,100,60,NA,51.218,48.625,47.656,47.781
77213.0,11505,0,4,9.67,100,59,NA,51.031,48.531,47.593,47.781
77321.0,11505,0,4,9.08,100,55,NA,51.375,48.593,47.75,47.687
77429.0,11505,0,4,9.67,100,65,NA,50.968,48.812,47.625,47.687
77540.0,11505,0,4,9.67,100,58,NA,51.062,48.593,47.625,47.687
77649.0,11505,0,4,7.5,90,47,NA,50.968,48.5,47.468,47.687
77757.0,11505,0,4,9.75,100,41,NA,51.156,48.562,47.625,47.656
77865.0,11505,0,4,8.33,100,99,NA,51.062,48.781,47.531,48.031
77974.0,11505,0,4,6.67,72,99,NA,51.968,49.125,47.593,48.312
78080.0,11505,0,4,10.42,100,57,NA,51.062,49.031,47.75,47.968
78187.0,11505,0,4,11.25,100,55,NA,51.156,48.781,47.625,47.968
78297.0,11505,0,4,9.67,100,56,NA,51.312,48.875,47.75,47.843
78404.0,11505,0,4,9.17,100,62,NA,51.125,48.593,47.593,47.812
78511.0,11505,0,4,9.83,100,53,NA,51.093,48.718,47.75,47.812
78619.0,11505,0,4,10.5,100,58,NA,51.062,48.75,47.562,47.718
78730.0,11505,0,4,9.67,100,59,NA,51.312,48.625,47.656,47.718
78837.0,11505,0,4,9.08,100,61,NA,50.968,48.718,47.781,47.75
78944.0,11505,0,4,10.42,100,64,NA,51.156,48.531,47.562,47.812
79055.0,11505,0,4,8.33,92,29,NA,50.906,48.687,47.812,47.687
79163.0,11505,0,4,8.33,100,96,NA,51.093,48.593,47.593,47.906
79271.0,11505,0,4,9.08,100,99,NA,51.75,49.031,47.718,48.343
79381.0,11505,0,4,7.33,80,59,NA,51.25,49.0,47.687,48.312
79488.0,11505,0,4,9.67,100,59,NA,51.531,48.968,47.781,47.968
79595.0,11505,0,4,10.5,100,54,NA,51.25,48.75,47.656,48.0
79705.0,11505,0,4,9.83,100,59,NA,51.312,48.75,47.75,47.906
79813.0,11505,0,4,9.83,100,61,NA,51.093,48.718,47.625,47.875
79920.0,11505,0,4,9.5,91,55,NA,51.25,48.625,47.75,47.781
80028.0,11505,0,4,9.08,100,58,NA,51.031,48.812,47.875,47.781
80136.0,11505,0,4,9.83,100,61,NA,51.156,48.625,47.718,47.843
80245.0,11505,0,4,10.92,100,59,NA,51.031,48.687,47.875,47.75
80352.0,11505,0,4,9.0,100,59,NA,51.062,48.593,47.718,47.781
80460.0,11505,0,4,9.0,100,41,NA,51.312,48.593,47.75,47.75
80571.0,11505,0,4,8.33,100,99,NA,51.406,48.906,47.656,48.093
80679.0,11505,0,4,7.58,72,99,NA,52.375,49.281,47.718,48.406
80786.0,11505,0,4,8.33,100,53,NA,51.218,49.093,47.781,48.156
80896.0,11505,0,4,9.75,100,56,NA,51.437,48.875,47.812,47.937
81004.0,11505,0,4,9.83,100,59,NA,51.156,49.062,47.687,47.968
81112.0,11505,0,4,9.83,100,57,NA,51.187,48.812,47.75,47.906
81222.0,11505,0,4,10.42,100,56,NA,51.125,48.625,47.687,47.937
81329.0,11505,0,4,8.33,100,59,NA,51.218,48.75,47.687,47.843
81436.0,11505,0,4,8.33,100,56,NA,51.375,48.875,47.718,47.843
81545.0,11505,0,4,9.75,100,62,NA,51.156,48.656,47.656,47.812
81654.0,11505,0,4,10.42,100,59,NA,51.031,48.843,47.843,47.843
81761.0,11505,0,4,10.42,100,29,NA,51.125,48.593,47.625,47.75
81870.0,11505,0,4,9.67,91,97,NA,51.187,48.781,47.718,47.781
81981.0,11505,0,4,10.5,100,99,NA,52.25,49.125,47.687,48.375
82088.0,11505,0,4,6.67,80,53,NA,51.687,49.093,47.781,48.343
82196.0,11505,0,4,9.83,100,54,NA,51.281,48.906,47.656,48.062
82305.0,11505,0,4,9.75,100,54,NA,51.437,48.906,47.875,47.968
82414.0,11505,0,4,10.5,100,56,NA,51.125,48.75,47.75,48.0
82521.0,11505,0,4,9.0,100,61,NA,51.312,48.843,47.875,47.875
82630.0,11505,0,4,7.58,91,55,NA,51.156,48.687,47.937,47.906
82740.0,11505,0,4,9.83,100,59,NA,51.25,48.781,47.687,47.875
82847.0,11505,0,4,9.08,100,57,NA,51.187,48.812,47.875,47.843
82953.0,11505,0,4,9.75,100,64,NA,51.125,48.656,47.687,47.843
83064.0,11505,0,4,9.83,100,66,NA,51.343,48.812,48.0,47.75
83172.0,11505,0,4,9.75,100,38,NA,51.218,48.593,47.75,47.812
83280.0,11505,0,4,9.08,100,99,NA,51.187,49.0,47.781,48.0
83387.0,11505,0,4,8.83,70,99,NA,52.125,49.125,47.656,48.531
83497.0,11505,0,4,10.33,100,54,NA,51.531,49.062,47.843,48.281
83603.0,11505,0,4,9.83,100,58,NA,51.406,49.062,47.968,48.156
83711.0,11505,0,4,9.83,100,61,NA,51.312,48.812,47.718,48.093
83819.0,11505,0,4,9.08,100,56,NA,51.25,49.0,47.906,47.906
83929.0,11505,0,4,8.33,100,59,NA,51.343,48.812,47.75,48.062
84035.0,11505,0,4,9.08,100,61,NA,51.375,48.843,47.781,47.937
84142.0,11505,0,4,8.33,91,58,NA,51.218,48.968,47.718,47.906
84249.0,11505,0,4,11.17,100,63,NA,51.281,48.718,47.656,47.937
84360.0,11505,0,4,8.33,100,64,NA,51.125,48.875,47.937,47.875
84466.0,11505,0,4,9.08,100,28,NA,51.25,48.593,47.781,47.843
84573.0,11505,0,4,8.33,100,91,NA,51.312,48.75,47.812,47.843
84681.0,11505,0,4,9.67,100,99,NA,51.843,49.062,47.687,48.343
84790.0,11505,0,4,7.17,70,49,NA,51.593,49.281,47.875,48.406
84897.0,11505,0,4,10.5,100,53,NA,51.312,49.125,48.031,48.25
85003.0,11505,0,4,8.33,100,60,NA,51.468,48.937,47.812,48.187
85110.0,11505,0,4,9.0,100,62,NA,51.593,48.875,47.906,48.0
85219.0,11505,0,4,9.08,100,56,NA,51.281,48.75,47.812,48.093
85328.0,11505,0,4,9.08,100,56,NA,51.687,48.937,47.937,47.906
85434.0,11505,0,4,9.0,100,55,NA,51.218,49.0,47.968,47.968
85541.0,11505,0,4,9.58,91,66,NA,51.375,48.843,47.812,48.0
85649.0,11505,0,4,8.33,100,58,NA,51.437,48.906,47.875,47.906
85758.0,11505,0,4,9.83,100,58,NA,51.187,48.718,47.687,47.875
85864.0,11505,0,4,9.67,100,29,NA,51.25,48.812,47.781,47.812
85972.0,11505,0,4,9.08,100,99,NA,51.156,49.0,48.0,48.031
86079.0,11505,0,4,8.33,100,99,NA,52.187,49.281,47.781,48.531
86188.0,11505,0,4,8.08,72,57,NA,51.593,49.281,47.968,48.312
86295.0,11505,0,4,9.67,100,58,NA,51.468,48.937,47.781,48.218
86403.0,11505,0,4,10.5,100,53,NA,51.375,49.0,47.843,48.093
86511.0,11505,0,4,9.67,100,62,NA,51.312,48.875,47.75,48.0
86620.0,11505,0,4,8.33,100,56,NA,51.312,48.875,47.937,47.937
86727.0,11505,0,4,9.08,100,61,NA,51.468,49.031,48.0,47.968
86834.0,11505,0,4,8.33,100,56,NA,51.25,48.812,47.906,48.0
86943.0,11505,0,4,9.08,90,60,NA,51.218,48.937,47.906,47.937
87051.0,11505,0,4,9.75,100,61,NA,51.375,48.812,47.875,47.875
87158.0,11505,0,4,9.08,100,61,NA,51.343,48.843,47.906,47.843
87265.0,11505,0,4,9.75,100,40,NA,51.25,48.906,48.062,47.875
87375.0,11505,0,4,9.75,100,99,NA,51.468,49.031,47.812,48.187
87484.0,11505,0,4,8.08,72,99,NA,51.75,49.562,48.062,48.531
87590.0,11505,0,4,9.0,100,53,NA,51.468,49.062,47.843,48.406
87697.0,11505,0,4,9.83,100,58,NA,51.562,49.062,47.968,48.156
87807.0,11505,0,4,9.17,100,62,NA,51.5,48.906,47.875,48.156
87915.0,11505,0,4,9.08,100,58,NA,51.687,48.906,47.968,48.031
88021.0,11505,0,4,9.08,100,56,NA,51.312,49.093,48.062,48.062
88128.0,11505,0,4,9.08,100,61,NA,51.5,48.906,47.937,48.093
88236.0,11505,0,4,9.0,100,55,NA,51.531,49.031,48.031,47.968
88346.0,11505,0,4,8.25,90,61,NA,51.312,48.875,47.875,48.031
88452.0,11505,0,4,9.08,100,64,NA,51.656,48.906,47.968,47.937
88559.0,11505,0,4,9.75,100,28,NA,51.25,48.875,48.125,47.968
88666.0,11505,0,4,9.0,100,98,NA,51.281,48.875,47.937,48.062
88777.0,11505,0,4,10.42,100,99,NA,52.343,49.468,48.125,48.5
88884.0,11505,0,4,6.75,72,55,NA,51.562,49.25,48.0,48.531
88991.0,11505,0,4,9.08,100,57,NA,51.406,49.156,48.031,48.343
89100.0,11505,0,4,9.08,100,55,NA,51.437,49.031,47.843,48.312
89209.0,11505,0,4,10.25,100,63,NA,51.531,49.0,48.062,48.125
89316.0,11505,0,4,9.75,100,62,NA,51.406,48.906,47.937,48.093
89424.0,11505,0,4,9.08,100,56,NA,51.656,49.031,48.0,48.187
89533.0,11505,0,4,11.0,100,55,NA,51.218,49.156,47.875,48.031
89640.0,11505,0,4,9.08,100,63,NA,51.406,48.875,47.937,48.093
89747.0,11505,0,4,9.83,100,59,NA,51.375,48.937,48.0,47.968
89854.0,11505,0,4,9.08,100,61,NA,51.406,48.906,47.875,47.968
89963.0,11505,0,4,8.25,90,39,NA,51.562,48.812,48.0,47.875
90073.0,11505,0,4,9.0,100,99,NA,51.5,48.937,47.968,48.312
90179.0,11505,0,4,8.17,88,99,NA,52.656,49.406,47.937,48.718
90286.0,11505,0,4,8.42,83,54,NA,51.562,49.375,48.093,48.375
90392.0,11505,0,4,10.42,100,55,NA,51.5,49.125,47.937,48.343
90502.0,11505,0,4,10.33,100,63,NA,51.718,49.093,48.0,48.187
90609.0,11505,0,4,9.0,100,59,NA,51.468,49.187,47.968,48.25
90716.0,11505,0,4,8.33,100,61,NA,51.562,49.062,48.062,48.062
90824.0,11505,0,4,9.08,100,57,NA,51.531,49.031,48.125,48.062
90932.0,11505,0,4,9.08,100,58,NA,51.343,48.906,47.906,48.218
91040.0,11505,0,4,9.08,100,61,NA,51.625,49.0,48.156,47.968
91147.0,11505,0,4,9.75,100,64,NA,51.375,49.062,47.937,48.031
91255.0,11505,0,4,9.08,100,28,NA,51.437,48.906,48.0,47.937
91366.0,11505,0,4,9.5,90,45,NA,51.281,48.875,47.906,47.937
91473.0,11505,0,4,9.67,100,99,NA,51.968,49.25,48.031,48.437
91579.0,11505,0,4,7.17,77,59,NA,51.781,49.531,48.093,48.656
91686.0,11505,0,4,9.17,100,54,NA,51.562,49.125,47.968,48.406
91796.0,11505,0,4,9.5,90,57,NA,51.5,49.281,48.093,48.281
91904.0,11505,0,4,10.42,100,59,NA,51.468,49.093,47.906,48.281
92011.0,11505,0,4,9.67,100,58,NA,51.718,49.093,48.0,48.156
92117.0,11505,0,4,10.42,100,61,NA,51.468,49.093,48.093,48.125
92224.0,11505,0,4,9.08,100,62,NA,51.562,48.968,47.968,48.218
92335.0,11505,0,4,9.0,100,58,NA,51.312,49.062,48.062,48.125
92442.0,11505,0,4,9.75,100,61,NA,51.406,48.906,48.0,48.156
92549.0,11505,0,4,9.92,100,61,NA,51.656,49.0,48.062,47.937
92658.0,11505,0,4,9.08,100,29,NA,51.375,49.062,48.0,48.0
92768.0,11505,0,4,9.08,100,99,NA,51.5,48.937,48.062,48.187
92875.0,11505,0,4,8.33,91,99,NA,52.281,49.531,48.187,48.718
92981.0,11505,0,4,7.42,80,54,NA,51.468,49.281,48.062,48.593
93091.0,11505,0,4,9.08,91,61,NA,51.875,49.25,48.156,48.312
93198.0,11505,0,4,9.08,100,57,NA,51.531,49.187,48.0,48.375
93305.0,11505,0,4,8.33,100,61,NA,51.625,49.093,48.0,48.25
93412.0,11505,0,4,9.08,100,61,NA,51.531,49.125,48.25,48.25
93522.0,11505,0,4,9.75,100,57,NA,51.593,49.062,48.062,48.093
93630.0,11505,0,4,10.42,100,59,NA,51.656,49.125,48.25,48.156
93737.0,11505,0,4,9.08,100,58,NA,51.562,49.062,48.031,48.187
93844.0,11505,0,4,9.08,100,65,NA,51.468,49.125,48.093,48.093
93955.0,11505,0,4,9.83,100,65,NA,51.562,49.0,48.062,48.156
94063.0,11505,0,4,9.75,100,41,NA,51.468,49.0,48.062,48.093
94170.0,11505,0,4,11.0,100,99,NA,51.531,49.062,48.0,48.406
94277.0,11505,0,4,7.58,72,99,NA,52.156,49.531,48.0,48.656
94385.0,11505,0,4,9.83,100,57,NA,51.625,49.406,48.156,48.531
94493.0,11505,0,4,8.25,90,52,NA,51.781,49.218,48.062,48.406
94600.0,11505,0,4,9.08,100,59,NA,51.687,49.125,48.187,48.343
94707.0,11505,0,4,8.33,100,60,NA,51.625,49.062,48.031,48.25
94817.0,11505,0,4,10.25,100,52,NA,51.5,49.093,48.125,48.218
94926.0,11505,0,4,9.67,100,58,NA,51.468,49.062,48.062,48.156
95033.0,11505,0,4,8.33,100,55,NA,51.687,49.062,48.093,48.125
95140.0,11505,0,4,8.33,100,58,NA,51.718,49.062,48.218,48.125
95249.0,11505,0,4,10.33,100,64,NA,51.5,49.062,48.062,48.25
95357.0,11505,0,4,8.33,100,28,NA,51.406,49.093,48.156,48.093
95465.0,11505,0,4,9.67,100,65,NA,51.343,49.0,48.062,48.156
95572.0,11505,0,4,9.83,100,99,NA,52.062,49.437,48.062,48.531
95681.0,11505,0,4,6.0,72,53,NA,51.625,49.656,48.062,48.625
95789.0,11505,0,4,9.75,100,61,NA,51.687,49.312,48.125,48.437
95896.0,11505,0,4,9.0,90,53,NA,51.562,49.343,48.218,48.437
96003.0,11505,0,4,9.08,100,55,NA,51.781,49.125,48.125,48.406
96114.0,11505,0,4,9.08,100,60,NA,51.406,49.156,48.218,48.25
96221.0,11505,0,4,9.0,100,55,NA,51.562,49.125,48.062,48.343
96329.0,11505,0,4,9.17,100,57,NA,51.812,49.062,48.218,48.156
96438.0,11505,0,4,9.08,100,64,NA,51.562,49.093,48.156,48.281
96547.0,11505,0,4,9.83,100,58,NA,51.656,49.093,48.187,48.25
96654.0,11505,0,4,9.83,100,58,NA,51.625,49.0,48.031,48.218
96762.0,11505,0,4,8.33,100,37,NA,51.687,49.031,48.093,48.218
96874.0,11505,0,4,9.08,100,99,NA,51.562,49.125,48.062,48.375
96982.0,11505,0,4,8.25,81,99,NA,52.906,49.562,48.187,48.75
97089.0,11505,0,4,8.25,90,55,NA,51.656,49.562,48.312,48.625
97199.0,11505,0,4,8.92,91,57,NA,51.937,49.312,48.218,48.406
97306.0,11505,0,4,8.33,100,55,NA,51.875,49.281,48.375,48.406
97414.0,11505,0,4,9.83,100,60,NA,51.593,49.156,48.125,48.343
97522.0,11505,0,4,9.08,100,59,NA,51.562,49.187,48.312,48.281
97631.0,11505,0,4,9.08,100,55,NA,51.562,49.187,48.062,48.281
97738.0,11505,0,4,9.75,100,61,NA,51.781,49.156,48.187,48.25
97846.0,11505,0,4,9.08,100,64,NA,51.562,49.281,48.125,48.187
97957.0,11505,0,4,10.42,100,63,NA,51.843,49.125,48.218,48.187
98065.0,11505,0,4,9.83,100,28,NA,51.562,49.062,48.125,48.218
98172.0,11505,0,4,9.75,100,41,NA,51.531,48.968,48.093,48.125
98278.0,11505,0,4,9.08,100,99,NA,51.937,49.531,48.25,48.531
98388.0,11505,0,4,8.08,72,75,NA,51.656,49.562,48.187,48.812
98496.0,11505,0,4,9.08,100,56,NA,51.656,49.5,48.312,48.468
98603.0,11505,0,4,9.92,100,53,NA,51.687,49.312,48.156,48.468
98710.0,11505,0,4,8.33,91,57,NA,51.75,49.281,48.218,48.281
98819.0,11505,0,4,9.08,100,61,NA,51.687,49.343,48.062,48.343
98927.0,11505,0,4,10.33,100,55,NA,51.656,49.156,48.218,48.343
99034.0,11505,0,4,8.33,100,55,NA,51.468,49.312,48.25,48.312
99141.0,11505,0,4,9.83,100,60,NA,51.593,49.062,48.156,48.312
99252.0,11505,0,4,8.33,100,61,NA,51.75,49.187,48.218,48.281
99359.0,11505,0,4,10.33,100,61,NA,51.531,49.093,48.156,48.343
99466.0,11505,0,4,9.83,100,29,NA,51.562,49.093,48.187,48.093
99573.0,11505,0,4,9.83,100,99,NA,51.5,49.218,48.343,48.343
99681.0,11505,0,4,9.08,100,99,NA,52.343,49.562,48.156,48.75
99788.0,11505,0,4,6.58,70,56,NA,51.875,49.593,48.25,48.625
99895.0,11505,0,4,9.0,100,58,NA,51.75,49.562,48.156,48.531
100002.0,11505,0,4,9.08,100,56,NA,51.812,49.25,48.218,48.531
100111.0,11506,0,4,9.08,90,56,NA,51.656,49.343,48.406,48.375
100220.0,11506,0,4,9.67,100,60,NA,51.718,49.281,48.187,48.375
100327.0,11506,0,4,9.08,100,58,NA,51.75,49.187,48.406,48.343
100434.0,11506,0,4,10.58,100,61,NA,51.625,49.062,48.156,48.343
100543.0,11506,0,4,9.0,100,66,NA,52.031,49.187,48.406,48.25
100654.0,11506,0,4,9.75,100,59,NA,51.75,49.187,48.218,48.281
100762.0,11506,0,4,9.58,100,59,NA,51.718,49.156,48.281,48.25
100872.0,11506,0,4,9.0,100,41,NA,51.593,49.156,48.218,48.312
100982.0,11506,0,4,10.33,100,99,NA,51.937,49.437,48.375,48.468
101091.0,11506,0,4,6.75,72,99,NA,52.625,49.687,48.125,48.906
101201.0,11506,0,4,9.0,100,61,NA,51.75,49.562,48.406,48.625
101309.0,11506,0,4,10.33,100,52,NA,51.937,49.343,48.281,48.562
101416.0,11506,0,4,8.92,90,61,NA,51.875,49.375,48.406,48.406
101524.0,11506,0,4,8.33,100,56,NA,51.812,49.343,48.25,48.468
101632.0,11506,0,4,9.75,100,53,NA,51.875,49.281,48.312,48.406
101743.0,11506,0,4,8.33,100,62,NA,51.75,49.25,48.156,48.375
101851.0,11506,0,4,9.08,100,56,NA,51.75,49.218,48.312,48.343
101959.0,11506,0,4,9.08,100,61,NA,51.562,49.156,48.375,48.343
102069.0,11506,0,4,10.33,100,65,NA,51.906,49.25,48.281,48.312
102178.0,11506,0,4,9.67,100,29,NA,51.562,49.156,48.187,48.312
102284.0,11506,0,4,9.17,100,96,NA,51.687,49.187,48.25,48.437
102392.0,11506,0,4,9.08,100,99,NA,52.5,49.687,48.375,48.75
102502.0,11506,0,4,7.42,72,50,NA,51.906,49.593,48.281,48.781
102609.0,11506,0,4,10.33,100,60,NA,52.062,49.531,48.312,48.593
102716.0,11506,0,4,8.25,90,53,NA,51.75,49.343,48.375,48.656
102824.0,11506,0,4,9.83,100,57,NA,51.843,49.312,48.375,48.406
102934.0,11506,0,4,9.0,100,63,NA,51.687,49.281,48.281,48.5
103041.0,11506,0,4,9.0,100,61,NA,51.812,49.281,48.218,48.343
103148.0,11506,0,4,9.08,100,59,NA,51.906,49.406,48.437,48.406
103258.0,11506,0,4,10.5,100,60,NA,51.687,49.218,48.187,48.437
103367.0,11506,0,4,9.83,100,58,NA,51.656,49.375,48.406,48.312
103473.0,11506,0,4,8.33,100,62,NA,51.75,49.218,48.25,48.343
103580.0,11506,0,4,9.67,100,35,NA,51.812,49.187,48.375,48.312
103686.0,11506,0,4,9.75,100,99,NA,51.937,49.468,48.5,48.468
103795.0,11505,0,4,8.25,81,99,NA,52.937,49.781,48.343,48.968
103903.0,11505,0,4,8.25,90,57,NA,51.781,49.593,48.437,48.718
104010.0,11505,0,4,9.17,100,53,NA,51.781,49.375,48.281,48.687
104117.0,11505,0,4,9.58,90,58,NA,52.062,49.531,48.25,48.562
104227.0,11505,0,4,9.08,100,60,NA,51.812,49.343,48.25,48.5
104334.0,11505,0,4,9.83,100,57,NA,51.906,49.343,48.406,48.406
104441.0,11505,0,4,9.67,100,61,NA,51.562,49.5,48.406,48.406
104549.0,11505,0,4,9.08,100,55,NA,51.906,49.156,48.375,48.406
104658.0,11505,0,4,8.33,100,58,NA,51.937,49.437,48.531,48.406
104765.0,11505,0,4,9.08,100,64,NA,51.656,49.218,48.281,48.437
104872.0,11505,0,4,9.83,100,37,NA,51.718,49.25,48.281,48.343
104981.0,11505,0,4,8.33,100,42,NA,51.531,49.406,48.312,48.343
105091.0,11505,0,4,9.75,100,99,NA,52.343,49.593,48.375,48.75
105197.0,11505,0,4,5.83,70,49,NA,51.937,49.875,48.406,48.968
105303.0,11505,0,4,11.08,100,54,NA,52.0,49.531,48.375,48.781
105411.0,11505,0,4,8.33,100,56,NA,51.906,49.406,48.531,48.656
105519.0,11505,0,4,8.92,90,62,NA,51.718,49.343,48.312,48.593
105626.0,11505,0,4,9.83,100,55,NA,52.0,49.312,48.343,48.468
105733.0,11505,0,4,9.0,100,58,NA,52.062,49.343,48.5,48.437
105844.0,11505,0,4,8.33,100,61,NA,51.75,49.375,48.375,48.5
105950.0,11505,0,4,9.75,100,59,NA,51.656,49.406,48.468,48.437
106057.0,11505,0,4,10.5,100,59,NA,51.718,49.218,48.25,48.5
106164.0,11505,0,4,9.08,100,66,NA,51.875,49.25,48.343,48.343
106275.0,11505,0,4,10.92,100,29,NA,51.625,49.343,48.312,48.375
106382.0,11505,0,4,9.83,100,99,NA,51.718,49.281,48.312,48.437
106490.0,11505,0,4,10.5,100,99,NA,52.531,49.781,48.531,48.906
106598.0,11505,0,4,5.83,70,48,NA,52.031,49.687,48.312,48.812
106708.0,11505,0,4,9.08,100,54,NA,51.875,49.562,48.531,48.718
106816.0,11505,0,4,10.25,90,60,NA,51.906,49.406,48.406,48.687
106923.0,11505,0,4,9.08,100,55,NA,52.218,49.437,48.468,48.531
107030.0,11505,0,4,9.08,100,61,NA,51.812,49.406,48.593,48.593
107140.0,11505,0,4,9.08,100,59,NA,51.968,49.437,48.375,48.531
107247.0,11505,0,4,9.83,100,54,NA,51.875,49.5,48.406,48.468
107354.0,11505,0,4,9.17,100,61,NA,51.75,49.343,48.343,48.593
107461.0,11505,0,4,11.08,100,64,NA,51.656,49.343,48.437,48.468
107571.0,11505,0,4,10.42,100,63,NA,51.812,49.281,48.406,48.468
107678.0,11505,0,4,8.33,100,42,NA,51.843,49.281,48.375,48.343
107787.0,11505,0,4,9.08,100,99,NA,51.843,49.5,48.343,48.687
107899.0,11505,0,4,6.0,72,99,NA,53.125,49.937,48.531,49.062
108005.0,11505,0,4,10.33,100,54,NA,52.031,49.625,48.406,48.843
108113.0,11505,0,4,9.08,100,55,NA,52.0,49.593,48.468,48.656
108220.0,11505,0,4,9.08,100,58,NA,51.937,49.718,48.593,48.562
108331.0,11505,0,4,9.0,91,55,NA,52.031,49.531,48.468,48.593
108439.0,11505,0,4,9.0,100,57,NA,52.125,49.656,48.593,48.531
108546.0,11505,0,4,8.33,100,62,NA,52.031,49.406,48.406,48.593
108657.0,11505,0,4,9.75,100,58,NA,51.906,49.531,48.687,48.5
108765.0,11505,0,4,9.08,100,63,NA,52.062,49.406,48.468,48.468
108872.0,11505,0,4,8.33,100,62,NA,52.031,49.468,48.562,48.437
108979.0,11505,0,4,8.33,100,29,NA,51.75,49.281,48.375,48.5
109088.0,11505,0,4,9.08,100,72,NA,51.718,49.375,48.437,48.468
109197.0,11505,0,4,10.5,100,99,NA,52.656,49.75,48.375,48.843
109303.0,11505,0,4,5.83,70,48,NA,52.093,49.843,48.406,48.843
109409.0,11505,0,4,10.58,100,57,NA,52.218,49.718,48.5,48.812
109516.0,11505,0,4,10.25,100,56,NA,52.031,49.531,48.406,48.687
109626.0,11505,0,4,9.17,92,53,NA,51.875,49.562,48.593,48.656
109733.0,11505,0,4,10.5,100,56,NA,51.906,49.562,48.437,48.531
109840.0,11505,0,4,11.08,100,60,NA,52.062,49.437,48.468,48.687
109949.0,11505,0,4,9.08,100,59,NA,52.062,49.625,48.625,48.625
110058.0,11505,0,4,8.33,100,66,NA,51.875,49.375,48.437,48.468
110166.0,11505,0,4,8.33,100,59,NA,51.812,49.531,48.562,48.531
110273.0,11505,0,4,9.08,100,59,NA,51.843,49.375,48.5,48.562
110384.0,11505,0,4,10.92,100,34,NA,51.812,49.406,48.562,48.468
110492.0,11505,0,4,9.08,100,99,NA,51.781,49.437,48.468,48.781
110599.0,11505,0,4,8.33,90,99,NA,52.906,49.906,48.5,48.968
110708.0,11505,0,4,8.08,80,53,NA,52.0,49.687,48.437,48.875
110817.0,11505,0,4,9.83,100,55,NA,52.093,49.687,48.468,48.75
110924.0,11505,0,4,9.0,100,61,NA,51.968,49.531,48.625,48.718
111031.0,11505,0,4,9.67,91,56,NA,51.906,49.531,48.531,48.687
111140.0,11505,0,4,8.33,100,58,NA,52.312,49.593,48.625,48.625
111248.0,11505,0,4,9.08,100,61,NA,52.0,49.437,48.468,48.718
111355.0,11505,0,4,9.83,100,56,NA,52.062,49.5,48.531,48.625
111462.0,11505,0,4,11.33,100,59,NA,51.843,49.343,48.656,48.562
111569.0,11505,0,4,9.0,100,66,NA,51.906,49.437,48.468,48.625
111679.0,11505,0,4,10.33,100,45,NA,52.156,49.562,48.531,48.562
111786.0,11505,0,4,9.08,100,42,NA,51.875,49.406,48.468,48.531
111893.0,11505,0,4,8.33,100,99,NA,52.5,49.75,48.531,48.937
112004.0,11505,0,4,6.75,72,67,NA,51.968,49.937,48.531,49.156
112111.0,11505,0,4,10.5,100,53,NA,52.312,49.781,48.531,48.906
112217.0,11505,0,4,9.08,100,54,NA,51.875,49.75,48.437,48.812
112325.0,11505,0,4,9.08,100,60,NA,52.093,49.531,48.531,48.718
112435.0,11505,0,4,8.33,91,58,NA,51.968,49.656,48.687,48.656
112542.0,11505,0,4,8.33,100,61,NA,51.968,49.562,48.562,48.718
112649.0,11505,0,4,9.83,100,58,NA,52.25,49.562,48.531,48.562
112758.0,11505,0,4,10.42,100,62,NA,52.0,49.437,48.406,48.625
112867.0,11505,0,4,9.83,100,62,NA,51.875,49.5,48.531,48.562
112975.0,11505,0,4,8.33,100,58,NA,51.812,49.437,48.468,48.437
113083.0,11505,0,4,9.75,100,31,NA,52.062,49.468,48.531,48.531
113194.0,11505,0,4,9.08,100,99,NA,51.843,49.562,48.437,48.656
113301.0,11505,0,4,9.83,100,99,NA,52.75,49.906,48.531,49.0
113407.0,11505,0,4,6.75,72,54,NA,52.0,49.968,48.687,49.031
113515.0,11505,0,4,9.08,100,60,NA,52.187,49.562,48.5,48.906
113626.0,11505,0,4,10.33,100,57,NA,52.031,49.781,48.593,48.718
113732.0,11505,0,4,8.33,100,60,NA,52.062,49.5,48.468,48.812
113839.0,11505,0,4,9.75,100,59,NA,51.906,49.562,48.531,48.687
113948.0,11505,0,4,9.0,91,56,NA,51.906,49.468,48.531,48.687
114056.0,11505,0,4,9.08,100,59,NA,52.062,49.562,48.593,48.562
114164.0,11505,0,4,9.08,100,58,NA,51.968,49.75,48.718,48.593
114272.0,11505,0,4,9.67,100,61,NA,51.937,49.468,48.5,48.656
114383.0,11505,0,4,9.75,100,62,NA,51.937,49.593,48.531,48.593
114491.0,11505,0,4,9.83,100,41,NA,51.968,49.375,48.531,48.562
114599.0,11505,0,4,10.33,100,99,NA,52.0,49.781,48.593,48.875
114710.0,11505,0,4,6.0,72,99,NA,52.781,50.0,48.531,49.093
114817.0,11505,0,4,8.33,100,59,NA,52.375,49.937,48.687,48.937
114924.0,11505,0,4,9.92,100,54,NA,52.093,49.625,48.531,48.875
115036.0,11505,0,4,9.67,100,56,NA,52.031,49.781,48.718,48.781
115144.0,11505,0,4,9.58,90,60,NA,52.156,49.625,48.531,48.812
115252.0,11505,0,4,9.0,100,55,NA,52.187,49.562,48.593,48.687
115360.0,11505,0,4,9.83,100,55,NA,52.0,49.562,48.531,48.75
115470.0,11505,0,4,8.33,100,63,NA,52.0,49.656,48.625,48.718
115577.0,11505,0,4,9.83,100,63,NA,52.062,49.468,48.593,48.656
115685.0,11505,0,4,9.08,100,58,NA,52.062,49.562,48.625,48.593
115796.0,11505,0,4,9.67,100,29,NA,51.968,49.5,48.625,48.531
115904.0,11505,0,4,9.75,100,99,NA,52.25,49.562,48.531,48.656
116012.0,11505,0,4,9.67,100,99,NA,52.937,49.875,48.5,49.156
116121.0,11505,0,4,7.67,75,48,NA,52.125,49.906,48.593,49.0
116230.0,11505,0,4,11.08,100,55,NA,52.093,50.0,48.562,48.968
116337.0,11505,0,4,8.33,100,58,NA,52.25,49.687,48.562,48.812
116445.0,11505,0,4,9.17,91,56,NA,52.343,49.781,48.687,48.843
116556.0,11505,0,4,9.0,100,57,NA,52.062,49.625,48.593,48.75
116663.0,11505,0,4,9.92,100,59,NA,52.062,49.75,48.593,48.687
116771.0,11505,0,4,9.83,100,53,NA,52.156,49.562,48.5,48.812
116882.0,11505,0,4,10.42,100,59,NA,52.062,49.718,48.562,48.687
116990.0,11505,0,4,9.83,100,64,NA,52.062,49.5,48.656,48.781
117098.0,11505,0,4,9.75,100,62,NA,51.968,49.593,48.812,48.562
117207.0,11505,0,4,8.33,100,41,NA,52.156,49.468,48.562,48.656
117317.0,11505,0,4,9.83,100,99,NA,52.187,49.906,48.812,48.875
117424.0,11505,0,4,7.0,75,99,NA,53.156,50.125,48.531,49.406
117531.0,11505,0,4,11.0,100,60,NA,52.437,49.968,48.562,49.0
117642.0,11505,0,4,9.0,90,52,NA,52.281,49.656,48.593,48.906
117750.0,11505,0,4,8.33,100,62,NA,52.156,49.812,48.687,48.812
117856.0,11505,0,4,11.0,100,56,NA,52.125,49.843,48.812,48.812
117964.0,11505,0,4,9.92,100,59,NA,52.343,49.625,48.593,48.687
118074.0,11506,0,4,9.0,100,57,NA,52.312,49.656,48.781,48.687
118180.0,11506,0,4,9.92,100,58,NA,52.062,49.687,48.625,48.718
118287.0,11506,0,4,8.33,100,64,NA,52.156,49.656,48.656,48.718
118395.0,11506,0,4,9.83,100,63,NA,51.968,49.531,48.5,48.656
118505.0,11506,0,4,9.0,100,29,NA,52.187,49.531,48.718,48.625
118612.0,11506,0,4,10.33,100,77,NA,52.0,49.531,48.593,48.625
118719.0,11506,0,4,9.08,100,99,NA,53.031,49.812,48.625,49.25
118829.0,11506,0,4,7.5,72,47,NA,52.156,50.125,48.531,49.125
118938.0,11506,0,4,9.75,100,61,NA,52.281,49.812,48.562,48.968
119045.0,11506,0,4,9.17,100,55,NA,52.281,49.937,48.656,48.906
119152.0,11506,0,4,9.67,90,59,NA,52.125,49.687,48.531,48.875
119260.0,11506,0,4,9.67,100,61,NA,52.093,49.656,48.687,48.718
119370.0,11506,0,4,10.42,100,55,NA,52.125,49.625,48.562,48.781
119477.0,11506,0,4,8.33,100,55,NA,52.25,49.625,48.718,48.625
119585.0,11506,0,4,9.08,100,65,NA,52.062,49.843,48.781,48.75
119692.0,11506,0,4,9.08,100,61,NA,52.062,49.562,48.656,48.718
119802.0,11506,0,4,9.67,100,63,NA,52.0,49.781,48.906,48.625
119909.0,11506,0,4,10.58,100,38,NA,52.093,49.562,48.687,48.718
120017.0,11506,0,4,9.0,100,99,NA,52.125,49.718,48.656,48.812
120128.0,11506,0,4,8.25,90,99,NA,53.031,50.156,48.656,49.312
120235.0,11506,0,4,7.42,80,53,NA,52.531,50.0,48.718,49.062
120342.0,11506,0,4,9.67,100,56,NA,52.156,49.843,48.656,49.062
120450.0,11506,0,4,8.33,91,60,NA,52.312,49.812,48.687,48.906
120560.0,11506,0,4,11.0,100,56,NA,52.156,49.656,48.906,48.875
120667.0,11506,0,4,9.08,100,56,NA,52.125,49.656,48.75,48.843
120775.0,11506,0,4,9.08,100,59,NA,52.156,49.843,48.906,48.812
120885.0,11506,0,4,9.75,100,59,NA,52.125,49.593,48.718,48.812
120992.0,11506,0,4,10.58,100,58,NA,52.156,49.75,48.843,48.687
121100.0,11506,0,4,8.33,100,64,NA,52.125,49.593,48.687,48.812
121209.0,11506,0,4,9.08,100,57,NA,52.312,49.593,48.75,48.718
121318.0,11506,0,4,9.08,100,41,NA,52.031,49.562,48.656,48.781
121426.0,11506,0,4,9.08,100,99,NA,52.343,50.0,48.75,49.0
121533.0,11506,0,4,7.33,70,82,NA,52.562,50.312,48.625,49.343
121644.0,11506,0,4,9.67,100,56,NA,52.406,49.937,48.75,49.062
121751.0,11506,0,4,8.25,90,53,NA,52.156,50.0,48.937,48.937
121857.0,11506,0,4,10.33,100,56,NA,52.218,49.75,48.718,48.937
121965.0,11506,0,4,9.83,100,56,NA,52.156,49.812,48.812,48.843
122075.0,11506,0,4,9.75,100,62,NA,52.312,49.781,48.687,48.843
122182.0,11506,0,4,9.0,100,63,NA,52.437,49.656,48.781,48.718
122288.0,11506,0,4,10.42,100,59,NA,52.187,49.656,48.875,48.812
122395.0,11506,0,4,9.75,100,60,NA,52.093,49.656,48.687,48.812
122506.0,11506,0,4,9.08,100,64,NA,52.062,49.718,48.968,48.781
122614.0,11506,0,4,9.08,100,29,NA,52.281,49.593,48.656,48.781
122721.0,11506,0,4,9.08,100,99,NA,52.375,49.687,48.718,48.718
122828.0,11506,0,4,8.33,100,99,NA,52.937,49.968,48.593,49.281
122939.0,11506,0,4,7.67,75,51,NA,52.156,50.156,48.843,49.312
123047.0,11506,0,4,8.33,100,58,NA,52.25,49.906,48.75,49.062
123155.0,11506,0,4,9.83,100,57,NA,52.406,49.906,48.812,48.937
123265.0,11506,0,4,7.58,91,57,NA,52.218,49.812,48.75,48.968
123373.0,11506,0,4,9.83,100,56,NA,52.5,49.781,48.843,48.875
123480.0,11506,0,4,8.33,100,58,NA,52.125,49.937,48.687,48.906
123589.0,11506,0,4,8.33,100,60,NA,52.25,49.718,48.718,48.937
123699.0,11506,0,4,10.33,100,60,NA,52.093,49.906,48.718,48.812
123806.0,11506,0,4,9.67,100,65,NA,52.343,49.625,48.781,48.843
123913.0,11506,0,4,9.0,100,64,NA,52.437,49.75,48.843,48.812
124022.0,11506,0,4,9.0,100,40,NA,52.125,49.625,48.656,48.812
124132.0,11506,0,4,11.0,100,99,NA,52.093,50.031,48.75,49.062
124240.0,11506,0,4,5.83,70,99,NA,53.156,50.156,48.812,49.437
124348.0,11506,0,4,10.5,100,54,NA,52.593,50.031,48.843,49.125
124458.0,11506,0,4,9.0,92,55,NA,52.343,49.875,48.718,49.062
124565.0,11506,0,4,9.08,100,58,NA,52.25,49.843,48.906,48.968
124673.0,11506,0,4,9.75,100,59,NA,52.156,49.812,48.781,48.968
124784.0,11506,0,4,8.33,100,53,NA,52.375,49.812,48.843,48.875
124891.0,11506,0,4,10.42,100,62,NA,52.125,49.718,48.718,48.843
124999.0,11506,0,4,10.42,100,60,NA,52.531,49.718,48.781,48.843
125107.0,11506,0,4,8.33,100,59,NA,52.218,49.875,48.968,48.812
125217.0,11506,0,4,9.75,100,61,NA,52.156,49.656,48.781,48.75
125324.0,11506,0,4,9.83,100,29,NA,52.156,49.875,48.968,48.812
125431.0,11506,0,4,9.83,100,95,NA,52.062,49.75,48.718,48.843
125541.0,11506,0,4,9.67,100,99,NA,52.906,50.156,48.812,49.281
125649.0,11506,0,4,5.83,70,49,NA,52.312,50.156,48.812,49.375
125756.0,11506,0,4,8.33,100,53,NA,52.437,50.0,48.906,49.156
125866.0,11506,0,4,8.92,90,57,NA,52.281,49.843,48.75,49.125
125975.0,11506,0,4,10.5,100,54,NA,52.5,49.906,48.843,48.937
126081.0,11506,0,4,8.33,100,55,NA,52.25,49.812,48.75,48.843
126188.0,11506,0,4,9.08,100,62,NA,52.312,49.75,48.812,48.968
126294.0,11506,0,4,9.08,100,62,NA,52.312,49.875,48.937,48.812
126404.0,11506,0,4,9.08,100,60,NA,52.218,49.781,48.718,48.843
126511.0,11506,0,4,9.08,100,64,NA,52.5,49.781,48.843,48.781
126618.0,11506,0,4,9.67,100,63,NA,52.531,49.781,48.875,48.843
126725.0,11506,0,4,8.33,100,40,NA,52.187,49.656,48.875,48.812
126835.0,11506,0,4,10.33,100,99,NA,52.125,50.0,49.031,49.031
126943.0,11506,0,4,9.5,90,99,NA,53.593,50.281,48.812,49.687
127049.0,11506,0,4,9.17,83,53,NA,52.593,50.25,48.843,49.187
127155.0,11506,0,4,8.33,100,56,NA,52.281,50.156,48.968,49.093
127262.0,11506,0,4,9.83,100,60,NA,52.437,49.875,48.75,49.062
127372.0,11506,0,4,9.75,100,58,NA,52.281,49.968,48.968,48.968
127479.0,11506,0,4,9.83,100,60,NA,52.156,49.812,48.781,48.968
127585.0,11506,0,4,8.33,100,59,NA,52.312,49.875,48.812,48.812
127691.0,11506,0,4,9.83,100,56,NA,52.25,49.937,48.937,48.812
127799.0,11506,0,4,10.08,90,63,NA,52.375,49.781,48.812,48.968
127908.0,11506,0,4,9.08,100,64,NA,52.375,49.812,48.937,48.812
128014.0,11506,0,4,9.17,100,27,NA,52.25,49.937,48.75,48.875
128120.0,11506,0,4,9.08,100,40,NA,52.187,49.75,48.75,48.812
128227.0,11506,0,4,9.83,100,99,NA,52.656,50.218,48.781,49.218
128336.0,11506,0,4,7.33,80,70,NA,52.875,50.312,48.843,49.375
128445.0,11506,0,4,9.5,91,54,NA,52.562,50.125,48.875,49.281
128552.0,11506,0,4,8.33,100,58,NA,52.468,50.187,48.812,49.156
128660.0,11506,0,4,9.75,100,60,NA,52.375,49.968,48.937,49.062
128770.0,11506,0,4,9.83,100,60,NA,52.281,50.125,48.812,48.937
128877.0,11506,0,4,9.92,100,59,NA,52.437,49.812,48.843,49.125
128984.0,11506,0,4,9.08,100,59,NA,52.5,49.875,49.031,48.906
129091.0,11506,0,4,9.08,100,59,NA,52.281,49.75,48.781,48.937
129202.0,11506,0,4,9.08,100,62,NA,52.531,49.843,48.906,48.843
129309.0,11506,0,4,9.75,100,58,NA,52.187,49.75,48.906,48.843
129417.0,11506,0,4,9.67,100,29,NA,52.375,49.75,48.843,48.75
129526.0,11506,0,4,8.92,91,99,NA,52.187,49.781,49.031,48.906
129636.0,11506,0,4,10.33,100,99,NA,53.437,50.218,48.937,49.437
129743.0,11506,0,4,8.08,80,52,NA,52.718,50.375,48.875,49.312
129852.0,11506,0,4,9.83,100,57,NA,52.5,50.093,48.875,49.187
129961.0,11506,0,4,10.33,100,53,NA,52.406,50.093,48.843,49.093
130068.0,11506,0,4,8.25,90,61,NA,52.531,49.906,48.875,49.093
130176.0,11506,0,4,9.92,100,61,NA,52.562,50.0,49.0,49.0
130286.0,11506,0,4,9.0,100,57,NA,52.406,49.968,48.875,49.062
130393.0,11506,0,4,10.5,100,60,NA,52.281,49.843,48.968,48.906
130501.0,11506,0,4,9.08,100,58,NA,52.25,49.781,48.843,48.906
130611.0,11506,0,4,9.75,100,64,NA,52.375,49.906,49.0,48.968
130719.0,11506,0,4,9.83,100,66,NA,52.281,49.812,48.812,48.906
130826.0,11506,0,4,9.83,100,41,NA,52.25,49.781,48.906,48.812
130935.0,11506,0,4,9.0,100,99,NA,52.593,50.0,49.031,49.156
131043.0,11506,0,4,6.75,72,99,NA,52.781,50.312,48.968,49.656
131150.0,11506,0,4,9.83,100,54,NA,52.625,50.187,49.0,49.25
131258.0,11506,0,4,8.33,100,59,NA,52.468,49.968,48.937,49.156
131367.0,11506,0,4,11.0,100,63,NA,52.343,50.031,48.968,49.062
131475.0,11506,0,4,9.17,92,55,NA,52.5,49.937,48.812,49.031
131582.0,11506,0,4,9.08,100,58,NA,52.5,49.968,48.937,48.968
131690.0,11506,0,4,8.33,100,56,NA,52.312,50.093,48.843,49.062
131800.0,11506,0,4,9.08,100,60,NA,52.625,49.906,48.906,48.906
131908.0,11506,0,4,8.33,100,66,NA,52.218,50.0,48.812,48.906
132015.0,11506,0,4,11.08,100,60,NA,52.437,49.875,48.781,48.968
132121.0,11506,0,4,9.08,100,29,NA,52.343,49.812,48.937,48.843
132229.0,11506,0,4,9.17,100,73,NA,52.343,49.843,48.843,49.0
132339.0,11506,0,4,9.67,100,99,NA,53.093,50.281,48.875,49.406
132446.0,11506,0,4,6.58,70,51,NA,52.375,50.468,49.031,49.437
132553.0,11506,0,4,9.08,100,57,NA,52.531,50.125,48.906,49.406
132661.0,11506,0,4,8.33,100,54,NA,52.5,50.218,48.968,49.156
132771.0,11506,0,4,7.5,90,60,NA,52.375,49.937,48.937,49.218
132878.0,11506,0,4,8.33,100,55,NA,52.718,49.968,49.0,49.062
132986.0,11506,0,4,9.08,100,62,NA,52.468,49.875,48.875,49.187
133094.0,11506,0,4,9.83,100,62,NA,52.531,49.937,48.937,48.968
133203.0,11506,0,4,10.33,100,59,NA,52.343,50.093,48.812,48.937
133310.0,11506,0,4,9.08,100,65,NA,52.625,49.812,48.906,49.031
133417.0,11506,0,4,9.08,100,66,NA,52.656,49.968,49.031,48.906
133527.0,11506,0,4,9.08,100,37,NA,52.437,49.843,48.906,49.0
133635.0,11506,0,4,9.67,100,99,NA,52.312,50.031,49.093,49.125
133743.0,11506,0,4,9.0,83,99,NA,53.437,50.281,49.0,49.593
133850.0,11506,0,4,8.92,90,55,NA,52.656,50.312,48.968,49.375
133960.0,11506,0,4,9.75,100,52,NA,52.531,50.062,48.937,49.25
134068.0,11506,0,4,7.58,91,63,NA,52.375,50.125,49.031,49.156
134174.0,11506,0,4,11.25,100,55,NA,52.437,50.062,49.031,49.156
134281.0,11506,0,4,9.83,100,55,NA,52.468,49.937,49.0,49.218
134390.0,11506,0,4,9.0,100,63,NA,52.75,50.031,49.062,49.0
134499.0,11506,0,4,11.17,100,55,NA,52.5,49.937,48.906,49.062
134606.0,11506,0,4,9.08,100,58,NA,52.468,49.875,49.031,49.0
134712.0,11506,0,4,8.33,100,65,NA,52.375,50.031,49.062,49.0
134821.0,11506,0,4,9.83,100,28,NA,52.531,49.843,49.031,49.0
134932.0,11506,0,4,9.75,100,41,NA,52.281,50.031,49.0,48.937
135039.0,11506,0,4,10.58,100,99,NA,53.031,50.25,48.937,49.437
135146.0,11506,0,4,6.75,72,67,NA,52.468,50.468,49.093,49.593
135254.0,11506,0,4,9.67,100,55,NA,52.718,50.187,49.0,49.375
135363.0,11506,0,4,8.33,100,59,NA,52.656,50.187,49.031,49.218
135469.0,11506,0,4,9.08,91,60,NA,52.468,50.218,48.875,49.218
135577.0,11506,0,4,10.42,100,55,NA,52.531,50.0,48.937,49.25
135687.0,11506,0,4,9.08,100,60,NA,52.343,49.906,49.218,49.187
135794.0,11506,0,4,9.0,100,60,NA,52.531,50.031,49.031,49.25
135901.0,11506,0,4,9.75,100,59,NA,52.593,50.031,49.062,49.093
136008.0,11506,0,4,9.0,100,59,NA,52.437,49.937,48.906,49.0
136118.0,11506,0,4,10.5,100,60,NA,52.343,50.0,49.062,49.031
136225.0,11506,0,4,9.08,100,31,NA,52.375,49.875,49.156,49.0
136332.0,11506,0,4,9.08,100,99,NA,52.531,49.906,49.0,49.156
136439.0,11506,0,4,9.08,100,99,NA,53.375,50.437,49.062,49.468
136549.0,11506,0,4,8.5,75,51,NA,52.593,50.25,48.968,49.531
136656.0,11506,0,4,8.33,100,59,NA,52.437,50.187,49.093,49.312
136763.0,11506,0,4,8.33,100,56,NA,52.406,50.093,48.968,49.25
136874.0,11506,0,4,9.08,91,59,NA,52.687,50.125,49.125,49.187
136981.0,11506,0,4,9.75,100,62,NA,52.375,49.968,48.875,49.218
137089.0,11506,0,4,9.0,100,55,NA,52.812,50.062,49.031,49.031
137200.0,11506,0,4,9.83,100,57,NA,52.531,50.0,48.937,49.093
137307.0,11506,0,4,9.08,100,62,NA,52.468,50.031,49.031,49.0
137415.0,11506,0,4,10.5,100,59,NA,52.343,50.062,49.25,48.968
137523.0,11506,0,4,9.08,100,60,NA,52.531,50.0,48.968,49.187
137634.0,11506,0,4,10.42,100,41,NA,52.312,49.843,49.187,49.031
137740.0,11506,0,4,9.08,100,99,NA,52.656,50.218,48.937,49.437
137848.0,11506,0,4,6.75,72,89,NA,52.843,50.562,49.125,49.687
137958.0,11506,0,4,8.33,100,53,NA,52.687,50.281,49.031,49.468
138066.0,11506,0,4,9.83,100,57,NA,52.812,50.125,49.125,49.312
138173.0,11506,0,4,9.83,100,54,NA,52.562,50.062,49.0,49.25
138279.0,11506,0,4,8.33,100,61,NA,52.625,50.062,49.0,49.281
138389.0,11506,0,4,9.08,100,58,NA,52.5,50.187,49.031,49.125
138496.0,11506,0,4,8.33,100,60,NA,52.593,50.031,49.031,49.281
138604.0,11506,0,4,8.33,100,58,NA,52.625,50.125,49.093,49.093
138714.0,11506,0,4,9.5,90,57,NA,52.531,50.031,49.031,49.187
138821.0,11506,0,4,8.33,100,66,NA,52.437,50.093,49.031,49.031
138927.0,11506,0,4,10.33,100,29,NA,52.375,50.125,48.968,49.0
139035.0,11506,0,4,8.33,100,99,NA,52.531,50.031,49.031,49.125
139146.0,11506,0,4,10.25,100,99,NA,53.562,50.656,48.906,49.687
139253.0,11506,0,4,7.5,81,52,NA,52.593,50.406,49.031,49.593
139360.0,11506,0,4,9.75,100,54,NA,52.531,50.343,49.093,49.375
139469.0,11506,0,4,8.33,91,61,NA,52.75,50.218,49.031,49.312
139579.0,11506,0,4,10.5,100,60,NA,52.593,50.187,49.093,49.218
139686.0,11506,0,4,9.75,100,63,NA,52.531,50.031,49.0,49.25
139793.0,11506,0,4,9.08,100,58,NA,52.843,50.062,49.062,49.125
139904.0,11506,0,4,10.5,100,56,NA,52.5,50.031,49.062,49.156
140011.0,11506,0,4,8.33,100,64,NA,52.562,50.031,49.0,49.093
140120.0,11506,0,4,9.83,100,57,NA,52.468,49.937,49.25,49.062
140229.0,11506,0,4,9.0,100,60,NA,52.718,50.031,49.031,49.062
140338.0,11506,0,4,11.0,100,40,NA,52.406,49.875,48.968,49.062
140445.0,11506,0,4,9.08,100,99,NA,53.093,50.312,49.031,49.531
140552.0,11506,0,4,7.42,70,99,NA,52.781,50.625,49.156,49.781
140659.0,11506,0,4,10.67,100,55,NA,52.593,50.343,49.062,49.562
140767.0,11506,0,4,9.08,100,56,NA,52.781,50.281,49.031,49.312
140876.0,11506,0,4,9.67,100,55,NA,52.593,50.093,48.968,49.312
140982.0,11506,0,4,9.08,100,62,NA,52.656,50.187,49.156,49.312
141088.0,11506,0,4,9.17,100,56,NA,52.656,50.031,49.156,49.187
141195.0,11506,0,4,8.33,100,57,NA,52.5,50.031,48.906,49.218
141303.0,11506,0,4,9.67,100,59,NA,52.781,50.062,49.093,49.125
141412.0,11506,0,4,9.0,91,63,NA,52.437,50.25,49.0,49.187
141518.0,11506,0,4,9.83,100,58,NA,52.468,50.0,49.0,49.25
141624.0,11506,0,4,9.92,100,28,NA,52.562,50.031,49.093,49.031
141731.0,11506,0,4,8.33,100,91,NA,52.406,50.031,49.218,49.093
141838.0,11506,0,4,9.08,100,99,NA,53.468,50.5,49.062,49.656
141947.0,11506,0,4,8.08,80,50,NA,52.562,50.625,49.156,49.625
142054.0,11506,0,4,8.33,91,56,NA,52.625,50.156,49.156,49.5
142161.0,11506,0,4,8.33,100,57,NA,52.781,50.156,49.156,49.312
142272.0,11506,0,4,9.83,100,53,NA,52.625,50.093,49.062,49.343
142379.0,11506,0,4,9.83,100,62,NA,52.875,50.156,49.125,49.25
142487.0,11506,0,4,9.83,100,57,NA,52.593,50.25,49.281,49.312
142596.0,11506,0,4,9.08,100,56,NA,52.718,50.156,49.062,49.125
142705.0,11506,0,4,11.08,100,63,NA,52.531,50.031,49.281,49.156
142812.0,11506,0,4,9.75,100,58,NA,52.468,50.0,49.062,49.187
142921.0,11506,0,4,8.33,100,58,NA,52.812,50.156,49.187,49.062
143031.0,11506,0,4,11.08,100,40,NA,52.468,50.031,49.125,49.281
143138.0,11506,0,4,9.08,91,99,NA,52.593,50.343,49.156,49.437
143246.0,11506,0,4,9.0,90,99,NA,53.687,50.562,49.031,49.781
143357.0,11506,0,4,8.25,90,60,NA,52.906,50.531,49.25,49.531
143464.0,11506,0,4,9.75,100,53,NA,52.718,50.218,49.0,49.531
143572.0,11506,0,4,8.33,100,53,NA,52.593,50.312,49.156,49.343
143683.0,11506,0,4,10.33,100,62,NA,52.781,50.062,49.156,49.343
143790.0,11506,0,4,8.42,92,54,NA,52.75,50.156,49.125,49.281
143897.0,11506,0,4,9.83,100,57,NA,52.531,50.218,49.062,49.281
144006.0,11506,0,4,9.83,100,61,NA,52.906,50.093,49.093,49.125
144116.0,11506,0,4,9.08,100,64,NA,52.5,50.312,49.031,49.218
144222.0,11506,0,4,9.67,100,58,NA,52.656,50.062,49.093,49.281
144329.0,11506,0,4,9.67,100,28,NA,52.625,50.156,49.218,49.218
144436.0,11506,0,4,9.08,100,41,NA,52.531,50.218,49.125,49.125
144546.0,11506,0,4,8.33,100,99,NA,53.125,50.562,49.187,49.593
144652.0,11506,0,4,6.75,72,48,NA,52.625,50.531,49.312,49.687
144760.0,11506,0,4,9.92,100,55,NA,52.843,50.312,49.156,49.656
144869.0,11506,0,4,9.75,100,55,NA,52.656,50.375,49.281,49.468
144978.0,11506,0,4,9.83,100,59,NA,52.625,50.218,49.062,49.406
145086.0,11506,0,4,9.08,100,54,NA,52.625,50.218,49.281,49.312
145194.0,11506,0,4,8.33,100,60,NA,52.687,50.093,49.062,49.281
145304.0,11506,0,4,9.67,100,59,NA,52.531,50.187,49.156,49.281
145411.0,11506,0,4,10.25,90,61,NA,52.5,50.031,49.093,49.312
145519.0,11506,0,4,8.33,100,60,NA,52.812,50.125,49.156,49.156
145628.0,11506,0,4,9.83,100,61,NA,52.625,50.0,49.125,49.218
145738.0,11506,0,4,9.0,100,35,NA,52.656,50.187,49.218,49.125
145845.0,11506,0,4,9.75,100,99,NA,52.531,50.437,49.156,49.343
145953.0,11506,0,4,9.92,100,99,NA,53.562,50.531,49.156,49.781
146063.0,11506,0,4,6.92,75,56,NA,52.687,50.625,49.125,49.656
146171.0,11506,0,4,9.67,100,50,NA,52.75,50.281,49.187,49.5
146279.0,11506,0,4,9.67,100,57,NA,52.656,50.437,49.281,49.437
146389.0,11506,0,4,9.08,100,60,NA,52.781,50.187,49.187,49.406
146496.0,11506,0,4,9.83,100,57,NA,52.843,50.218,49.375,49.343
146603.0,11506,0,4,9.08,100,55,NA,52.656,50.093,49.187,49.343
146712.0,11506,0,4,9.08,100,54,NA,52.593,50.093,49.281,49.343
146821.0,11506,0,4,9.75,100,59,NA,52.75,50.093,49.093,49.25
146928.0,11506,0,4,8.25,90,63,NA,52.75,50.218,49.218,49.156
147035.0,11506,0,4,8.33,100,48,NA,52.531,50.281,49.281,49.156
147145.0,11506,0,4,9.67,100,42,NA,52.531,50.062,49.156,49.125
147253.0,11506,0,4,9.17,100,99,NA,52.781,50.593,49.343,49.468
147360.0,11506,0,4,6.0,72,60,NA,53.187,50.625,49.156,49.781
147467.0,11506,0,4,9.08,100,53,NA,53.0,50.437,49.187,49.562
147578.0,11506,0,4,9.58,100,55,NA,52.718,50.281,49.281,49.5
147685.0,11506,0,4,9.75,100,59,NA,53.031,50.25,49.25,49.406
147792.0,11506,0,4,9.75,100,59,NA,52.656,50.406,49.312,49.375
147900.0,11506,0,4,9.83,100,58,NA,52.75,50.187,49.218,49.375
148009.0,11506,0,4,9.08,100,61,NA,52.687,50.312,49.343,49.312
148116.0,11506,0,4,10.5,100,58,NA,52.687,50.156,49.187,49.375
148223.0,11506,0,4,8.33,100,59,NA,53.031,50.25,49.187,49.25
148332.0,11506,0,4,9.08,100,63,NA,52.625,50.125,49.062,49.25
148442.0,11506,0,4,9.75,100,29,NA,52.5,50.156,49.281,49.187
148549.0,11506,0,4,8.25,91,99,NA,52.531,50.125,49.156,49.312
148657.0,11506,0,4,10.33,100,99,NA,53.375,50.562,49.218,49.718
148767.0,11506,0,4,8.17,81,51,NA,52.718,50.437,49.218,49.718
148875.0,11506,0,4,7.5,90,55,NA,52.843,50.343,49.25,49.468
148982.0,11506,0,4,9.08,100,52,NA,52.718,50.406,49.375,49.468
149091.0,11506,0,4,9.08,100,56,NA,52.937,50.25,49.218,49.468
149201.0,11506,0,4,9.0,100,57,NA,52.656,50.437,49.406,49.375
149308.0,11506,0,4,9.08,100,61,NA,52.625,50.218,49.218,49.375
149415.0,11506,0,4,11.25,100,58,NA,52.593,50.312,49.25,49.343
149525.0,11506,0,4,10.33,100,59,NA,52.75,50.218,49.125,49.343
149633.0,11506,0,4,8.33,100,65,NA,52.812,50.218,49.187,49.25
149739.0,11506,0,4,9.08,100,66,NA,52.531,50.25,49.468,49.281
149847.0,11506,0,4,11.08,100,41,NA,52.687,50.031,49.187,49.312
149958.0,11506,0,4,10.33,100,99,NA,52.781,50.625,49.406,49.531
150065.0,11506,0,4,6.75,72,99,NA,53.531,50.75,49.25,50.031
150173.0,11506,0,4,9.08,100,55,NA,53.062,50.531,49.312,49.625
150283.0,11506,0,4,9.67,100,53,NA,52.75,50.375,49.25,49.562
150391.0,11506,0,4,9.08,100,56,NA,53.093,50.343,49.375,49.406
150498.0,11506,0,4,9.08,91,62,NA,52.75,50.281,49.156,49.468
150604.0,11506,0,4,9.08,100,59,NA,52.875,50.25,49.312,49.406
150715.0,11506,0,4,9.08,100,55,NA,52.718,50.125,49.156,49.343
150822.0,11506,0,4,9.75,100,65,NA,52.718,50.281,49.25,49.437
150929.0,11506,0,4,10.42,100,67,NA,53.062,50.25,49.312,49.312
151038.0,11506,0,4,9.67,100,58,NA,52.625,50.156,49.187,49.281
151148.0,11506,0,4,9.25,63,28,NA,52.531,50.218,49.437,49.281
151255.0,11506,0,4,9.08,100,71,NA,52.406,50.125,49.125,49.406
151362.0,11506,0,4,11.42,90,99,NA,53.375,50.687,49.218,49.718
151472.0,11506,0,4,7.42,81,51,NA,52.656,50.593,49.281,49.781
151579.0,11506,0,4,10.5,100,59,NA,52.687,50.437,49.343,49.531
151686.0,11506,0,4,10.42,100,57,NA,52.687,50.531,49.406,49.531
151793.0,11506,0,4,8.33,91,56,NA,52.625,50.25,49.25,49.468
151903.0,11506,0,4,9.75,100,56,NA,52.843,50.406,49.375,49.375
152011.0,11506,0,4,8.33,100,57,NA,52.625,50.218,49.125,49.343
152117.0,11506,0,4,9.83,100,62,NA,52.531,50.25,49.343,49.312
152225.0,11506,0,4,9.0,100,61,NA,52.531,50.437,49.437,49.343
152333.0,11506,0,4,9.67,100,58,NA,52.75,50.218,49.187,49.312
152441.0,11506,0,4,10.58,100,58,NA,52.843,50.343,49.343,49.281
152548.0,11506,0,4,9.67,100,34,NA,52.625,50.156,49.25,49.281
152655.0,11506,0,4,8.33,100,99,NA,52.562,50.375,49.281,49.406
152764.0,11506,0,4,10.58,100,99,NA,53.718,50.875,49.218,49.843
152872.0,11506,0,4,7.83,60,54,NA,52.968,50.562,49.281,49.656
152979.0,11506,0,4,7.58,91,57,NA,53.125,50.593,49.406,49.5
153087.0,11506,0,4,8.33,100,61,NA,52.875,50.343,49.312,49.593
153198.0,11506,0,4,8.33,100,55,NA,52.75,50.562,49.437,49.406
153305.0,11506,0,4,9.08,100,62,NA,52.968,50.25,49.218,49.468
153412.0,11506,0,4,9.0,100,55,NA,52.968,50.25,49.343,49.343
153524.0,11506,0,4,9.67,100,55,NA,52.656,50.25,49.375,49.343
153632.0,11506,0,4,9.67,100,61,NA,52.687,50.312,49.437,49.312
153739.0,11506,0,4,8.33,100,63,NA,52.718,50.156,49.218,49.343
153848.0,11506,0,4,10.42,100,65,NA,52.812,50.25,49.25,49.281
153958.0,11506,0,4,9.08,100,42,NA,52.656,50.156,49.281,49.312
154065.0,11506,0,4,9.17,100,99,NA,53.062,50.531,49.312,49.625
154175.0,11506,0,4,6.67,72,99,NA,52.843,50.75,49.25,50.0
154285.0,11506,0,4,8.33,100,57,NA,52.906,50.562,49.406,49.656
154392.0,11506,0,4,11.17,90,59,NA,52.906,50.625,49.375,49.593
154499.0,11506,0,4,8.33,100,62,NA,53.031,50.375,49.281,49.562
154607.0,11506,0,4,9.83,100,55,NA,53.156,50.468,49.437,49.468
154716.0,11506,0,4,8.33,100,58,NA,52.812,50.25,49.343,49.468
154823.0,11506,0,4,9.75,100,60,NA,52.718,50.343,49.375,49.343
154931.0,11506,0,4,9.0,100,61,NA,52.75,50.312,49.25,49.437
155041.0,11506,0,4,8.33,100,59,NA,52.968,50.343,49.343,49.343
155148.0,11506,0,4,10.67,100,65,NA,52.75,50.187,49.25,49.375
155255.0,11506,0,4,9.83,100,29,NA,52.812,50.187,49.343,49.312
155362.0,11506,0,4,9.08,100,99,NA,52.812,50.343,49.437,49.343
155471.0,11506,0,4,9.08,100,99,NA,53.406,50.593,49.25,49.843
155578.0,11506,0,4,8.17,72,50,NA,53.093,50.75,49.406,49.781
155685.0,11506,0,4,8.33,100,57,NA,52.968,50.468,49.25,49.656
155793.0,11506,0,4,9.67,100,56,NA,52.968,50.406,49.312,49.531
155904.0,11506,0,4,9.67,100,55,NA,52.843,50.343,49.25,49.562
156011.0,11506,0,4,9.17,91,55,NA,53.0,50.312,49.375,49.437
156119.0,11506,0,4,9.08,100,59,NA,53.062,50.437,49.468,49.375
156228.0,11506,0,4,9.0,100,57,NA,52.812,50.281,49.406,49.5
156336.0,11506,0,4,9.83,100,58,NA,52.687,50.375,49.5,49.375
156445.0,11506,0,4,11.08,100,66,NA,52.875,50.281,49.25,49.375
156553.0,11506,0,4,9.08,100,66,NA,53.0,50.406,49.5,49.312
156663.0,11506,0,4,9.08,100,38,NA,52.75,50.25,49.281,49.406
156771.0,11506,0,4,9.08,100,99,NA,53.093,50.531,49.343,49.562
156879.0,11506,0,4,8.25,75,99,NA,53.718,50.781,49.25,49.968
156989.0,11506,0,4,9.83,100,56,NA,52.875,50.656,49.375,49.687
157095.0,11506,0,4,9.67,100,54,NA,52.875,50.406,49.312,49.687
157203.0,11506,0,4,9.17,100,58,NA,53.125,50.468,49.406,49.531
157313.0,11506,0,4,9.75,100,56,NA,52.75,50.406,49.281,49.5
157422.0,11506,0,4,9.75,100,56,NA,52.968,50.343,49.406,49.406
157529.0,11506,0,4,8.33,100,62,NA,52.875,50.531,49.5,49.5
157636.0,11506,0,4,8.33,91,57,NA,52.843,50.312,49.281,49.5
157747.0,11506,0,4,8.33,100,60,NA,53.125,50.406,49.5,49.406
157854.0,11506,0,4,9.83,100,65,NA,52.906,50.218,49.343,49.406
157961.0,11506,0,4,9.08,100,28,NA,52.906,50.281,49.406,49.406
158069.0,11506,0,4,8.33,100,85,NA,52.687,50.156,49.281,49.343
158180.0,11506,0,4,9.75,100,99,NA,53.625,50.781,49.437,49.875
158286.0,11506,0,4,6.75,72,50,NA,52.906,50.968,49.5,49.875
158393.0,11506,0,4,9.75,100,57,NA,53.031,50.593,49.437,49.812
158503.0,11506,0,4,10.42,100,60,NA,52.812,50.718,49.562,49.625
158617.0,11506,0,4,9.0,100,58,NA,52.875,50.5,49.468,49.625
158723.0,11506,0,4,9.75,100,55,NA,52.937,50.343,49.375,49.562
158830.0,11506,0,4,9.92,100,60,NA,53.0,50.343,49.437,49.562
158936.0,11506,0,4,9.83,100,56,NA,52.718,50.5,49.468,49.437
159046.0,11506,0,4,11.75,100,60,NA,52.875,50.437,49.375,49.531
159153.0,11506,0,4,9.58,100,64,NA,52.875,50.375,49.437,49.375
159260.0,11506,0,4,9.83,100,62,NA,52.781,50.375,49.312,49.375
159368.0,11506,0,4,7.5,90,38,NA,52.781,50.343,49.437,49.343
159478.0,11506,0,4,9.67,100,99,NA,52.812,50.718,49.343,49.625
159584.0,11506,0,4,8.92,90,99,NA,53.968,50.875,49.375,50.125
159692.0,11506,0,4,8.25,90,54,NA,53.093,50.656,49.468,49.781
159801.0,11506,0,4,9.67,100,51,NA,52.937,50.562,49.406,49.718
159909.0,11506,0,4,9.0,100,58,NA,53.218,50.531,49.5,49.625
160016.0,11506,0,4,8.33,91,55,NA,52.875,50.593,49.375,49.593
160123.0,11506,0,4,10.58,100,56,NA,53.031,50.437,49.5,49.593
160232.0,11506,0,4,9.08,100,58,NA,52.906,50.5,49.593,49.531
160341.0,11506,0,4,8.33,100,56,NA,52.843,50.406,49.406,49.5
160448.0,11506,0,4,11.0,100,59,NA,53.156,50.468,49.437,49.437
160555.0,11506,0,4,9.08,100,66,NA,52.875,50.312,49.343,49.468
160664.0,11506,0,4,8.33,100,27,NA,52.906,50.437,49.406,49.437
160772.0,11506,0,4,9.83,100,41,NA,52.718,50.25,49.375,49.437
160880.0,11506,0,4,10.5,100,99,NA,53.593,50.687,49.343,49.812
160987.0,11506,0,4,7.5,72,48,NA,53.218,51.0,49.531,49.906
161097.0,11506,0,4,8.33,100,55,NA,53.031,50.625,49.437,49.843
161204.0,11506,0,4,9.08,100,59,NA,52.968,50.656,49.468,49.687
161311.0,11506,0,4,8.33,100,62,NA,53.0,50.437,49.437,49.656
161419.0,11506,0,4,9.08,100,55,NA,53.062,50.437,49.5,49.562
161528.0,11506,0,4,9.83,100,57,NA,52.875,50.375,49.406,49.593
161635.0,11506,0,4,8.33,100,56,NA,52.937,50.468,49.312,49.625
161742.0,11506,0,4,9.17,92,63,NA,52.968,50.5,49.437,49.5
161852.0,11506,0,4,9.08,100,60,NA,52.875,50.343,49.406,49.437
161960.0,11506,0,4,9.08,100,61,NA,53.125,50.343,49.531,49.468
162067.0,11506,0,4,9.08,100,29,NA,52.812,50.343,49.375,49.468
162174.0,11506,0,4,9.67,100,99,NA,52.843,50.531,49.437,49.468
162285.0,11506,0,4,10.5,100,99,NA,54.125,50.781,49.375,50.031
162392.0,11506,0,4,6.75,72,53,NA,53.281,50.718,49.5,49.812
162498.0,11506,0,4,9.08,100,53,NA,53.281,50.656,49.531,49.718
162607.0,11506,0,4,9.75,100,60,NA,53.093,50.625,49.5,49.718
162716.0,11506,0,4,10.42,100,58,NA,52.968,50.593,49.562,49.687
162822.0,11506,0,4,9.75,100,58,NA,53.0,50.437,49.343,49.625
162928.0,11506,0,4,9.17,100,60,NA,53.093,50.531,49.375,49.687
163035.0,11506,0,4,9.83,100,55,NA,53.281,50.5,49.531,49.5
163143.0,11506,0,4,8.33,100,58,NA,52.937,50.375,49.406,49.531
163250.0,11506,0,4,8.33,100,63,NA,53.031,50.406,49.5,49.468
163357.0,11506,0,4,8.33,90,62,NA,52.968,50.437,49.5,49.406
163463.0,11506,0,4,11.08,100,41,NA,52.75,50.281,49.406,49.468
163569.0,11506,0,4,9.08,100,99,NA,53.093,50.593,49.437,49.656
163687.0,11506,0,4,7.33,72,99,NA,53.312,50.843,49.5,50.062
163794.0,11506,0,4,9.67,100,60,NA,52.968,50.937,49.406,49.843
163901.0,11506,0,4,9.0,100,53,NA,53.125,50.625,49.468,49.781
164011.0,11506,0,4,9.0,100,56,NA,53.25,50.656,49.656,49.625
164119.0,11506,0,4,9.83,100,57,NA,52.968,50.5,49.468,49.593
164226.0,11506,0,4,9.08,100,55,NA,52.906,50.562,49.531,49.562
164335.0,11506,0,4,8.83,90,59,NA,53.0,50.468,49.406,49.656
164445.0,11506,0,4,9.67,100,65,NA,53.031,50.531,49.468,49.5
164553.0,11506,0,4,10.42,100,61,NA,52.812,50.375,49.5,49.593
164661.0,11506,0,4,9.08,100,65,NA,53.187,50.468,49.531,49.562
164770.0,11506,0,4,11.0,100,29,NA,52.906,50.343,49.5,49.593
164877.0,11506,0,4,8.33,100,82,NA,53.0,50.406,49.468,49.468
164985.0,11506,0,4,9.67,100,99,NA,54.0,50.937,49.593,49.937
165092.0,11506,0,4,8.17,72,49,NA,53.093,50.937,49.375,50.093
165201.0,11506,0,4,9.08,100,54,NA,53.437,50.75,49.625,49.812
165311.0,11506,0,4,9.08,100,55,NA,53.125,50.562,49.5,49.781
165417.0,11506,0,4,10.5,100,59,NA,53.156,50.625,49.593,49.718
165524.0,11506,0,4,8.33,100,62,NA,53.0,50.5,49.718,49.687
165632.0,11506,0,4,9.17,100,56,NA,53.062,50.5,49.531,49.5
165742.0,11506,0,4,9.75,100,55,NA,53.343,50.625,49.437,49.593
165848.0,11506,0,4,9.08,100,61,NA,53.031,50.5,49.468,49.687
165955.0,11506,0,4,9.0,100,61,NA,53.0,50.562,49.531,49.468
166063.0,11506,0,4,9.08,100,62,NA,52.937,50.406,49.5,49.593
166174.0,11506,0,4,8.33,91,39,NA,53.062,50.5,49.5,49.468
166281.0,11506,0,4,9.0,100,99,NA,53.031,50.593,49.375,49.75
166388.0,11506,0,4,9.0,90,99,NA,54.281,51.0,49.593,50.187
166495.0,11506,0,4,8.25,90,54,NA,53.062,50.937,49.625,49.937
166605.0,11506,0,4,9.08,100,50,NA,53.281,50.656,49.468,49.875
166712.0,11506,0,4,9.83,100,60,NA,53.218,50.687,49.593,49.656
166818.0,11506,0,4,8.33,100,57,NA,53.031,50.5,49.406,49.718
166925.0,11506,0,4,9.58,90,56,NA,53.125,50.5,49.531,49.625
167036.0,11506,0,4,9.08,100,62,NA,53.0,50.625,49.5,49.687
167143.0,11506,0,4,11.17,100,57,NA,53.187,50.468,49.5,49.656
167251.0,11506,0,4,9.67,100,61,NA,53.25,50.625,49.625,49.562
167360.0,11506,0,4,9.08,100,64,NA,53.031,50.343,49.562,49.562
167469.0,11506,0,4,9.0,100,27,NA,52.875,50.531,49.593,49.468
167576.0,11506,0,4,8.33,100,40,NA,52.843,50.468,49.531,49.5
167684.0,11506,0,4,9.83,100,99,NA,53.937,50.843,49.562,49.968
167794.0,11506,0,4,8.25,75,50,NA,53.062,50.968,49.5,50.125
167902.0,11506,0,4,8.33,100,53,NA,53.062,50.687,49.531,49.843
168009.0,11506,0,4,9.83,100,60,NA,53.031,50.812,49.75,49.843
168118.0,11506,0,4,10.33,100,62,NA,53.218,50.625,49.562,49.843
168227.0,11506,0,4,9.08,100,61,NA,53.031,50.718,49.5,49.687
168334.0,11506,0,4,10.25,100,56,NA,53.031,50.531,49.562,49.718
168442.0,11506,0,4,9.08,100,56,NA,53.0,50.593,49.656,49.656
168551.0,11506,0,4,11.25,100,58,NA,53.062,50.593,49.531,49.75
168659.0,11506,0,4,9.08,100,63,NA,53.093,50.562,49.625,49.562
168766.0,11506,0,4,9.17,100,57,NA,52.968,50.531,49.468,49.562
168873.0,11506,0,4,8.25,90,36,NA,53.0,50.468,49.562,49.656
168981.0,11506,0,4,9.08,100,99,NA,53.0,50.656,49.656,49.687
169091.0,11507,0,4,9.08,100,99,NA,53.968,51.0,49.531,50.312
169197.0,11507,0,4,8.17,81,58,NA,53.218,50.906,49.593,50.093
169304.0,11507,0,4,8.92,91,57,NA,53.187,50.781,49.5,49.875
169413.0,11507,0,4,10.42,100,56,NA,53.437,50.625,49.687,49.781
169523.0,11507,0,4,9.75,100,57,NA,53.093,50.562,49.5,49.781
169630.0,11507,0,4,8.33,100,56,NA,53.125,50.656,49.531,49.625
169737.0,11507,0,4,9.08,100,58,NA,52.968,50.625,49.718,49.687
169848.0,11507,0,4,11.0,100,59,NA,53.25,50.562,49.531,49.531
169956.0,11507,0,4,8.33,100,61,NA,53.406,50.656,49.718,49.625
170063.0,11507,0,4,11.0,100,64,NA,53.062,50.437,49.531,49.656
170171.0,11507,0,4,8.33,100,33,NA,53.093,50.531,49.625,49.562
170281.0,11507,0,4,10.5,100,41,NA,53.0,50.468,49.5,49.562
170389.0,11507,0,4,9.0,100,99,NA,53.468,50.843,49.718,49.968
170496.0,11507,0,4,7.42,72,92,NA,53.156,51.0,49.531,50.25
170605.0,11507,0,4,9.67,100,53,NA,53.281,50.812,49.656,49.875
170713.0,11507,0,4,10.42,100,59,NA,53.125,50.687,49.531,49.875
170821.0,11507,0,4,9.0,100,61,NA,53.187,50.625,49.593,49.812
170929.0,11507,0,4,9.08,100,56,NA,53.343,50.718,49.781,49.687
171038.0,11507,0,4,8.33,100,63,NA,53.156,50.562,49.562,49.718
171145.0,11507,0,4,9.0,91,55,NA,53.031,50.593,49.687,49.687
171252.0,11507,0,4,10.33,100,60,NA,53.156,50.531,49.593,49.718
171362.0,11507,0,4,8.33,100,60,NA,53.187,50.593,49.656,49.593
171470.0,11507,0,4,11.08,100,60,NA,53.125,50.718,49.562,49.687
171576.0,11507,0,4,9.08,100,29,NA,53.031,50.5,49.562,49.5
171684.0,11507,0,4,9.17,100,99,NA,52.843,50.593,49.781,49.75
171794.0,11507,0,4,9.08,100,99,NA,53.906,51.031,49.593,50.375
171901.0,11507,0,4,8.75,81,56,NA,53.312,51.0,49.718,50.062
172008.0,11507,0,4,9.75,90,58,NA,53.281,50.968,49.531,49.937
172115.0,11507,0,4,9.08,100,58,NA,53.281,50.781,49.625,49.812
172225.0,11507,0,4,10.33,100,55,NA,53.093,50.687,49.625,49.812
172333.0,11507,0,4,9.08,100,55,NA,53.187,50.656,49.562,49.687
172440.0,11507,0,4,8.33,100,58,NA,53.062,50.781,49.75,49.656
172550.0,11507,0,4,9.0,100,58,NA,53.093,50.531,49.656,49.781
172658.0,11507,0,4,9.0,100,63,NA,52.937,50.656,49.75,49.687
172766.0,11507,0,4,9.67,100,65,NA,53.031,50.5,49.593,49.75
172877.0,11507,0,4,9.75,100,65,NA,53.031,50.625,49.687,49.562
172984.0,11507,0,4,9.17,100,42,NA,53.031,50.5,49.531,49.687
173090.0,11507,0,4,9.08,100,99,NA,53.343,50.781,49.625,49.875
173202.0,11507,0,4,5.5,66,99,NA,53.562,51.031,49.593,50.312
173309.0,11507,0,4,9.75,100,58,NA,53.312,50.843,49.593,49.937
173416.0,11507,0,4,8.33,100,53,NA,53.125,50.906,49.781,49.843
173523.0,11507,0,4,9.08,100,56,NA,53.093,50.656,49.562,49.843
173631.0,11507,0,4,10.33,100,62,NA,53.468,50.625,49.718,49.781
173740.0,11507,0,4,10.33,100,56,NA,53.156,50.656,49.593,49.812
173847.0,11507,0,4,9.83,100,55,NA,53.125,50.625,49.625,49.718
173954.0,11507,0,4,9.08,100,63,NA,53.031,50.843,49.75,49.656
174062.0,11507,0,4,8.33,100,66,NA,53.25,50.468,49.593,49.781
174172.0,11507,0,4,10.25,100,60,NA,53.093,50.562,49.906,49.625
174279.0,11507,0,4,7.5,90,28,NA,53.062,50.531,49.656,49.687
174386.0,11507,0,4,9.08,100,94,NA,52.843,50.625,49.687,49.593
174497.0,11507,0,4,10.33,100,99,NA,53.562,51.062,49.593,50.125
174603.0,11507,0,4,6.67,72,49,NA,53.437,51.0,49.656,50.125
174710.0,11507,0,4,9.67,100,54,NA,53.531,51.0,49.937,49.937
174818.0,11507,0,4,8.33,100,56,NA,53.25,50.781,49.656,49.968
174927.0,11507,0,4,9.67,100,55,NA,53.093,50.781,49.656,49.906
175042.0,11507,0,4,9.75,100,56,NA,53.031,50.781,49.781,49.781
175151.0,11507,0,4,9.08,100,62,NA,53.062,50.531,49.593,49.937
175257.0,11507,0,4,9.83,100,54,NA,53.468,50.625,49.593,49.718
175364.0,11507,0,4,9.08,100,61,NA,53.031,50.843,49.781,49.75
175472.0,11507,0,4,9.92,100,62,NA,53.281,50.531,49.5,49.625
175581.0,11507,0,4,9.0,100,63,NA,53.062,50.75,49.843,49.718
175688.0,11507,0,4,9.75,90,35,NA,53.031,50.593,49.531,49.75
175794.0,11507,0,4,8.33,100,99,NA,53.5,50.718,49.687,49.906
175901.0,11507,0,4,8.17,90,99,NA,54.062,51.312,49.875,50.281
176011.0,11507,0,4,8.83,90,59,NA,53.375,50.968,49.718,50.093
176118.0,11507,0,4,8.33,91,55,NA,53.187,50.937,49.875,49.968
176225.0,11507,0,4,9.67,100,56,NA,53.218,50.75,49.625,49.875
176333.0,11507,0,4,9.08,100,62,NA,53.468,50.843,49.781,49.781
176442.0,11507,0,4,9.67,100,62,NA,53.281,50.625,49.656,49.843
176549.0,11507,0,4,9.17,100,55,NA,53.312,50.718,49.687,49.75
176656.0,11507,0,4,9.0,100,59,NA,53.156,50.812,49.781,49.75
176764.0,11507,0,4,9.75,100,63,NA,53.125,50.562,49.593,49.781
176873.0,11507,0,4,9.83,100,58,NA,53.093,50.75,49.812,49.656
176979.0,11507,0,4,9.08,100,26,NA,53.187,50.562,49.531,49.656
177087.0,11507,0,4,10.42,100,41,NA,53.125,50.562,49.656,49.593
177193.0,11507,0,4,8.33,100,99,NA,53.625,51.031,49.781,50.062
177303.0,11507,0,4,8.0,72,98,NA,53.218,51.156,49.625,50.406
177410.0,11507,0,4,8.33,100,56,NA,53.187,50.937,49.75,50.062
177517.0,11507,0,4,11.08,100,58,NA,53.187,50.843,49.625,50.0
177627.0,11507,0,4,7.5,90,60,NA,53.437,50.843,49.781,49.843
177736.0,11507,0,4,9.08,100,55,NA,53.218,50.656,49.687,49.843
177843.0,11507,0,4,9.08,100,62,NA,53.5,50.687,49.718,49.75
177950.0,11507,0,4,9.08,100,57,NA,53.031,50.843,49.875,49.781
178060.0,11507,0,4,9.0,100,63,NA,53.187,50.718,49.687,49.718
178168.0,11507,0,4,9.75,100,62,NA,53.093,50.687,49.875,49.687
178275.0,11507,0,4,9.83,100,61,NA,53.156,50.562,49.656,49.781
178384.0,11507,0,4,8.33,100,29,NA,53.375,50.562,49.718,49.656
178495.0,11507,0,4,8.33,100,99,NA,53.062,50.75,49.656,49.812
178603.0,11507,0,4,10.5,100,99,NA,54.156,51.125,49.843,50.218
178711.0,11507,0,4,6.67,72,52,NA,53.343,51.0,49.656,50.25
178820.0,11507,0,4,8.33,100,53,NA,53.468,50.968,49.812,50.093
178927.0,11507,0,4,9.08,100,60,NA,53.281,50.781,49.718,49.968
179035.0,11507,0,4,9.08,100,56,NA,53.218,50.781,49.781,49.875
179145.0,11507,0,4,8.33,92,59,NA,53.093,50.687,49.625,49.812
179252.0,11507,0,4,9.67,100,62,NA,53.343,50.75,49.75,49.781
179360.0,11507,0,4,9.08,100,56,NA,53.062,50.812,49.812,49.781
179468.0,11507,0,4,10.67,100,58,NA,53.125,50.656,49.687,49.812
179578.0,11507,0,4,9.08,100,65,NA,53.062,50.843,49.968,49.687
179684.0,11507,0,4,9.08,100,48,NA,53.187,50.531,49.687,49.781
179791.0,11507,0,4,9.08,100,41,NA,53.25,50.562,49.718,49.687
179898.0,11507,0,4,11.25,100,99,NA,53.218,51.093,49.656,50.156
180009.0,11507,0,4,7.33,72,99,NA,53.562,51.25,49.718,50.343
180116.0,11507,0,4,9.83,100,53,NA,53.156,51.093,49.937,50.093
180222.0,11507,0,4,9.08,100,53,NA,53.5,50.843,49.656,50.093
180330.0,11507,0,4,12.5,100,58,NA,53.468,50.812,49.75,49.906
180439.0,11507,0,4,11.83,100,56,NA,53.312,50.718,49.593,49.937
180547.0,11507,0,4,9.67,92,59,NA,53.593,50.781,49.781,49.812
180656.0,11507,0,4,9.08,100,59,NA,53.156,50.906,49.625,49.812
180764.0,11507,0,4,9.0,100,58,NA,53.406,50.718,49.718,49.781
180873.0,11507,0,4,9.08,100,62,NA,53.125,50.562,49.875,49.75
180981.0,11507,0,4,10.42,100,61,NA,53.437,50.656,49.75,49.781
181088.0,11507,0,4,8.33,100,29,NA,53.593,50.687,49.875,49.718
181198.0,11507,0,4,10.58,100,88,NA,53.125,50.687,49.75,49.875
181308.0,11507,0,4,9.08,100,99,NA,53.75,51.25,49.812,50.25
181415.0,11507,0,4,8.17,72,51,NA,53.375,51.093,49.718,50.312
181524.0,11507,0,4,9.67,100,55,NA,53.593,51.031,49.937,50.156
181634.0,11507,0,4,9.08,100,53,NA,53.375,50.843,49.75,50.0
181742.0,11507,0,4,9.75,100,59,NA,53.312,50.968,49.843,49.843
181851.0,11507,0,4,9.08,100,57,NA,53.468,50.656,49.75,49.906
181961.0,11507,0,4,9.67,91,63,NA,53.25,50.812,50.0,49.812
182070.0,11507,0,4,9.08,100,56,NA,53.218,50.75,49.812,49.906
182177.0,11507,0,4,9.08,100,61,NA,53.593,50.812,49.843,49.781
182288.0,11507,0,4,9.83,100,65,NA,53.218,50.687,49.718,49.781
182396.0,11507,0,4,11.92,100,58,NA,53.093,50.75,49.968,49.656
182503.0,11507,0,4,8.33,100,42,NA,53.187,50.656,49.656,49.812
182611.0,11507,0,4,8.33,100,99,NA,53.406,51.0,49.75,50.0
182721.0,11507,0,4,8.75,72,99,NA,53.937,51.187,49.718,50.562
182828.0,11507,0,4,9.83,100,55,NA,53.468,51.0,49.75,50.187
182936.0,11507,0,4,9.83,100,53,NA,53.281,51.031,50.0,50.031
183048.0,11507,0,4,8.33,100,54,NA,53.468,50.937,49.875,49.968
183155.0,11507,0,4,11.25,100,59,NA,53.375,50.781,49.718,49.875
183263.0,11507,0,4,9.0,100,59,NA,53.218,50.781,49.812,49.812
183371.0,11507,0,4,9.08,100,59,NA,53.187,50.843,49.968,49.781
183481.0,11507,0,4,10.42,100,62,NA,53.375,50.75,49.781,49.812
183589.0,11507,0,4,9.83,100,66,NA,53.218,50.937,49.968,49.781
183698.0,11507,0,4,9.0,90,60,NA,53.281,50.687,49.718,49.906
183808.0,11507,0,4,9.0,100,29,NA,53.5,50.781,49.75,49.843
183917.0,11507,0,4,9.83,100,99,NA,53.156,50.718,49.718,49.781
184024.0,11507,0,4,9.83,100,99,NA,53.781,51.281,49.906,50.343
184134.0,11507,0,4,9.5,81,51,NA,53.5,51.25,49.718,50.281
184243.0,11507,0,4,8.33,100,53,NA,53.562,51.125,49.906,50.156
184350.0,11507,0,4,13.67,100,52,NA,53.562,50.875,49.812,50.125
184462.0,11507,0,4,10.17,91,59,NA,53.312,51.093,50.0,50.0
184570.0,11507,0,4,9.08,100,58,NA,53.5,50.875,49.75,49.968
184678.0,11507,0,4,9.75,100,58,NA,53.5,50.906,49.906,49.875
184789.0,11507,0,4,9.83,100,60,NA,53.468,50.843,49.843,49.781
184897.0,11507,0,4,10.33,100,58,NA,53.625,50.968,49.906,49.843
185005.0,11507,0,4,9.0,100,66,NA,53.343,50.718,49.781,49.906
185112.0,11507,0,4,11.0,100,65,NA,53.375,50.718,49.843,49.75
185222.0,11507,0,4,9.75,100,41,NA,53.25,50.718,49.812,49.843
185332.0,11507,0,4,9.83,100,99,NA,53.593,51.062,49.875,50.125
185440.0,11507,0,4,6.0,72,99,NA,53.968,51.281,49.781,50.437
185549.0,11507,0,4,12.58,100,54,NA,53.437,51.125,49.906,50.25
185659.0,11507,0,4,9.08,100,56,NA,53.531,50.906,49.781,50.156
185769.0,11507,0,4,9.08,100,59,NA,53.343,51.0,50.031,50.0
185877.0,11507,0,4,10.42,100,55,NA,53.343,50.875,49.843,50.062
185989.0,11507,0,4,9.75,100,61,NA,53.593,50.906,49.968,49.906
186097.0,11507,0,4,9.75,100,61,NA,53.437,50.875,49.781,49.812
186205.0,11507,0,4,7.58,91,55,NA,53.281,51.0,50.0,49.906
186314.0,11507,0,4,11.0,100,62,NA,53.437,50.812,49.843,49.968
186423.0,11507,0,4,9.08,100,59,NA,53.5,50.812,49.906,49.843
186530.0,11507,0,4,8.33,100,29,NA,53.187,50.75,49.781,49.843
186640.0,11507,0,4,9.75,100,99,NA,53.25,50.843,49.875,49.843
186750.0,11507,0,4,11.25,100,99,NA,54.156,51.156,49.781,50.5
186857.0,11507,0,4,6.0,72,52,NA,53.625,51.218,49.937,50.281
186963.0,11507,0,4,9.75,100,53,NA,53.468,50.968,49.781,50.187
187072.0,11507,0,4,9.08,100,59,NA,53.812,50.968,49.875,50.062
187180.0,11507,0,4,10.42,100,55,NA,53.343,51.093,50.0,50.062
187287.0,11507,0,4,9.92,100,55,NA,53.5,50.843,49.812,50.093
187394.0,11507,0,4,9.75,100,61,NA,53.468,50.906,49.875,50.0
187504.0,11507,0,4,8.33,100,56,NA,53.312,50.875,49.843,49.937
187612.0,11507,0,4,9.08,100,59,NA,53.625,50.812,49.843,49.906
187719.0,11507,0,4,8.25,91,64,NA,53.25,51.0,49.75,49.906
187829.0,11507,0,4,9.75,100,66,NA,53.312,50.875,49.843,49.843
187936.0,11507,0,4,9.0,100,38,NA,53.218,50.687,50.0,49.781
188045.0,11507,0,4,9.75,100,99,NA,53.562,50.968,49.75,50.031
188156.0,11507,0,4,6.0,72,99,NA,54.125,51.312,49.781,50.531
188263.0,11507,0,4,8.33,100,53,NA,53.5,51.125,49.843,50.156
188370.0,11507,0,4,9.17,100,58,NA,53.5,51.031,50.062,50.093
188477.0,11507,0,4,9.75,100,62,NA,53.5,50.937,49.875,50.0
188587.0,11507,0,4,9.0,100,58,NA,53.593,50.968,50.0,50.031
188694.0,11507,0,4,9.08,100,60,NA,53.406,50.781,49.781,49.875
188801.0,11507,0,4,9.08,100,60,NA,53.468,50.906,49.875,49.906
188911.0,11507,0,4,9.08,100,58,NA,53.281,50.812,49.812,50.0
189018.0,11507,0,4,9.83,91,61,NA,53.468,50.812,49.843,49.875
189125.0,11507,0,4,8.33,100,64,NA,53.5,50.968,49.937,49.843
189233.0,11507,0,4,8.33,100,29,NA,53.281,50.718,49.75,49.812
189342.0,11507,0,4,9.75,100,91,NA,53.25,50.875,49.906,49.812
189449.0,11507,0,4,9.83,100,99,NA,53.937,51.187,49.843,50.437
189556.0,11507,0,4,6.58,70,50,NA,53.625,51.281,49.843,50.468
189666.0,11507,0,4,9.08,100,58,NA,53.468,51.281,50.031,50.218
189773.0,11507,0,4,8.33,100,53,NA,53.5,50.968,49.968,50.156
189881.0,11507,0,4,9.83,100,59,NA,53.375,51.0,49.937,50.031
189989.0,11507,0,4,9.08,100,59,NA,53.312,50.843,49.875,50.093
190099.0,11507,0,4,9.0,100,56,NA,53.531,51.0,50.031,50.0
190206.0,11507,0,4,8.33,100,58,NA,53.406,50.875,49.781,49.968
190313.0,11507,0,4,10.42,100,61,NA,53.406,50.875,49.968,49.937
190422.0,11507,0,4,8.25,90,66,NA,53.25,50.843,49.812,49.937
190530.0,11507,0,4,8.33,100,65,NA,53.468,50.875,49.875,49.875
190637.0,11507,0,4,10.58,100,36,NA,53.562,50.843,49.937,49.812
190745.0,11507,0,4,9.83,100,99,NA,53.375,50.906,49.843,50.125
190856.0,11507,0,4,8.17,90,99,NA,54.531,51.5,50.062,50.531
190964.0,11507,0,4,7.42,80,57,NA,53.531,51.218,49.875,50.375
191071.0,11507,0,4,10.33,100,56,NA,53.531,51.093,50.0,50.218
191181.0,11507,0,4,9.08,100,58,NA,53.437,50.968,49.906,50.218
191289.0,11507,0,4,9.08,100,55,NA,53.687,51.0,50.0,50.031
191396.0,11507,0,4,9.08,100,55,NA,53.281,51.093,49.906,50.062
191504.0,11507,0,4,8.33,100,62,NA,53.5,50.968,49.875,49.906
191615.0,11507,0,4,10.25,63,59,NA,53.343,50.843,49.875,50.031
191721.0,11507,0,4,8.33,100,60,NA,53.5,50.781,49.937,50.0
191828.0,11507,0,4,9.17,100,65,NA,53.5,51.0,50.0,49.843
191935.0,11507,0,4,9.08,100,36,NA,53.187,50.781,49.812,49.875
192045.0,11507,0,4,9.08,100,41,NA,53.156,50.875,49.875,49.812
192153.0,11507,0,4,9.0,100,99,NA,54.125,51.093,49.843,50.406
192261.0,11507,0,4,8.08,72,41,NA,53.593,51.343,49.906,50.468
192369.0,11507,0,4,9.67,100,59,NA,53.75,51.031,50.125,50.312
192479.0,11507,0,4,9.08,100,57,NA,53.437,51.125,50.0,50.125
192585.0,11507,0,4,9.83,100,60,NA,53.375,51.062,50.062,50.125
192691.0,11507,0,4,9.17,100,55,NA,53.281,50.906,49.843,50.156
192797.0,11507,0,4,9.08,100,58,NA,53.5,50.906,49.968,49.937
192904.0,11507,0,4,9.83,100,62,NA,53.593,51.0,50.125,49.968
193015.0,11507,0,4,9.75,100,61,NA,53.437,50.875,49.937,50.031
193121.0,11507,0,4,9.08,100,56,NA,53.218,50.906,49.968,49.906
193227.0,11507,0,4,9.08,90,60,NA,53.25,50.718,49.906,49.968
193333.0,11507,0,4,9.83,100,29,NA,53.125,50.75,49.906,49.937
193440.0,11507,0,4,9.08,100,97,NA,53.187,50.937,50.0,49.906
193548.0,11507,0,4,9.0,100,99,NA,54.437,51.343,49.875,50.5
193655.0,11507,0,4,7.5,41,51,NA,53.75,51.312,49.937,50.375
193762.0,11507,0,4,9.08,100,59,NA,53.781,51.187,50.093,50.25
193870.0,11507,0,4,8.33,100,54,NA,53.562,51.031,50.0,50.187
193980.0,11507,0,4,9.08,100,55,NA,53.5,51.125,50.062,50.062
194088.0,11507,0,4,9.75,100,55,NA,53.531,50.937,50.0,50.125
194195.0,11507,0,4,9.75,100,63,NA,53.625,51.0,50.0,50.031
194306.0,11507,0,4,8.25,91,63,NA,53.375,50.875,49.843,50.062
194413.0,11507,0,4,9.08,100,63,NA,53.687,51.0,49.968,49.906
194521.0,11507,0,4,8.33,100,63,NA,53.312,51.093,49.906,50.0
194629.0,11507,0,4,10.92,100,63,NA,53.375,50.875,49.968,49.875
194739.0,11507,0,4,9.83,100,37,NA,53.281,51.062,49.937,50.0
194847.0,11507,0,4,9.0,100,99,NA,53.625,51.093,50.0,50.25
194956.0,11507,0,4,8.17,72,99,NA,54.687,51.437,50.156,50.593
195065.0,11507,0,4,9.08,100,58,NA,53.687,51.312,50.031,50.281
195172.0,11507,0,4,8.33,100,53,NA,53.5,51.25,50.125,50.281
195280.0,11507,0,4,9.0,100,57,NA,53.468,51.0,50.0,50.281
195389.0,11507,0,4,10.42,100,55,NA,53.687,51.093,50.0,50.062
195498.0,11507,0,4,9.08,100,57,NA,53.5,50.906,50.0,50.156
195606.0,11507,0,4,9.83,100,56,NA,53.406,51.0,50.062,50.0
195713.0,11507,0,4,8.33,91,60,NA,53.375,50.875,49.875,50.062
195824.0,11507,0,4,9.67,100,64,NA,53.5,50.968,50.093,50.031
195932.0,11507,0,4,9.08,100,59,NA,53.437,50.937,49.906,50.031
196040.0,11507,0,4,10.42,100,28,NA,53.687,50.843,50.0,49.937
196149.0,11507,0,4,9.75,100,76,NA,53.375,50.812,49.875,49.968
196257.0,11507,0,4,9.0,100,99,NA,54.031,51.281,49.937,50.437
196364.0,11507,0,4,7.17,70,47,NA,53.531,51.437,50.093,50.5
196472.0,11507,0,4,8.33,100,54,NA,53.593,51.125,49.968,50.281
196581.0,11507,0,4,9.08,100,56,NA,53.781,51.125,50.062,50.25
196688.0,11507,0,4,9.08,100,54,NA,53.531,50.937,50.0,50.281
196795.0,11507,0,4,9.08,100,58,NA,53.656,51.062,50.0,50.062
196906.0,11507,0,4,9.0,100,60,NA,53.406,50.906,49.937,50.093
197013.0,11507,0,4,8.17,90,60,NA,53.625,50.968,50.0,49.968
197121.0,11507,0,4,9.75,100,63,NA,53.812,51.093,49.968,50.062
197231.0,11507,0,4,8.33,100,61,NA,53.562,51.0,49.968,49.968
197339.0,11507,0,4,10.5,100,59,NA,53.375,51.031,50.093,50.031
197447.0,11507,0,4,9.75,100,33,NA,53.593,50.843,50.0,50.031
197557.0,11507,0,4,8.33,100,99,NA,53.625,51.187,50.031,50.218
197664.0,11507,0,4,9.58,90,99,NA,54.781,51.5,49.937,50.718
197771.0,11507,0,4,7.42,81,57,NA,53.593,51.312,50.0,50.437
197878.0,11507,0,4,10.33,100,57,NA,53.562,51.343,49.968,50.312
197987.0,11507,0,4,9.08,100,59,NA,53.781,51.125,50.0,50.218
198095.0,11507,0,4,9.75,100,55,NA,53.562,51.281,50.187,50.281
198202.0,11507,0,4,8.33,100,55,NA,53.531,51.0,50.031,50.187
198310.0,11507,0,4,9.08,100,57,NA,53.437,51.062,50.125,50.093
198420.0,11507,0,4,10.33,100,59,NA,53.562,51.0,50.0,50.218
198528.0,11507,0,4,9.75,100,64,NA,53.656,51.0,50.093,50.0
198634.0,11507,0,4,9.0,90,63,NA,53.5,51.125,50.0,50.031
198743.0,11507,0,4,9.67,100,51,NA,53.781,50.937,50.062,49.968
198853.0,11507,0,4,8.33,100,42,NA,53.437,50.843,49.968,50.031
198960.0,11507,0,4,10.33,100,99,NA,53.75,51.25,50.0,50.312
199069.0,11507,0,4,8.25,72,73,NA,53.718,51.562,49.968,50.625
199178.0,11507,0,4,9.0,100,53,NA,53.875,51.281,50.031,50.468
199285.0,11507,0,4,9.08,100,55,NA,53.531,51.156,50.156,50.281
199392.0,11507,0,4,9.08,100,59,NA,53.687,51.093,49.968,50.281
199504.0,11507,0,4,9.08,100,58,NA,53.5,51.187,50.156,50.218
199610.0,11507,0,4,9.08,100,61,NA,53.5,51.0,50.0,50.218
199717.0,11507,0,4,9.83,100,62,NA,53.843,51.0,50.0,50.031
199824.0,11507,0,4,10.42,100,59,NA,53.531,51.093,50.218,50.062
199934.0,11507,0,4,9.0,100,62,NA,53.593,51.031,50.0,50.0
200041.0,11507,0,4,9.08,100,60,NA,53.437,51.031,50.187,50.093
200148.0,11507,0,4,7.5,90,29,NA,53.5,50.875,49.937,50.062
200255.0,11507,0,4,10.5,100,99,NA,53.718,50.968,50.062,50.031
200366.0,11507,0,4,9.0,100,99,NA,54.593,51.312,49.968,50.562
200472.0,11507,0,4,7.5,72,52,NA,53.812,51.437,50.062,50.468
200580.0,11507,0,4,9.92,100,58,NA,53.656,51.281,50.187,50.406
200689.0,11507,0,4,8.33,100,54,NA,53.812,51.156,50.031,50.281
200798.0,11507,0,4,9.08,100,60,NA,53.843,51.187,50.25,50.218
200904.0,11507,0,4,9.83,100,63,NA,53.687,51.125,50.0,50.281
201012.0,11507,0,4,11.08,100,56,NA,53.656,51.062,50.062,50.187
201121.0,11507,0,4,9.08,100,59,NA,53.5,51.0,50.031,50.187
201229.0,11507,0,4,8.33,100,66,NA,53.656,51.0,50.093,50.031
201336.0,11507,0,4,8.33,100,63,NA,53.812,51.062,50.281,50.125
201443.0,11507,0,4,11.17,100,65,NA,53.5,50.968,49.968,50.125
201554.0,11507,0,4,8.25,91,40,NA,53.375,51.062,49.875,50.031
201661.0,11507,0,4,10.5,100,99,NA,53.531,51.218,50.0,50.437
201769.0,11507,0,4,7.17,77,99,NA,54.781,51.593,50.031,50.687
201877.0,11511,0,4,9.0,91,60,NA,53.687,51.312,50.0,50.437
201987.0,11511,0,4,9.08,100,56,NA,53.562,51.281,50.125,50.375
202095.0,11511,0,4,10.42,100,60,NA,53.625,51.156,50.0,50.281
202203.0,11511,0,4,8.33,100,57,NA,53.75,51.187,50.031,50.156
202313.0,11511,0,4,9.0,100,60,NA,53.531,51.125,50.0,50.281
202421.0,11511,0,4,9.67,100,61,NA,53.843,51.062,50.093,50.125
202529.0,11511,0,4,9.08,100,59,NA,53.531,51.125,50.218,50.187
202639.0,11511,0,4,10.42,100,58,NA,53.593,51.031,50.0,50.062
202746.0,11511,0,4,8.33,100,64,NA,53.562,51.125,50.25,50.0
202854.0,11511,0,4,9.92,100,28,NA,53.468,50.906,50.062,50.156
202963.0,11511,0,4,9.75,100,97,NA,53.937,51.125,50.187,50.093
203073.0,11511,0,4,8.33,91,99,NA,54.0,51.5,50.031,50.687
203180.0,11511,0,4,7.17,77,47,NA,53.593,51.531,50.187,50.593
203287.0,11511,0,4,9.83,100,54,NA,53.687,51.187,50.031,50.5
203398.0,11511,0,4,9.08,100,58,NA,53.937,51.281,50.187,50.343
203505.0,11511,0,4,9.75,90,56,NA,53.656,51.093,50.031,50.281
203613.0,11511,0,4,9.08,100,55,NA,53.656,51.062,50.125,50.156
203721.0,11511,0,4,9.08,100,62,NA,53.593,51.0,50.093,50.312
203830.0,11511,0,4,9.83,100,62,NA,53.843,51.093,50.125,50.218
203937.0,11511,0,4,11.75,100,58,NA,53.843,51.187,50.218,50.187
204044.0,11511,0,4,9.83,100,62,NA,53.593,51.062,50.062,50.218
204153.0,11511,0,4,9.08,100,60,NA,53.5,51.062,50.156,50.093
204262.0,11511,0,4,9.67,100,36,NA,53.687,50.937,50.0,50.062
204369.0,11511,0,4,9.08,100,99,NA,53.781,51.156,50.062,50.343
204476.0,11511,0,4,9.0,90,99,NA,54.375,51.625,50.031,50.687
204585.0,11511,0,4,8.08,81,55,NA,53.75,51.437,50.062,50.468
204694.0,11511,0,4,9.67,100,54,NA,53.562,51.218,50.343,50.437
204801.0,11511,0,4,9.08,100,56,NA,53.812,51.156,50.093,50.375
204908.0,11511,0,4,7.58,91,60,NA,53.812,51.125,50.156,50.312
205017.0,11511,0,4,9.08,100,60,NA,53.656,51.062,50.0,50.281
205126.0,11511,0,4,9.17,100,60,NA,53.531,51.187,50.156,50.125
205234.0,11511,0,4,10.42,100,55,NA,53.531,51.062,50.093,50.218
205342.0,11511,0,4,9.08,100,63,NA,53.718,51.093,50.187,50.156
205450.0,11511,0,4,8.33,100,62,NA,53.5,51.0,50.0,50.156
205559.0,11511,0,4,8.33,100,29,NA,53.781,51.062,50.093,50.062
205667.0,11511,0,4,9.67,100,41,NA,53.5,51.125,50.25,50.093
205774.0,11511,0,4,9.83,100,99,NA,53.75,51.281,50.093,50.562
205885.0,11511,0,4,7.33,72,98,NA,53.593,51.75,50.218,50.625
205992.0,11511,0,4,9.83,100,60,NA,53.75,51.281,50.125,50.562
206099.0,11511,0,4,10.5,100,54,NA,53.968,51.312,50.125,50.437
206210.0,11511,0,4,9.0,100,56,NA,53.656,51.156,50.062,50.312
206317.0,11511,0,4,9.17,100,62,NA,53.5,51.218,50.218,50.312
206425.0,11511,0,4,9.0,100,58,NA,53.656,51.187,50.0,50.281
206535.0,11511,0,4,8.92,91,60,NA,53.812,51.125,50.25,50.187
206643.0,11511,0,4,8.33,100,62,NA,53.625,51.0,50.031,50.25
206750.0,11511,0,4,9.08,100,55,NA,53.593,51.093,50.125,50.281
206856.0,11511,0,4,9.83,100,59,NA,53.562,51.156,50.218,50.156
206965.0,11511,0,4,10.33,100,29,NA,53.468,51.031,50.062,50.187
207074.0,11511,0,4,9.75,100,99,NA,53.718,51.156,50.156,50.218
207181.0,11511,0,4,10.5,100,99,NA,54.406,51.5,50.031,50.656
207288.0,11511,0,4,6.67,70,54,NA,53.781,51.468,50.125,50.562
207396.0,11511,0,4,8.33,100,56,NA,53.75,51.5,50.25,50.437
207505.0,11511,0,4,9.0,100,53,NA,53.906,51.312,50.218,50.437
207613.0,11511,0,4,10.42,100,61,NA,53.937,51.312,50.281,50.312
207721.0,11511,0,4,9.08,100,57,NA,53.718,51.125,50.093,50.312
207831.0,11511,0,4,9.08,100,58,NA,53.531,51.25,50.218,50.281
207937.0,11511,0,4,8.25,90,60,NA,53.562,51.093,50.125,50.281
208044.0,11511,0,4,10.5,100,62,NA,53.812,51.093,50.125,50.187
208151.0,11511,0,4,9.83,100,60,NA,53.75,51.187,50.25,50.156
208261.0,11511,0,4,9.08,100,61,NA,53.625,51.062,50.125,50.281
208368.0,11511,0,4,9.83,100,42,NA,53.531,51.062,50.25,50.156
208476.0,11511,0,4,9.08,100,99,NA,53.562,51.281,50.093,50.593
208585.0,11511,0,4,6.67,72,99,NA,54.531,51.625,50.156,50.687
208694.0,11511,0,4,11.75,100,59,NA,53.843,51.375,50.125,50.5
208800.0,11511,0,4,9.08,100,53,NA,53.812,51.343,50.25,50.437
208907.0,11511,0,4,9.08,100,56,NA,53.687,51.343,50.312,50.343
209016.0,11511,0,4,10.58,100,62,NA,53.843,51.187,50.156,50.312
209125.0,11511,0,4,10.5,100,57,NA,53.625,51.312,50.25,50.343
209232.0,11511,0,4,9.08,100,56,NA,53.718,51.062,50.093,50.343
209339.0,11511,0,4,10.33,91,62,NA,54.0,51.218,50.187,50.281
209450.0,11511,0,4,8.33,100,66,NA,53.718,51.062,50.031,50.281
209557.0,11511,0,4,9.08,100,61,NA,53.687,51.062,50.218,50.218
209664.0,11511,0,4,8.33,100,28,NA,53.593,51.156,50.093,50.25
209771.0,11511,0,4,9.83,100,77,NA,53.5,51.093,50.125,50.281
209881.0,11511,0,4,9.83,100,99,NA,54.187,51.5,50.343,50.687
209988.0,11511,0,4,7.42,72,50,NA,53.812,51.5,50.125,50.75
210095.0,11511,0,4,8.33,100,59,NA,54.0,51.375,50.25,50.5
210202.0,11511,0,4,10.5,100,53,NA,53.718,51.437,50.187,50.468
210311.0,11511,0,4,8.33,100,61,NA,53.968,51.187,50.125,50.468
210418.0,11511,0,4,9.83,100,58,NA,53.718,51.312,50.187,50.375
210526.0,11511,0,4,8.33,100,57,NA,53.812,51.156,50.125,50.406
210635.0,11511,0,4,10.58,100,58,NA,53.781,51.25,50.281,50.281
210744.0,11511,0,4,9.08,100,65,NA,53.593,51.125,50.187,50.312
210850.0,11511,0,4,8.42,72,61,NA,53.906,51.156,50.218,50.218
210957.0,11511,0,4,9.83,100,59,NA,53.437,51.281,50.312,50.187
211066.0,11511,0,4,7.5,90,33,NA,53.5,51.031,50.218,50.25
211176.0,11511,0,4,9.83,100,99,NA,53.5,51.5,50.312,50.312
211283.0,11511,0,4,8.33,100,99,NA,54.5,51.593,50.218,50.75
211390.0,11511,0,4,7.42,81,53,NA,54.0,51.562,50.281,50.656
211498.0,11511,0,4,10.5,100,58,NA,53.812,51.312,50.093,50.437
211607.0,11511,0,4,8.33,100,59,NA,53.656,51.437,50.25,50.375
211713.0,11511,0,4,9.08,100,57,NA,53.593,51.406,50.437,50.437
211820.0,11511,0,4,8.33,100,57,NA,53.531,51.218,50.25,50.343
211928.0,11511,0,4,10.25,91,59,NA,53.875,51.25,50.312,50.218
212038.0,11511,0,4,9.08,100,53,NA,53.718,51.031,50.125,50.312
212144.0,11511,0,4,9.75,100,63,NA,53.687,51.218,50.187,50.281
212251.0,11511,0,4,9.17,100,58,NA,53.5,51.281,50.312,50.187
212357.0,11511,0,4,11.08,100,47,NA,53.5,51.093,50.125,50.312
212465.0,11511,0,4,9.08,100,41,NA,53.843,51.156,50.281,50.187
212575.0,11511,0,4,9.83,100,99,NA,54.125,51.406,50.125,50.593
212682.0,11511,0,4,8.17,72,99,NA,54.218,51.75,50.281,50.812
212789.0,11511,0,4,9.83,100,57,NA,53.843,51.718,50.25,50.593
212897.0,11511,0,4,9.08,100,58,NA,53.812,51.281,50.156,50.562
213005.0,11511,0,4,9.08,100,59,NA,53.75,51.406,50.312,50.468
213113.0,11511,0,4,9.67,100,55,NA,53.781,51.218,50.25,50.375
213221.0,11511,0,4,8.33,100,54,NA,53.75,51.281,50.218,50.281
213330.0,11511,0,4,9.83,100,60,NA,53.656,51.187,50.156,50.343
213438.0,11511,0,4,8.92,90,57,NA,54.0,51.281,50.281,50.312
213545.0,11511,0,4,9.0,100,61,NA,53.625,51.281,50.343,50.312
213652.0,11511,0,4,9.08,100,64,NA,53.75,51.093,50.218,50.281
213763.0,11511,0,4,9.08,100,28,NA,53.562,51.312,50.343,50.25
213870.0,11511,0,4,9.67,100,94,NA,53.593,51.156,50.187,50.281
213976.0,11511,0,4,9.0,100,99,NA,54.687,51.625,50.25,50.656
214083.0,11511,0,4,6.75,72,50,NA,53.875,51.718,50.406,50.687
214193.0,11511,0,4,9.08,100,60,NA,54.0,51.5,50.312,50.562
214301.0,11511,0,4,10.5,100,55,NA,53.781,51.5,50.437,50.531
214408.0,11511,0,4,9.08,100,59,NA,53.812,51.312,50.218,50.5
214519.0,11511,0,4,9.75,100,62,NA,53.812,51.187,50.468,50.375
214627.0,11511,0,4,9.75,100,57,NA,53.875,51.187,50.218,50.406
214735.0,11511,0,4,9.75,100,58,NA,53.656,51.406,50.375,50.312
214844.0,11511,0,4,10.42,100,60,NA,53.843,51.093,50.281,50.437
214953.0,11511,0,4,9.83,100,58,NA,54.0,51.312,50.375,50.343
215060.0,11511,0,4,9.17,100,59,NA,53.687,51.156,50.156,50.281
215167.0,11511,0,4,7.58,91,38,NA,53.687,51.156,50.187,50.218
215277.0,11511,0,4,9.67,100,99,NA,53.687,51.375,50.187,50.625
215385.0,11511,0,4,6.67,80,99,NA,54.687,51.687,50.343,50.843
215493.0,11511,0,4,9.0,91,58,NA,53.875,51.687,50.406,50.656
215601.0,11511,0,4,10.33,100,54,NA,53.937,51.406,50.343,50.531
215710.0,11511,0,4,9.08,100,57,NA,53.812,51.437,50.406,50.437
215816.0,11511,0,4,9.08,100,59,NA,53.968,51.281,50.25,50.375
215923.0,11511,0,4,8.33,100,54,NA,53.937,51.281,50.312,50.281
216032.0,11511,0,4,11.08,100,56,NA,53.906,51.312,50.187,50.312
216141.0,11511,0,4,9.08,100,62,NA,54.156,51.343,50.25,50.343
216248.0,11511,0,4,9.67,100,66,NA,53.656,51.406,50.468,50.343
216355.0,11511,0,4,10.42,100,59,NA,53.875,51.25,50.312,50.437
216464.0,11511,0,4,10.83,90,28,NA,53.906,51.25,50.375,50.312
216573.0,11511,0,4,8.33,100,83,NA,53.593,51.156,50.25,50.281
216680.0,11511,0,4,10.33,100,99,NA,54.218,51.5,50.218,50.656
216787.0,11511,0,4,7.25,70,47,NA,53.781,51.937,50.468,50.75
216897.0,11511,0,4,10.25,100,60,NA,54.031,51.5,50.281,50.625
217005.0,11511,0,4,9.08,100,53,NA,53.781,51.281,50.468,50.531
217112.0,11511,0,4,8.33,100,59,NA,53.781,51.281,50.25,50.562
217223.0,11511,0,4,8.33,100,58,NA,54.093,51.406,50.156,50.437
217330.0,11511,0,4,9.17,100,58,NA,53.937,51.25,50.187,50.5
217437.0,11511,0,4,9.08,100,59,NA,53.718,51.312,50.343,50.375
217547.0,11511,0,4,9.08,100,65,NA,53.718,51.218,50.25,50.375
217655.0,11511,0,4,8.33,100,65,NA,54.0,51.406,50.312,50.281
217763.0,11511,0,4,11.0,100,65,NA,53.781,51.25,50.281,50.343
217870.0,11511,0,4,9.0,90,38,NA,53.75,51.187,50.281,50.281
217980.0,11511,0,4,9.08,100,99,NA,53.656,51.375,50.187,50.531
218088.0,11511,0,4,9.67,100,99,NA,54.906,51.75,50.312,50.843
218195.0,11511,0,4,8.67,80,53,NA,54.312,51.593,50.437,50.687
218302.0,11511,0,4,10.5,100,56,NA,54.0,51.5,50.25,50.562
218412.0,11511,0,4,9.08,100,58,NA,53.812,51.437,50.406,50.531
218519.0,11511,0,4,9.75,100,56,NA,53.875,51.218,50.187,50.437
218626.0,11511,0,4,9.17,92,57,NA,54.0,51.343,50.25,50.375
218735.0,11511,0,4,8.33,100,61,NA,53.875,51.5,50.25,50.375
218844.0,11511,0,4,9.08,100,55,NA,53.75,51.312,50.312,50.437
218952.0,11511,0,4,9.08,100,64,NA,53.687,51.406,50.468,50.437
219059.0,11511,0,4,9.08,100,62,NA,53.875,51.125,50.281,50.375
219166.0,11511,0,4,8.33,100,30,NA,53.968,51.25,50.312,50.25
219276.0,11511,0,4,9.08,100,40,NA,53.781,51.093,50.218,50.375
219384.0,11511,0,4,9.08,100,99,NA,54.593,51.593,50.375,50.75
219490.0,11511,0,4,7.5,72,44,NA,54.0,51.906,50.187,50.937
219599.0,11511,0,4,9.83,100,54,NA,54.093,51.562,50.406,50.656
219709.0,11511,0,4,9.67,100,58,NA,53.906,51.437,50.281,50.593
219816.0,11511,0,4,9.08,100,61,NA,53.875,51.406,50.312,50.593
219923.0,11511,0,4,9.08,100,56,NA,53.781,51.5,50.375,50.406
220031.0,11511,0,4,8.33,100,61,NA,54.0,51.281,50.218,50.468
220140.0,11511,0,4,10.33,100,56,NA,54.0,51.375,50.406,50.375
220248.0,11511,0,4,8.33,100,60,NA,53.906,51.281,50.312,50.437
220355.0,11511,0,4,10.42,100,60,NA,54.093,51.281,50.343,50.375
220464.0,11511,0,4,9.75,100,61,NA,53.656,51.5,50.281,50.375
220573.0,11511,0,4,8.33,91,29,NA,53.937,51.218,50.375,50.312
220680.0,11511,0,4,8.33,100,99,NA,53.687,51.437,50.437,50.437
220787.0,11511,0,4,9.08,100,99,NA,54.968,51.718,50.218,50.937
220898.0,11511,0,4,8.25,81,55,NA,54.343,51.75,50.468,50.781
221006.0,11511,0,4,11.0,100,55,NA,54.031,51.468,50.375,50.656
221113.0,11511,0,4,8.33,100,57,NA,54.0,51.437,50.375,50.468
221220.0,11511,0,4,8.33,100,56,NA,53.937,51.406,50.468,50.531
221331.0,11511,0,4,9.42,90,63,NA,54.156,51.375,50.281,50.437
221438.0,11511,0,4,8.33,100,56,NA,53.875,51.25,50.187,50.531
221546.0,11511,0,4,10.5,100,61,NA,53.875,51.312,50.375,50.5
221654.0,11511,0,4,8.33,100,65,NA,53.781,51.406,50.468,50.375
221763.0,11511,0,4,8.33,100,60,NA,54.0,51.281,50.343,50.437
221870.0,11511,0,4,8.33,100,37,NA,54.031,51.375,50.468,50.343
221977.0,11511,0,4,9.67,100,41,NA,53.75,51.187,50.375,50.312
222084.0,11511,0,4,10.58,100,99,NA,54.0,51.625,50.281,50.75
222194.0,11511,0,4,8.83,75,99,NA,54.437,51.968,50.281,50.937
222300.0,11511,0,4,9.08,100,60,NA,54.031,51.593,50.312,50.718
222409.0,11511,0,4,9.67,100,53,NA,54.187,51.562,50.468,50.656
222518.0,11511,0,4,9.08,100,63,NA,54.0,51.406,50.375,50.593
222626.0,11511,0,4,9.83,100,56,NA,53.875,51.406,50.437,50.468
222734.0,11511,0,4,9.67,100,62,NA,53.812,51.343,50.312,50.5
222843.0,11511,0,4,9.0,100,60,NA,54.031,51.406,50.437,50.375
222951.0,11511,0,4,9.83,100,54,NA,53.875,51.5,50.375,50.437
223059.0,11511,0,4,8.33,100,60,NA,54.218,51.312,50.375,50.406
223169.0,11511,0,4,9.0,91,65,NA,53.75,51.281,50.281,50.343
223275.0,11511,0,4,9.17,100,29,NA,53.906,51.187,50.25,50.468
223383.0,11511,0,4,8.33,100,99,NA,54.0,51.375,50.437,50.468
223491.0,11511,0,4,9.75,100,99,NA,54.593,51.781,50.218,50.968
223600.0,11511,0,4,6.67,80,52,NA,53.937,51.781,50.343,50.843
223707.0,11511,0,4,8.33,100,54,NA,53.937,51.437,50.312,50.687
223814.0,11511,0,4,8.33,91,54,NA,54.125,51.5,50.343,50.593
223920.0,11511,0,4,11.17,100,59,NA,54.125,51.593,50.5,50.5
224030.0,11511,0,4,9.08,100,60,NA,53.906,51.406,50.406,50.531
224137.0,11511,0,4,9.08,100,55,NA,53.687,51.531,50.406,50.375
224244.0,11511,0,4,9.08,100,58,NA,53.812,51.312,50.281,50.468
224350.0,11511,0,4,9.67,100,64,NA,53.968,51.312,50.343,50.468
224457.0,11511,0,4,10.5,100,59,NA,54.031,51.406,50.437,50.375
224566.0,11511,0,4,9.08,100,60,NA,53.906,51.281,50.343,50.406
224674.0,11511,0,4,9.0,100,41,NA,53.781,51.343,50.406,50.281
224781.0,11511,0,4,11.08,100,99,NA,53.75,51.562,50.312,50.562
224887.0,11511,0,4,7.42,80,99,NA,54.906,51.968,50.406,51.093
224995.0,11511,0,4,9.58,90,54,NA,54.187,51.781,50.468,50.75
225103.0,11511,0,4,9.08,100,54,NA,54.0,51.5,50.343,50.687
225209.0,11511,0,4,9.83,100,59,NA,54.062,51.5,50.406,50.562
225315.0,11511,0,4,8.25,90,56,NA,53.906,51.5,50.468,50.5
225424.0,11511,0,4,9.0,100,60,NA,53.937,51.312,50.312,50.5
225534.0,11511,0,4,10.33,100,62,NA,54.156,51.5,50.468,50.437
225641.0,11511,0,4,10.25,100,55,NA,53.937,51.375,50.281,50.468
225748.0,11511,0,4,9.08,100,59,NA,53.906,51.25,50.437,50.375
225854.0,11511,0,4,9.17,100,61,NA,53.843,51.437,50.531,50.343
225962.0,11511,0,4,9.08,100,28,NA,53.781,51.156,50.437,50.343
226072.0,11511,0,4,9.0,100,52,NA,54.062,51.375,50.468,50.375
226179.0,11511,0,4,8.33,100,99,NA,54.218,51.593,50.312,50.781
226285.0,11511,0,4,6.75,72,48,NA,54.0,51.843,50.375,50.875
226394.0,11511,0,4,9.08,100,54,NA,53.937,51.75,50.531,50.718
226503.0,11511,0,4,10.42,100,60,NA,54.156,51.5,50.406,50.562
226611.0,11511,0,4,7.5,90,55,NA,54.25,51.5,50.562,50.562
226720.0,11511,0,4,9.08,100,57,NA,53.968,51.406,50.406,50.5
226829.0,11511,0,4,9.0,100,59,NA,53.843,51.5,50.5,50.468
226936.0,11511,0,4,9.17,100,58,NA,54.0,51.375,50.375,50.531
227043.0,11511,0,4,9.08,100,58,NA,54.093,51.281,50.406,50.406
227151.0,11511,0,4,9.08,100,62,NA,53.875,51.25,50.312,50.406
227261.0,11511,0,4,9.83,100,59,NA,53.781,51.312,50.437,50.437
227367.0,11511,0,4,10.92,100,29,NA,53.718,51.437,50.375,50.375
227475.0,11511,0,4,9.75,100,99,NA,54.0,51.281,50.312,50.562
227584.0,11511,0,4,9.08,100,99,NA,54.437,51.968,50.562,50.906
227691.0,11511,0,4,6.67,70,51,NA,54.062,51.656,50.343,50.843
227798.0,11511,0,4,9.08,100,59,NA,54.0,51.5,50.437,50.593
227905.0,11511,0,4,9.58,100,54,NA,54.0,51.593,50.312,50.593
228014.0,11511,0,4,9.08,100,57,NA,54.093,51.468,50.406,50.531
228123.0,11511,0,4,7.5,90,59,NA,54.0,51.593,50.468,50.5
228230.0,11511,0,4,9.08,100,60,NA,53.937,51.343,50.437,50.531
228338.0,11511,0,4,9.08,100,57,NA,53.875,51.5,50.437,50.437
228448.0,11511,0,4,9.08,100,63,NA,53.968,51.312,50.406,50.562
228556.0,11511,0,4,11.25,100,63,NA,54.093,51.343,50.468,50.437
228664.0,11511,0,4,9.17,100,62,NA,53.843,51.25,50.312,50.437
228771.0,11511,0,4,10.33,100,41,NA,54.156,51.375,50.406,50.312
228882.0,11511,0,4,9.75,100,99,NA,53.968,51.531,50.281,50.718
228989.0,11511,0,4,7.33,72,99,NA,54.656,51.968,50.406,51.0
229096.0,11511,0,4,9.67,100,60,NA,54.0,51.843,50.656,50.75
229204.0,11511,0,4,9.75,100,51,NA,54.0,51.437,50.468,50.75
229313.0,11511,0,4,9.08,100,55,NA,54.375,51.562,50.531,50.562
229420.0,11511,0,4,9.92,100,63,NA,54.031,51.375,50.343,50.625
229527.0,11511,0,4,8.25,90,58,NA,53.937,51.406,50.468,50.468
229635.0,11511,0,4,9.08,100,56,NA,54.0,51.531,50.593,50.531
229745.0,11511,0,4,8.33,100,62,NA,54.125,51.375,50.5,50.406
229852.0,11511,0,4,9.83,100,65,NA,53.875,51.5,50.468,50.406
229959.0,11511,0,4,9.17,100,58,NA,53.968,51.343,50.375,50.406
230070.0,11511,0,4,9.83,100,28,NA,53.781,51.375,50.531,50.312
230177.0,11511,0,4,9.08,100,99,NA,53.812,51.25,50.375,50.531
230285.0,11511,0,4,9.0,100,99,NA,54.218,51.812,50.5,50.812
230392.0,11511,0,4,6.67,72,48,NA,53.875,51.718,50.375,50.906
230501.0,11511,0,4,9.08,100,59,NA,54.062,51.531,50.468,50.718
230608.0,11511,0,4,8.33,100,53,NA,53.968,51.687,50.562,50.625
230716.0,11511,0,4,10.42,100,60,NA,53.906,51.5,50.437,50.718
230825.0,11511,0,4,8.33,91,59,NA,54.156,51.5,50.562,50.531
230933.0,11511,0,4,8.33,100,55,NA,53.906,51.437,50.437,50.531
231040.0,11511,0,4,9.92,100,55,NA,53.937,51.562,50.468,50.5
231147.0,11511,0,4,10.33,100,64,NA,53.812,51.531,50.437,50.437
231257.0,11511,0,4,9.0,100,58,NA,54.125,51.375,50.468,50.437
231364.0,11511,0,4,8.33,100,58,NA,54.031,51.312,50.5,50.437
231471.0,11511,0,4,9.67,100,36,NA,53.843,51.343,50.375,50.406
231579.0,11511,0,4,11.92,100,99,NA,53.906,51.5,50.437,50.5
231689.0,11511,0,4,9.5,90,99,NA,54.718,51.843,50.375,51.0
231796.0,11511,0,4,7.5,81,53,NA,54.187,51.75,50.5,50.843
231903.0,11511,0,4,9.75,100,55,NA,54.0,51.562,50.562,50.687
232011.0,11511,0,4,9.08,100,57,NA,54.093,51.5,50.406,50.531
232122.0,11511,0,4,8.92,90,56,NA,54.0,51.5,50.406,50.562
232229.0,11511,0,4,9.08,100,55,NA,54.062,51.437,50.375,50.593
232338.0,11511,0,4,9.75,100,62,NA,53.906,51.593,50.593,50.5
232447.0,11511,0,4,9.83,100,55,NA,53.906,51.375,50.437,50.5
232554.0,11511,0,4,9.75,100,58,NA,53.843,51.343,50.5,50.5
232662.0,11511,0,4,9.75,100,64,NA,54.0,51.281,50.343,50.5
232773.0,11511,0,4,9.08,100,34,NA,53.843,51.468,50.437,50.437
232880.0,11511,0,4,10.5,100,41,NA,53.843,51.312,50.375,50.468
232987.0,11511,0,4,9.08,100,99,NA,54.437,51.718,50.468,50.75
233096.0,11511,0,4,9.92,72,99,NA,54.125,51.812,50.343,51.0
233205.0,11511,0,4,9.67,100,53,NA,54.093,51.75,50.5,50.718
233312.0,11511,0,4,9.08,100,57,NA,53.968,51.75,50.656,50.625
233418.0,11511,0,4,9.67,100,61,NA,54.0,51.5,50.375,50.625
233525.0,11511,0,4,9.08,100,57,NA,54.312,51.5,50.468,50.531
233636.0,11511,0,4,7.5,90,58,NA,54.031,51.343,50.437,50.562
233742.0,11511,0,4,9.83,100,61,NA,54.062,51.5,50.406,50.468
233849.0,11511,0,4,8.33,100,58,NA,53.937,51.531,50.625,50.375
233958.0,11511,0,4,9.83,100,61,NA,54.0,51.343,50.437,50.5
234068.0,11511,0,4,9.67,100,65,NA,54.312,51.5,50.406,50.437
234175.0,11511,0,4,8.33,100,29,NA,53.906,51.312,50.468,50.5
234281.0,11511,0,4,9.83,100,99,NA,54.0,51.5,50.562,50.468
234388.0,11511,0,4,9.08,100,99,NA,54.5,51.812,50.406,50.937
234497.0,11511,0,4,8.08,72,51,NA,54.25,51.812,50.468,50.906
234605.0,11511,0,4,10.42,100,56,NA,54.0,51.781,50.593,50.843
234712.0,11511,0,4,8.33,100,57,NA,54.062,51.5,50.437,50.687
234823.0,11511,0,4,10.92,100,55,NA,54.0,51.656,50.593,50.625
234931.0,11511,0,4,9.17,100,55,NA,54.125,51.468,50.375,50.687
235038.0,11511,0,4,8.33,91,60,NA,54.281,51.468,50.5,50.562
235148.0,11511,0,4,8.33,100,55,NA,54.0,51.375,50.406,50.531
235256.0,11511,0,4,9.75,100,63,NA,53.812,51.468,50.5,50.468
235364.0,11511,0,4,9.83,100,58,NA,53.937,51.312,50.468,50.531
235472.0,11511,0,4,9.17,100,60,NA,54.062,51.406,50.468,50.5
235581.0,11511,0,4,9.08,100,41,NA,53.906,51.218,50.406,50.437
235689.0,11511,0,4,11.25,100,99,NA,54.062,51.562,50.468,50.625
235795.0,11511,0,4,7.5,72,99,NA,55.062,52.093,50.531,51.093
235902.0,11511,0,4,9.92,100,55,NA,54.062,51.593,50.437,50.968
236012.0,11511,0,4,10.92,100,53,NA,54.187,51.718,50.531,50.75
236120.0,11511,0,4,8.33,100,57,NA,54.0,51.468,50.437,50.718
236227.0,11511,0,4,10.42,100,60,NA,54.0,51.562,50.5,50.5
236335.0,11511,0,4,9.0,91,58,NA,53.968,51.531,50.406,50.531
236444.0,11511,0,4,9.08,100,63,NA,54.093,51.5,50.437,50.5
236551.0,11511,0,4,9.08,100,55,NA,54.187,51.531,50.562,50.5
236659.0,11511,0,4,11.08,100,60,NA,54.0,51.468,50.406,50.562
236768.0,11511,0,4,9.67,100,65,NA,53.875,51.437,50.5,50.437
236877.0,11511,0,4,8.33,100,28,NA,54.031,51.343,50.468,50.468
236984.0,11511,0,4,9.08,100,91,NA,54.0,51.468,50.468,50.468
237091.0,11511,0,4,8.33,100,99,NA,54.656,51.968,50.468,50.937
237200.0,11511,0,4,8.83,72,43,NA,54.0,51.937,50.437,50.937
237308.0,11511,0,4,8.33,100,54,NA,54.062,51.937,50.593,50.75
237414.0,11511,0,4,9.08,100,55,NA,54.093,51.593,50.437,50.781
237521.0,11511,0,4,9.75,100,57,NA,54.281,51.468,50.531,50.625
237630.0,11511,0,4,9.08,100,56,NA,54.031,51.75,50.468,50.593
237739.0,11511,0,4,9.75,100,62,NA,54.343,51.562,50.468,50.593
237846.0,11511,0,4,8.25,90,63,NA,54.0,51.531,50.625,50.5
237954.0,11511,0,4,9.17,100,60,NA,54.093,51.437,50.437,50.531
238064.0,11511,0,4,9.58,100,65,NA,53.906,51.5,50.718,50.468
238172.0,11511,0,4,9.08,100,60,NA,53.906,51.406,50.437,50.468
238280.0,11511,0,4,9.08,100,35,NA,54.218,51.5,50.562,50.437
238388.0,11511,0,4,10.42,100,99,NA,54.031,51.437,50.437,50.562
238498.0,11511,0,4,8.83,91,99,NA,54.906,51.937,50.531,51.187
238604.0,11511,0,4,7.17,77,53,NA,54.125,51.718,50.437,50.937
238711.0,11511,0,4,9.83,100,53,NA,54.375,51.625,50.5,50.75
238821.0,11511,0,4,10.33,100,56,NA,54.468,51.718,50.437,50.718
238928.0,11511,0,4,9.08,100,59,NA,54.062,51.531,50.468,50.687
239036.0,11511,0,4,9.17,100,61,NA,54.031,51.531,50.5,50.531
239143.0,11511,0,4,8.33,100,58,NA,53.968,51.437,50.468,50.687
239254.0,11511,0,4,8.25,91,59,NA,54.218,51.5,50.562,50.531
239362.0,11511,0,4,9.08,100,64,NA,53.937,51.375,50.468,50.531
239469.0,11511,0,4,11.0,100,58,NA,53.968,51.468,50.593,50.437
239576.0,11511,0,4,9.08,100,38,NA,53.875,51.531,50.593,50.562
239683.0,11511,0,4,9.0,100,40,NA,53.875,51.312,50.468,50.531
239792.0,11511,0,4,9.75,100,99,NA,54.312,51.906,50.531,50.781
239900.0,11511,0,4,8.42,72,99,NA,54.437,51.875,50.437,51.187
240007.0,11511,0,4,9.0,100,53,NA,54.187,51.718,50.593,50.843
240115.0,11511,0,4,9.08,100,57,NA,54.093,51.875,50.468,50.75
240225.0,11511,0,4,10.42,100,59,NA,54.343,51.593,50.5,50.718
240331.0,11511,0,4,9.75,100,59,NA,54.281,51.593,50.656,50.718
240437.0,11511,0,4,9.0,100,59,NA,54.031,51.437,50.468,50.593
240545.0,11511,0,4,9.67,100,62,NA,54.0,51.468,50.5,50.593
240655.0,11511,0,4,9.08,91,57,NA,53.937,51.343,50.437,50.593
240762.0,11511,0,4,9.17,100,62,NA,54.156,51.437,50.531,50.437
240869.0,11511,0,4,8.33,100,61,NA,54.25,51.562,50.656,50.562
240980.0,11511,0,4,9.67,100,28,NA,54.031,51.437,50.531,50.437
241087.0,11512,0,4,9.75,100,99,NA,53.937,51.687,50.625,50.5
241194.0,11512,0,4,8.33,100,99,NA,55.125,51.812,50.468,51.0
241301.0,11512,0,4,7.58,75,56,NA,54.343,51.968,50.531,50.937
241410.0,11512,0,4,8.33,100,60,NA,54.156,51.625,50.468,50.937
241517.0,11512,0,4,9.67,100,54,NA,54.093,51.687,50.5,50.812
241624.0,11512,0,4,9.83,100,60,NA,53.937,51.656,50.625,50.75
241731.0,11512,0,4,9.08,100,61,NA,54.125,51.5,50.468,50.656
241840.0,11512,0,4,9.83,100,57,NA,54.281,51.5,50.562,50.562
241947.0,11512,0,4,10.33,100,56,NA,54.093,51.468,50.468,50.562
242054.0,11512,0,4,9.67,100,62,NA,54.0,51.437,50.5,50.562
242163.0,11512,0,4,9.0,92,58,NA,53.781,51.687,50.687,50.531
242271.0,11512,0,4,9.08,100,60,NA,54.0,51.468,50.5,50.562
242377.0,11512,0,4,8.33,100,38,NA,54.281,51.5,50.531,50.406
242484.0,11512,0,4,9.67,100,99,NA,53.968,51.75,50.468,50.812
242593.0,11512,0,4,7.42,81,99,NA,55.031,52.0,50.531,51.125
242702.0,11512,0,4,9.0,90,57,NA,54.125,51.968,50.468,50.937
242809.0,11512,0,4,9.08,100,54,NA,54.375,51.656,50.5,50.781
242916.0,11512,0,4,8.33,100,58,NA,54.437,51.656,50.593,50.718
243027.0,11512,0,4,9.67,100,58,NA,54.093,51.5,50.5,50.718
243134.0,11512,0,4,8.33,100,61,NA,54.031,51.531,50.625,50.656
243241.0,11512,0,4,11.08,100,59,NA,54.0,51.5,50.437,50.593
243351.0,11512,0,4,9.0,100,63,NA,54.062,51.656,50.593,50.625
243459.0,11512,0,4,9.83,100,65,NA,53.968,51.437,50.468,50.562
243567.0,11512,0,4,10.42,100,58,NA,54.062,51.375,50.468,50.437
243674.0,11512,0,4,8.17,90,28,NA,53.968,51.531,50.656,50.531
243781.0,11512,0,4,9.67,100,41,NA,54.031,51.375,50.437,50.531
243891.0,11512,0,4,9.75,100,99,NA,54.656,51.875,50.593,50.968
243999.0,11512,0,4,7.08,77,48,NA,54.125,51.968,50.468,51.125
244106.0,11512,0,4,9.67,100,53,NA,54.062,51.75,50.531,50.781
244215.0,11512,0,4,9.83,100,59,NA,54.093,51.625,50.531,50.781
244323.0,11512,0,4,9.0,91,61,NA,54.156,51.5,50.562,50.75
244429.0,11512,0,4,9.17,100,56,NA,54.312,51.687,50.625,50.593
244536.0,11512,0,4,9.08,100,58,NA,54.062,51.5,50.5,50.656
244645.0,11512,0,4,9.75,100,58,NA,53.906,51.5,50.562,50.656
244755.0,11512,0,4,9.67,100,56,NA,54.093,51.5,50.468,50.656
244861.0,11512,0,4,9.08,100,65,NA,54.093,51.5,50.531,50.5
244969.0,11512,0,4,9.08,100,65,NA,53.968,51.625,50.468,50.531
245080.0,11512,0,4,9.08,100,29,NA,54.25,51.5,50.593,50.437
245187.0,11512,0,4,10.33,100,99,NA,54.0,51.687,50.437,50.656
245295.0,11512,0,4,9.67,100,99,NA,55.0,51.968,50.468,51.125
245403.0,11512,0,4,6.58,70,59,NA,54.093,51.968,50.593,51.0
245513.0,11512,0,4,10.33,100,58,NA,54.375,51.718,50.468,50.906
245620.0,11512,0,4,9.08,100,52,NA,54.406,51.812,50.656,50.718
245727.0,11512,0,4,11.0,100,58,NA,54.156,51.562,50.5,50.656
245834.0,11512,0,4,9.08,100,57,NA,54.187,51.562,50.531,50.656
245944.0,11512,0,4,8.33,100,58,NA,53.968,51.5,50.531,50.687
246051.0,11512,0,4,8.92,91,61,NA,54.312,51.468,50.5,50.531
246159.0,11512,0,4,8.33,100,62,NA,54.312,51.75,50.625,50.593
246268.0,11512,0,4,10.33,100,58,NA,54.187,51.437,50.5,50.593
246376.0,11512,0,4,11.25,100,36,NA,53.968,51.5,50.656,50.562
246483.0,11512,0,4,9.75,100,41,NA,54.0,51.406,50.5,50.531
246591.0,11512,0,4,9.0,100,99,NA,54.375,51.843,50.5,50.875
246699.0,11512,0,4,7.42,80,99,NA,54.343,51.906,50.5,51.187
246808.0,11512,0,4,9.58,90,57,NA,54.187,51.781,50.593,50.812
246915.0,11512,0,4,9.08,100,53,NA,54.062,51.812,50.625,50.781
247022.0,11512,0,4,10.5,100,53,NA,54.187,51.593,50.468,50.687
247132.0,11512,0,4,8.33,100,62,NA,54.375,51.718,50.625,50.656
247240.0,11512,0,4,8.33,100,55,NA,54.031,51.625,50.562,50.718
247348.0,11512,0,4,9.17,100,56,NA,54.0,51.562,50.593,50.593
247455.0,11512,0,4,9.83,100,62,NA,54.125,51.437,50.531,50.593
247566.0,11512,0,4,9.0,100,55,NA,54.25,51.562,50.5,50.562
247673.0,11512,0,4,10.5,100,62,NA,54.0,51.656,50.468,50.562
247782.0,11512,0,4,9.75,100,29,NA,54.062,51.5,50.562,50.5
247891.0,11512,0,4,9.08,100,99,NA,54.0,51.468,50.656,50.562
248000.0,11512,0,4,7.5,90,99,NA,54.781,52.031,50.593,51.093
248107.0,11512,0,4,7.42,80,53,NA,54.187,52.0,50.593,51.0
248216.0,11512,0,4,9.08,100,55,NA,54.187,51.781,50.593,50.75
248324.0,11512,0,4,9.83,100,57,NA,54.093,51.875,50.718,50.718
248431.0,11512,0,4,9.08,100,56,NA,54.093,51.656,50.5,50.75
248539.0,11512,0,4,9.67,100,57,NA,54.187,51.593,50.656,50.625
248650.0,11512,0,4,9.08,91,63,NA,54.031,51.5,50.5,50.687
248757.0,11512,0,4,9.08,100,61,NA,54.187,51.656,50.593,50.593
248864.0,11512,0,4,9.83,100,65,NA,54.0,51.625,50.562,50.656
248971.0,11512,0,4,9.67,100,62,NA,54.093,51.562,50.593,50.718
249081.0,11512,0,4,9.83,100,60,NA,54.031,51.687,50.687,50.531
249188.0,11512,0,4,8.33,100,40,NA,54.0,51.437,50.531,50.625
249295.0,11512,0,4,9.08,100,99,NA,54.375,51.75,50.531,50.781
249405.0,11512,0,4,9.58,72,99,NA,54.593,52.031,50.531,51.25
249512.0,11512,0,4,9.92,100,59,NA,54.375,51.843,50.625,50.906
249619.0,11512,0,4,11.08,100,53,NA,54.093,51.812,50.718,50.843
249726.0,11512,0,4,9.75,100,57,NA,54.125,51.625,50.562,50.812
249833.0,11512,0,4,9.08,100,60,NA,54.406,51.718,50.625,50.687
249943.0,11512,0,4,8.25,90,59,NA,54.156,51.562,50.531,50.75
250050.0,11512,0,4,10.5,100,56,NA,54.125,51.562,50.625,50.687
250157.0,11512,0,4,9.0,100,65,NA,54.031,51.5,50.781,50.625
250268.0,11512,0,4,9.0,100,65,NA,54.25,51.593,50.593,50.593
250375.0,11512,0,4,9.17,100,59,NA,54.093,51.531,50.781,50.593
250484.0,11512,0,4,9.0,100,28,NA,54.093,51.468,50.593,50.468
250593.0,11512,0,4,9.75,100,99,NA,54.0,51.625,50.468,50.625
250702.0,11512,0,4,9.08,100,99,NA,54.718,52.0,50.531,51.125
250808.0,11512,0,4,6.58,70,50,NA,54.437,52.031,50.718,51.031
250916.0,11512,0,4,9.08,100,59,NA,54.25,51.656,50.5,50.937
251026.0,11512,0,4,9.75,100,53,NA,54.125,51.781,50.656,50.781
251133.0,11512,0,4,11.83,100,57,NA,54.156,51.593,50.562,50.75
251240.0,11512,0,4,9.83,100,61,NA,54.218,51.562,50.562,50.656
251347.0,11512,0,4,7.5,90,55,NA,54.406,51.687,50.687,50.625
251455.0,11512,0,4,9.92,100,55,NA,54.093,51.562,50.5,50.718
251564.0,11512,0,4,9.83,100,63,NA,54.0,51.656,50.625,50.625
251671.0,11512,0,4,9.08,100,58,NA,54.062,51.562,50.5,50.625
251779.0,11512,0,4,9.08,100,61,NA,54.218,51.531,50.593,50.656
251889.0,11512,0,4,8.33,100,41,NA,54.031,51.468,50.5,50.593
251996.0,11512,0,4,10.33,100,99,NA,54.468,51.687,50.5,50.687
252104.0,11512,0,4,8.92,90,99,NA,55.0,52.187,50.781,51.218
252212.0,11512,0,4,8.75,80,57,NA,54.218,51.906,50.593,51.093
252321.0,11512,0,4,8.33,100,51,NA,54.218,51.937,50.781,50.843
252428.0,11512,0,4,8.33,100,57,NA,54.25,51.687,50.531,50.843
252535.0,11512,0,4,11.33,100,62,NA,54.437,51.687,50.687,50.687
252644.0,11512,0,4,9.75,92,61,NA,54.156,51.593,50.468,50.75
252753.0,11512,0,4,9.08,100,55,NA,54.25,51.625,50.687,50.75
252860.0,11512,0,4,9.83,100,61,NA,54.062,51.75,50.468,50.656
252966.0,11512,0,4,10.42,100,60,NA,54.125,51.5,50.562,50.656
253077.0,11512,0,4,9.08,100,63,NA,54.031,51.718,50.75,50.562
253184.0,11512,0,4,8.33,100,26,NA,54.187,51.5,50.5,50.625
253291.0,11512,0,4,9.83,100,41,NA,54.062,51.531,50.687,50.5
253399.0,11512,0,4,9.08,100,99,NA,54.437,51.843,50.5,51.062
253508.0,11512,0,4,6.75,72,79,NA,54.5,52.062,50.593,51.187
253615.0,11512,0,4,9.08,100,57,NA,54.218,51.906,50.718,50.968
253722.0,11512,0,4,9.08,100,54,NA,54.218,51.687,50.593,50.906
253831.0,11512,0,4,9.75,100,53,NA,54.156,51.812,50.843,50.812
253939.0,11512,0,4,8.33,100,59,NA,54.187,51.656,50.625,50.75
254047.0,11512,0,4,9.75,100,58,NA,54.406,51.718,50.593,50.75
254157.0,11512,0,4,9.08,100,57,NA,54.125,51.562,50.625,50.75
254265.0,11512,0,4,8.33,100,62,NA,54.187,51.656,50.656,50.75
254372.0,11512,0,4,9.08,100,60,NA,54.031,51.812,50.625,50.687
254480.0,11512,0,4,9.08,91,60,NA,54.218,51.562,50.687,50.718
254591.0,11512,0,4,9.0,100,30,NA,54.093,51.5,50.5,50.593
254698.0,11512,0,4,10.33,100,99,NA,54.062,51.687,50.625,50.75
254806.0,11512,0,4,9.67,100,99,NA,55.062,52.156,50.656,51.125
254915.0,11512,0,4,7.33,80,61,NA,54.312,51.968,50.562,51.062
255022.0,11512,0,4,7.58,91,60,NA,54.437,51.968,50.625,50.843
255130.0,11512,0,4,10.25,100,53,NA,54.25,51.75,50.593,50.812
255237.0,11512,0,4,9.08,100,61,NA,54.218,51.687,50.687,50.843
255346.0,11512,0,4,9.75,100,61,NA,54.156,51.593,50.625,50.718
255453.0,11512,0,4,9.92,100,58,NA,54.218,51.625,50.593,50.593
255559.0,11512,0,4,8.33,100,61,NA,54.343,51.656,50.718,50.687
255669.0,11512,0,4,9.08,100,64,NA,54.187,51.625,50.593,50.656
255778.0,11512,0,4,9.67,100,58,NA,54.031,51.656,50.687,50.625
255885.0,11512,0,4,8.33,100,60,NA,54.062,51.437,50.562,50.718
255992.0,11512,0,4,10.42,100,41,NA,54.156,51.593,50.656,50.531
256100.0,11512,0,4,9.08,100,99,NA,54.343,51.843,50.812,50.968
256211.0,11512,0,4,9.0,75,84,NA,54.625,52.093,50.593,51.25
256318.0,11512,0,4,9.67,100,58,NA,54.25,51.968,50.687,51.062
256426.0,11512,0,4,9.08,100,58,NA,54.375,51.718,50.531,50.937
256537.0,11512,0,4,9.83,100,62,NA,54.187,51.656,50.843,50.812
256644.0,11512,0,4,8.92,90,59,NA,54.156,51.656,50.625,50.687
256752.0,11512,0,4,10.42,100,59,NA,54.468,51.687,50.718,50.781
256861.0,11512,0,4,9.92,100,59,NA,54.187,51.593,50.531,50.75
256971.0,11512,0,4,9.08,100,57,NA,54.062,51.718,50.75,50.75
257079.0,11512,0,4,9.08,100,60,NA,54.0,51.562,50.5,50.687
257186.0,11512,0,4,9.0,100,60,NA,54.343,51.531,50.75,50.625
257295.0,11512,0,4,10.42,100,29,NA,54.031,51.593,50.468,50.562
257405.0,11512,0,4,9.08,100,99,NA,54.031,51.625,50.75,50.75
257513.0,11512,0,4,9.0,100,99,NA,55.218,51.937,50.531,51.187
257622.0,11512,0,4,6.75,72,56,NA,54.468,52.0,50.718,51.125
257730.0,11512,0,4,9.67,100,56,NA,54.187,51.75,50.562,50.906
257838.0,11512,0,4,11.0,100,57,NA,54.593,51.718,50.656,50.906
257946.0,11512,0,4,9.0,100,56,NA,54.187,51.75,50.812,50.812
258056.0,11512,0,4,8.33,100,56,NA,54.25,51.656,50.625,50.718
258164.0,11512,0,4,9.75,100,56,NA,54.187,51.75,50.843,50.781
258271.0,11512,0,4,9.83,100,59,NA,54.218,51.531,50.687,50.781
258380.0,11512,0,4,8.33,100,61,NA,54.437,51.75,50.812,50.656
258489.0,11512,0,4,10.25,91,63,NA,54.156,51.593,50.625,50.75
258597.0,11512,0,4,9.83,100,61,NA,54.0,51.718,50.625,50.593
258704.0,11512,0,4,9.08,100,41,NA,54.0,51.437,50.593,50.656
258815.0,11512,0,4,9.67,100,99,NA,54.375,51.937,50.718,51.062
258923.0,11512,0,4,6.67,80,99,NA,54.593,52.062,50.531,51.312
259030.0,11512,0,4,9.83,100,56,NA,54.375,51.906,50.625,50.968
259138.0,11512,0,4,8.25,91,57,NA,54.218,51.968,50.625,50.937
259247.0,11512,0,4,10.42,100,53,NA,54.468,51.718,50.593,50.968
259354.0,11512,0,4,8.33,100,63,NA,54.468,51.781,50.75,50.75
259461.0,11512,0,4,9.83,100,55,NA,54.281,51.625,50.656,50.75
259569.0,11512,0,4,9.0,100,56,NA,54.156,51.718,50.656,50.687
259678.0,11512,0,4,9.08,100,57,NA,54.093,51.5,50.562,50.718
259785.0,11512,0,4,9.08,100,63,NA,54.312,51.625,50.656,50.656
259892.0,11512,0,4,9.08,100,58,NA,54.343,51.656,50.875,50.656
260003.0,11512,0,4,9.08,100,29,NA,54.156,51.593,50.625,50.75
260112.0,11512,0,4,9.08,100,99,NA,54.031,51.656,50.812,50.75
260219.0,11512,0,4,9.83,100,99,NA,55.25,51.968,50.656,51.312
260327.0,11512,0,4,7.33,72,52,NA,54.468,52.062,50.843,51.125
260435.0,11512,0,4,10.33,100,57,NA,54.281,51.875,50.687,51.031
260542.0,11512,0,4,9.08,100,53,NA,54.125,51.875,50.656,50.875
260650.0,11512,0,4,8.33,100,61,NA,54.093,51.625,50.906,50.906
260761.0,11512,0,4,9.08,100,61,NA,54.343,51.718,50.687,50.75
260868.0,11512,0,4,9.75,100,56,NA,54.187,51.687,50.593,50.718
260975.0,11512,0,4,9.08,100,61,NA,54.25,51.656,50.687,50.75
261082.0,11512,0,4,8.83,90,64,NA,54.187,51.656,50.718,50.687
261190.0,11512,0,4,9.17,100,58,NA,54.25,51.5,50.625,50.656
261299.0,11512,0,4,9.0,100,58,NA,54.25,51.656,50.75,50.625
261407.0,11512,0,4,11.08,100,41,NA,54.125,51.5,50.593,50.656
261514.0,11512,0,4,9.08,100,99,NA,54.437,51.937,50.687,50.937
261625.0,11512,0,4,7.67,75,99,NA,55.406,52.093,50.625,51.375
261732.0,11512,0,4,8.33,100,60,NA,54.437,51.906,50.687,51.031
261839.0,11512,0,4,8.33,100,52,NA,54.312,51.812,50.781,50.937
261948.0,11512,0,4,9.0,100,55,NA,54.25,51.781,50.625,51.0
262057.0,11512,0,4,9.83,100,58,NA,54.593,51.875,50.781,50.781
262163.0,11512,0,4,9.92,100,59,NA,54.312,51.593,50.562,50.843
262270.0,11512,0,4,9.83,100,59,NA,54.281,51.75,50.718,50.687
262380.0,11512,0,4,9.75,100,63,NA,54.187,51.687,50.687,50.75
262487.0,11512,0,4,9.17,100,65,NA,54.437,51.625,50.656,50.718
262594.0,11512,0,4,9.08,100,58,NA,54.406,51.812,50.781,50.687
262703.0,11512,0,4,8.92,90,28,NA,54.218,51.5,50.593,50.75
262812.0,11512,0,4,9.75,100,59,NA,54.062,51.687,50.781,50.75
262919.0,11512,0,4,9.0,100,99,NA,54.625,51.968,50.687,51.156
263026.0,11512,0,4,8.08,80,50,NA,54.468,52.062,50.687,51.25
263135.0,11512,0,4,9.83,100,57,NA,54.375,51.906,50.656,51.093
263244.0,11512,0,4,10.42,100,56,NA,54.312,51.781,50.687,50.843
263351.0,11512,0,4,10.33,91,52,NA,54.281,51.937,50.812,50.843
263458.0,11512,0,4,9.08,100,58,NA,54.281,51.656,50.718,50.906
263568.0,11512,0,4,9.83,100,56,NA,54.468,51.812,50.875,50.781
263675.0,11512,0,4,10.58,100,56,NA,54.343,51.625,50.687,50.843
263783.0,11512,0,4,9.0,100,63,NA,54.187,51.656,50.718,50.656
263893.0,11512,0,4,9.83,100,62,NA,54.093,51.656,50.562,50.75
264001.0,11512,0,4,10.33,100,62,NA,54.281,51.687,50.687,50.718
264108.0,11512,0,4,9.08,100,38,NA,54.093,51.718,50.843,50.656
264215.0,11512,0,4,9.17,100,99,NA,54.218,51.75,50.593,50.937
264325.0,11512,0,4,10.83,83,99,NA,55.187,52.25,50.75,51.343
264432.0,11512,0,4,7.5,90,53,NA,54.468,51.968,50.687,51.125
264539.0,11512,0,4,9.83,100,57,NA,54.468,51.906,50.843,51.0
264648.0,11512,0,4,8.33,100,63,NA,54.25,51.781,50.656,50.968
264757.0,11512,0,4,9.08,100,60,NA,54.156,51.75,50.625,50.781
264863.0,11512,0,4,9.75,100,63,NA,54.218,51.843,50.906,50.75
264970.0,11512,0,4,9.08,91,57,NA,54.406,51.781,50.656,50.875
265079.0,11512,0,4,9.17,100,57,NA,54.468,51.781,50.812,50.656
265188.0,11512,0,4,9.75,100,63,NA,54.218,51.625,50.656,50.75
265295.0,11512,0,4,9.08,100,61,NA,54.125,51.656,50.718,50.687
265402.0,11512,0,4,9.08,100,28,NA,54.156,51.531,50.593,50.718
265514.0,11512,0,4,9.0,100,44,NA,54.187,51.687,50.718,50.718
265622.0,11512,0,4,9.08,100,99,NA,54.625,51.937,50.562,51.156
265730.0,11512,0,4,8.0,72,58,NA,54.562,52.062,50.718,51.25
265840.0,11512,0,4,9.67,100,55,NA,54.343,51.843,50.656,51.125
265947.0,11512,0,4,9.67,100,53,NA,54.406,51.875,50.75,50.968
266054.0,11512,0,4,8.33,100,59,NA,54.25,51.937,50.906,50.875
266161.0,11512,0,4,8.33,100,59,NA,54.187,51.562,50.687,50.875
266271.0,11512,0,4,11.17,100,59,NA,54.562,51.843,50.875,50.843
266379.0,11512,0,4,9.08,100,59,NA,54.25,51.75,50.687,50.875
266486.0,11512,0,4,10.42,100,65,NA,54.375,51.75,50.812,50.75
266592.0,11512,0,4,8.33,100,58,NA,54.156,51.812,50.937,50.625
266702.0,11512,0,4,9.0,100,59,NA,54.406,51.593,50.687,50.718
266811.0,11512,0,4,9.58,90,31,NA,54.468,51.718,50.843,50.75
266918.0,11512,0,4,10.33,100,99,NA,54.312,51.687,50.625,50.968
267026.0,11512,0,4,9.08,100,99,NA,55.187,52.218,50.843,51.312
267134.0,11512,0,4,8.0,80,58,NA,54.312,52.031,50.562,51.25
267241.0,11512,0,4,9.17,100,57,NA,54.531,51.968,50.781,50.937
267348.0,11512,0,4,9.83,100,54,NA,54.625,51.937,50.687,50.968
267456.0,11512,0,4,9.08,100,58,NA,54.343,51.687,50.656,50.906
267566.0,11512,0,4,9.58,100,59,NA,54.156,51.906,50.625,50.937
267673.0,11512,0,4,7.58,91,59,NA,54.406,51.687,50.656,50.937
267780.0,11512,0,4,8.33,100,61,NA,54.531,51.812,50.718,50.781
267889.0,11512,0,4,9.67,100,65,NA,54.187,51.687,50.687,50.75
267998.0,11512,0,4,9.83,100,60,NA,54.218,51.75,50.781,50.656
268105.0,11512,0,4,9.83,100,48,NA,54.187,51.812,50.593,50.75
268212.0,11512,0,4,8.33,100,41,NA,54.281,51.562,50.718,50.812
268319.0,11512,0,4,9.08,100,99,NA,54.468,51.968,50.656,51.156
268430.0,11512,0,4,6.92,75,99,NA,54.468,52.218,50.687,51.406
268537.0,11512,0,4,10.58,100,59,NA,54.25,52.0,50.843,51.156
268644.0,11512,0,4,9.08,100,53,NA,54.343,51.875,50.656,51.031
268754.0,11512,0,4,9.08,100,53,NA,54.5,51.906,50.781,50.843
268862.0,11512,0,4,10.42,100,62,NA,54.281,51.718,50.687,50.812
268969.0,11512,0,4,8.33,100,57,NA,54.25,51.781,50.718,50.812
269076.0,11512,0,4,8.33,100,60,NA,54.187,51.843,50.812,50.718
269186.0,11512,0,4,8.33,100,60,NA,54.312,51.781,50.781,50.843
269293.0,11512,0,4,8.42,92,56,NA,54.437,51.781,50.812,50.75
269400.0,11512,0,4,10.33,100,59,NA,54.312,51.593,50.687,50.75
269510.0,11512,0,4,9.83,100,29,NA,54.156,51.718,50.75,50.75
269619.0,11512,0,4,9.75,100,99,NA,54.218,51.531,50.75,50.937
269727.0,11512,0,4,9.08,100,99,NA,55.093,52.281,50.781,51.25
269836.0,11512,0,4,7.42,80,54,NA,54.375,52.062,50.625,51.218
269945.0,11512,0,4,9.08,100,53,NA,54.687,51.968,50.718,51.093
270052.0,11512,0,4,10.5,100,54,NA,54.312,51.968,50.718,51.031
270159.0,11512,0,4,9.08,91,56,NA,54.406,51.75,50.656,50.937
270270.0,11512,0,4,9.0,100,56,NA,54.343,51.968,50.781,50.968
270378.0,11512,0,4,10.58,100,57,NA,54.468,51.718,50.812,50.781
270485.0,11512,0,4,9.75,100,59,NA,54.593,51.906,50.843,50.75
270592.0,11512,0,4,11.0,100,62,NA,54.281,51.656,50.625,50.781
270702.0,11512,0,4,9.08,100,59,NA,54.125,51.687,50.875,50.75
270810.0,11512,0,4,8.33,100,57,NA,54.187,51.593,50.687,50.75
270917.0,11512,0,4,9.08,100,41,NA,54.312,51.656,50.718,50.687
271025.0,11512,0,4,9.0,100,99,NA,54.625,51.875,50.968,51.125
271135.0,11512,0,4,7.42,72,99,NA,54.718,52.218,50.718,51.343
271241.0,11512,0,4,10.58,100,58,NA,54.343,52.031,50.843,51.125
271348.0,11512,0,4,9.83,100,52,NA,54.375,51.906,50.781,51.031
271456.0,11512,0,4,9.0,100,53,NA,54.468,51.906,50.812,50.937
271566.0,11512,0,4,12.5,100,59,NA,54.406,51.75,50.656,50.937
271673.0,11512,0,4,9.08,100,59,NA,54.406,51.781,50.812,50.812
271779.0,11512,0,4,9.67,100,57,NA,54.25,51.937,50.906,50.75
271886.0,11512,0,4,9.0,90,58,NA,54.187,51.718,50.75,50.843
271997.0,11512,0,4,9.08,100,64,NA,54.468,51.781,50.937,50.812
272104.0,11512,0,4,9.17,100,59,NA,54.218,51.687,50.718,50.812
272211.0,11512,0,4,8.33,100,29,NA,54.343,51.781,50.781,50.656
272319.0,11512,0,4,9.0,100,91,NA,54.187,51.875,50.718,50.75
272429.0,11512,0,4,11.33,100,99,NA,54.781,52.218,50.812,51.343
272536.0,11512,0,4,7.5,72,50,NA,54.468,52.343,50.875,51.281
272643.0,11512,0,4,8.33,100,57,NA,54.437,52.0,50.75,51.25
272752.0,11512,0,4,9.83,100,53,NA,54.375,52.062,50.875,51.062
272860.0,11512,0,4,9.08,100,55,NA,54.375,51.812,50.687,51.0
272967.0,11512,0,4,9.08,100,62,NA,54.468,51.781,50.781,50.906
273074.0,11512,0,4,10.25,100,56,NA,54.343,52.031,50.687,50.843
273183.0,11512,0,4,9.08,100,57,NA,54.281,51.781,50.843,50.75
273292.0,11512,0,4,10.33,100,58,NA,54.156,51.968,50.968,50.781
273399.0,11512,0,4,9.0,100,60,NA,54.343,51.656,50.75,50.781
273506.0,11512,0,4,8.33,100,60,NA,54.437,51.781,50.843,50.656
273613.0,11512,0,4,10.58,100,39,NA,54.093,51.906,50.781,50.687
273723.0,11512,0,4,8.25,91,99,NA,54.562,51.875,50.875,51.031
273830.0,11512,0,4,8.08,88,99,NA,55.375,52.25,50.968,51.437
273937.0,11512,0,4,8.25,90,56,NA,54.531,52.093,50.781,51.281
274044.0,11512,0,4,8.33,100,53,NA,54.593,52.093,50.875,51.031
274154.0,11512,0,4,10.33,100,54,NA,54.437,51.906,50.75,51.062
274261.0,11512,0,4,9.83,90,62,NA,54.343,51.718,50.875,50.937
274368.0,11512,0,4,8.33,100,61,NA,54.312,51.718,51.0,50.875
274477.0,11512,0,4,11.08,100,56,NA,54.468,51.875,50.781,50.781
274586.0,11512,0,4,9.08,100,56,NA,54.343,51.75,50.718,50.875
274693.0,11512,0,4,9.67,100,59,NA,54.281,51.781,50.781,50.718
274800.0,11512,0,4,9.67,100,63,NA,54.25,51.781,50.875,50.781
274912.0,11512,0,4,9.08,100,27,NA,54.312,51.75,50.781,50.937
275019.0,11512,0,4,9.75,100,41,NA,54.156,51.812,50.843,50.812
275127.0,11512,0,4,9.75,100,99,NA,55.062,52.031,50.75,51.312
275237.0,11512,0,4,8.08,72,50,NA,54.625,52.375,50.875,51.281
275344.0,11512,0,4,9.08,100,60,NA,54.468,51.937,50.718,51.156
275451.0,11512,0,4,9.08,100,53,NA,54.468,51.843,50.75,51.093
275560.0,11512,0,4,9.83,100,56,NA,54.25,51.968,51.031,51.0
275670.0,11512,0,4,10.33,100,62,NA,54.531,51.875,50.812,50.937
275777.0,11512,0,4,9.83,100,58,NA,54.625,51.843,51.0,50.875
275884.0,11512,0,4,9.08,100,57,NA,54.312,51.718,50.75,50.968
275992.0,11512,0,4,11.25,100,65,NA,54.25,51.843,50.875,50.875
276100.0,11512,0,4,8.33,91,57,NA,54.281,51.781,50.75,50.875
276208.0,11512,0,4,11.25,100,58,NA,54.5,51.75,50.812,50.75
276317.0,11512,0,4,9.08,100,38,NA,54.218,51.718,50.718,50.75
276427.0,11512,0,4,8.33,100,99,NA,54.25,51.968,50.781,50.968
276533.0,11512,0,4,11.33,100,99,NA,55.093,52.375,50.656,51.531
276640.0,11512,0,4,7.33,72,60,NA,54.687,52.031,50.687,51.218
276749.0,11512,0,4,11.42,100,60,NA,54.687,51.968,50.968,51.093
276858.0,11512,0,4,9.67,100,54,NA,54.437,51.937,50.781,51.125
276965.0,11512,0,4,10.42,100,62,NA,54.406,51.937,50.906,50.968
277072.0,11512,0,4,9.17,100,60,NA,54.187,51.812,50.781,50.968
277181.0,11512,0,4,9.0,100,56,NA,54.406,51.812,50.781,50.843
277289.0,11512,0,4,9.75,100,62,NA,54.312,51.968,50.781,50.812
277396.0,11512,0,4,9.08,100,64,NA,54.406,51.812,50.75,50.937
277503.0,11512,0,4,9.08,100,58,NA,54.218,51.812,50.875,50.781
277612.0,11512,0,4,8.33,100,26,NA,54.343,51.656,50.687,50.781
277721.0,11512,0,4,10.58,100,41,NA,54.468,51.781,50.781,50.812
277829.0,11512,0,4,8.25,91,99,NA,54.5,51.968,50.781,51.156
277936.0,11512,0,4,6.42,77,85,NA,54.437,52.281,50.781,51.437
278046.0,11512,0,4,8.33,100,57,NA,54.406,52.031,50.718,51.218
278153.0,11512,0,4,9.08,91,53,NA,54.625,51.906,50.812,51.031
278260.0,11512,0,4,9.08,100,57,NA,54.593,52.031,50.968,50.937
278367.0,11512,0,4,9.08,100,61,NA,54.406,51.812,50.718,50.968
278478.0,11512,0,4,11.08,100,55,NA,54.75,51.906,50.968,50.937
278584.0,11512,0,4,8.33,100,55,NA,54.187,51.781,50.75,51.0
278691.0,11512,0,4,9.83,100,61,NA,54.5,51.75,50.781,50.843
278799.0,11512,0,4,9.17,100,58,NA,54.312,51.843,50.937,50.781
278909.0,11512,0,4,9.83,100,60,NA,54.531,51.718,50.843,50.75
279016.0,11512,0,4,9.08,100,29,NA,54.218,51.906,50.906,50.75
279125.0,11512,0,4,8.33,100,99,NA,54.375,51.781,50.75,50.968
279233.0,11512,0,4,9.67,100,99,NA,55.093,52.312,50.937,51.312
279341.0,11512,0,4,8.0,72,53,NA,54.468,52.125,50.75,51.25
279448.0,11512,0,4,9.08,100,53,NA,54.781,52.0,50.906,51.125
279555.0,11512,0,4,9.75,100,59,NA,54.406,52.093,50.781,51.0
279666.0,11512,0,4,10.92,100,54,NA,54.468,51.937,50.843,51.0
279772.0,11512,0,4,8.25,90,55,NA,54.343,52.062,51.031,50.906
279879.0,11512,0,4,8.33,100,62,NA,54.343,51.718,50.718,50.937
279988.0,11512,0,4,9.75,100,58,NA,54.593,51.875,50.906,50.843
280096.0,11512,0,4,9.75,100,66,NA,54.312,51.687,50.781,50.843
280203.0,11512,0,4,9.08,100,60,NA,54.406,51.843,50.812,50.812
280312.0,11512,0,4,9.0,100,59,NA,54.375,51.906,50.656,50.812
280422.0,11512,0,4,11.0,100,40,NA,54.468,51.781,50.75,50.781
280529.0,11513,0,4,8.33,100,99,NA,54.625,51.968,50.968,51.093
280636.0,11513,0,4,5.83,70,99,NA,55.093,52.343,50.843,51.562
280744.0,11513,0,4,8.33,100,53,NA,54.343,52.125,50.968,51.187
280853.0,11513,0,4,11.17,100,58,NA,54.531,51.968,50.906,51.093
280961.0,11513,0,4,9.08,100,62,NA,54.625,51.968,50.937,51.0
281068.0,11513,0,4,8.25,91,57,NA,54.468,51.875,50.781,51.0
281177.0,11513,0,4,9.0,100,59,NA,54.375,51.906,50.875,50.906
281286.0,11513,0,4,9.08,100,61,NA,54.25,51.718,50.718,51.0
281393.0,11513,0,4,9.08,100,57,NA,54.5,51.875,50.875,50.875
281500.0,11513,0,4,9.08,100,60,NA,54.468,51.875,50.968,50.781
281609.0,11513,0,4,10.5,100,66,NA,54.406,51.75,50.812,50.937
281718.0,11513,0,4,9.08,100,28,NA,54.281,51.875,50.875,50.781
281825.0,11513,0,4,9.08,100,97,NA,54.187,51.718,50.781,50.937
281933.0,11513,0,4,9.75,100,99,NA,54.75,52.125,50.812,51.25
282041.0,11513,0,4,8.33,75,49,NA,54.437,52.468,50.75,51.312
282150.0,11513,0,4,9.08,100,60,NA,54.468,52.0,50.812,51.093
282257.0,11513,0,4,9.08,100,54,NA,54.375,52.031,51.031,51.062
282366.0,11513,0,4,9.08,100,59,NA,54.468,51.937,50.812,51.062
282476.0,11513,0,4,8.92,90,59,NA,54.437,51.812,51.062,50.906
282583.0,11513,0,4,10.25,100,56,NA,54.343,51.75,50.781,50.968
282689.0,11513,0,4,9.17,100,55,NA,54.75,51.843,50.968,50.906
282796.0,11513,0,4,9.0,100,65,NA,54.312,51.781,51.062,50.937
282903.0,11513,0,4,10.5,100,63,NA,54.5,51.75,50.781,50.937
283014.0,11513,0,4,9.83,100,64,NA,54.25,51.937,50.968,50.781
283122.0,11513,0,4,9.08,100,36,NA,54.25,51.75,50.812,50.906
283230.0,11513,0,4,9.08,100,99,NA,54.156,51.875,50.937,50.937
283340.0,11513,0,4,8.25,90,99,NA,55.625,52.218,50.875,51.562
283446.0,11513,0,4,7.5,81,52,NA,54.562,52.187,50.843,51.218
283553.0,11513,0,4,9.08,100,55,NA,54.437,51.968,50.781,51.187
283661.0,11513,0,4,9.08,100,56,NA,54.718,52.0,50.937,51.0
283770.0,11513,0,4,7.5,90,62,NA,54.343,51.843,50.812,50.937
283877.0,11512,0,4,9.67,100,63,NA,54.468,51.937,50.812,51.0
283984.0,11512,0,4,9.0,100,56,NA,54.468,52.0,50.937,50.906
284094.0,11512,0,4,9.08,100,60,NA,54.312,51.718,50.812,51.0
284202.0,11512,0,4,8.33,100,65,NA,54.625,51.781,50.968,50.843
284309.0,11512,0,4,9.83,100,61,NA,54.343,51.687,50.718,50.906
284417.0,11512,0,4,11.25,100,37,NA,54.406,51.781,50.875,50.75
284523.0,11512,0,4,9.92,100,42,NA,54.187,51.812,50.937,50.75
284629.0,11512,0,4,9.0,100,99,NA,54.375,52.062,50.812,51.218
284740.0,11512,0,4,6.75,72,99,NA,54.781,52.406,50.937,51.406
284847.0,11512,0,4,9.83,100,60,NA,54.562,52.062,50.781,51.218
284955.0,11512,0,4,9.75,100,56,NA,54.5,52.093,50.875,51.093
285066.0,11512,0,4,9.67,100,60,NA,54.437,51.843,50.875,51.125
285173.0,11512,0,4,7.58,91,58,NA,54.593,51.937,50.875,51.031
285280.0,11512,0,4,9.75,100,59,NA,54.718,52.0,51.093,50.968
285389.0,11512,0,4,10.33,100,60,NA,54.468,51.781,50.812,51.0
285498.0,11512,0,4,9.83,100,61,NA,54.375,51.968,51.0,50.812
285605.0,11512,0,4,10.58,100,62,NA,54.343,51.718,50.812,50.906
285712.0,11512,0,4,11.25,100,60,NA,54.593,51.843,50.875,50.812
285824.0,11512,0,4,8.33,100,29,NA,54.375,51.656,50.781,50.875
285931.0,11512,0,4,8.33,100,99,NA,54.281,51.875,50.937,50.937
286040.0,11513,0,4,9.08,100,99,NA,55.093,52.281,50.812,51.406
286150.0,11513,0,4,7.75,75,57,NA,54.625,52.281,50.968,51.312
286257.0,11513,0,4,9.75,100,60,NA,54.437,52.031,50.812,51.218
286364.0,11513,0,4,8.33,100,53,NA,54.75,51.968,50.906,51.062
286473.0,11513,0,4,10.42,100,60,NA,54.312,52.062,51.093,51.062
286582.0,11513,0,4,9.67,100,59,NA,54.562,51.843,50.937,50.937
286688.0,11513,0,4,8.33,100,57,NA,54.468,52.0,50.906,50.968
286794.0,11513,0,4,9.83,100,54,NA,54.468,51.843,50.75,50.906
286903.0,11513,0,4,8.33,100,61,NA,54.687,51.875,50.875,50.843
287013.0,11513,0,4,9.67,91,59,NA,54.437,51.687,50.812,51.0
287120.0,11513,0,4,9.92,100,59,NA,54.468,51.75,50.812,50.812
287227.0,11513,0,4,9.83,100,40,NA,54.312,51.968,50.937,50.843
287336.0,11513,0,4,10.5,100,99,NA,54.468,52.125,50.906,51.25
287444.0,11513,0,4,8.67,80,99,NA,54.875,52.468,51.0,51.562
287551.0,11513,0,4,10.5,100,58,NA,54.656,52.093,50.875,51.281
287658.0,11513,0,4,9.08,100,53,NA,54.562,52.0,50.875,51.093
287770.0,11513,0,4,8.33,91,54,NA,54.5,51.937,50.906,51.156
287877.0,11513,0,4,8.33,100,61,NA,54.625,51.937,50.937,50.968
287983.0,11513,0,4,10.33,90,55,NA,54.312,52.0,50.968,51.0
288090.0,11513,0,4,9.0,100,55,NA,54.375,51.812,50.75,50.937
288198.0,11513,0,4,9.75,100,58,NA,54.468,51.906,50.875,51.0
288306.0,11513,0,4,9.17,100,62,NA,54.187,51.75,50.812,50.968
288413.0,11513,0,4,11.58,100,64,NA,54.5,51.812,50.812,50.812
288520.0,11513,0,4,8.33,100,28,NA,54.187,51.843,50.968,50.75
288627.0,11513,0,4,9.83,100,96,NA,54.281,51.75,50.812,50.968
288737.0,11513,0,4,10.33,100,99,NA,55.031,52.312,50.968,51.406
288844.0,11513,0,4,8.08,70,50,NA,54.437,52.25,50.812,51.437
288951.0,11513,0,4,8.33,100,56,NA,54.812,52.125,50.968,51.312
289061.0,11513,0,4,10.17,90,58,NA,54.468,51.968,50.906,51.187
289170.0,11513,0,4,11.0,100,59,NA,54.562,51.968,50.937,51.031
289277.0,11513,0,4,9.83,100,56,NA,54.406,52.093,51.031,51.0
289385.0,11513,0,4,9.08,100,62,NA,54.406,51.843,50.968,51.062
289495.0,11513,0,4,9.83,100,61,NA,54.75,51.875,50.968,50.937
289603.0,11513,0,4,9.83,100,54,NA,54.468,51.875,50.937,50.968
289710.0,11513,0,4,8.33,100,62,NA,54.343,51.906,50.937,50.812
289817.0,11513,0,4,9.83,100,64,NA,54.375,51.75,50.812,50.843
289927.0,11513,0,4,9.75,100,40,NA,54.531,51.812,51.0,50.812
290034.0,11513,0,4,10.42,100,99,NA,54.406,52.0,50.843,51.187
290142.0,11513,0,4,6.92,83,99,NA,55.25,52.437,50.937,51.531
290250.0,11513,0,4,9.0,90,59,NA,54.468,52.343,51.062,51.312
290359.0,11513,0,4,8.33,100,52,NA,54.75,52.093,50.968,51.218
290466.0,11513,0,4,9.83,100,58,NA,54.718,52.062,50.968,51.125
290573.0,11513,0,4,9.08,100,61,NA,54.468,51.937,50.875,51.031
290684.0,11513,0,4,9.08,100,58,NA,54.312,52.0,51.0,50.937
290791.0,11513,0,4,9.08,100,56,NA,54.406,51.906,50.812,51.062
290900.0,11513,0,4,8.25,90,62,NA,54.562,51.937,50.968,50.937
291010.0,11513,0,4,9.75,100,63,NA,54.437,51.812,50.843,50.906
291118.0,11513,0,4,9.67,100,58,NA,54.656,51.906,50.937,50.875
291225.0,11513,0,4,9.83,100,28,NA,54.343,52.0,51.031,50.812
291332.0,11513,0,4,8.33,100,41,NA,54.468,51.812,50.968,51.0
291443.0,11513,0,4,9.75,100,99,NA,54.843,52.125,51.125,51.312
291551.0,11513,0,4,7.67,75,52,NA,54.781,52.375,50.875,51.406
291658.0,11513,0,4,9.08,100,57,NA,54.937,52.218,50.968,51.25
291766.0,11513,0,4,8.33,100,56,NA,54.625,52.031,50.843,51.187
291876.0,11513,0,4,9.75,100,58,NA,54.468,51.968,50.937,51.093
291982.0,11513,0,4,9.08,100,58,NA,54.468,51.875,50.843,51.031
292089.0,11513,0,4,9.08,100,55,NA,54.843,51.968,50.843,51.031
292195.0,11513,0,4,8.33,100,56,NA,54.812,52.0,50.937,50.906
292303.0,11513,0,4,10.42,100,63,NA,54.468,51.875,50.875,50.937
292412.0,11513,0,4,8.25,90,61,NA,54.5,51.843,50.968,50.875
292518.0,11513,0,4,9.75,100,60,NA,54.437,51.843,50.937,50.906
292624.0,11513,0,4,9.08,100,29,NA,54.312,51.781,50.843,50.937
292733.0,11513,0,4,9.08,100,99,NA,54.312,51.968,50.968,50.937
292844.0,11513,0,4,9.75,100,99,NA,55.343,52.25,50.968,51.5
292950.0,11513,0,4,7.5,72,59,NA,54.687,52.281,51.093,51.406
293058.0,11513,0,4,9.83,100,60,NA,54.531,52.031,50.875,51.25
293166.0,11513,0,4,9.75,100,57,NA,54.687,51.968,50.937,51.125
293276.0,11513,0,4,10.33,100,56,NA,54.468,51.875,50.906,51.187
293383.0,11513,0,4,9.83,100,59,NA,54.531,51.968,51.0,51.031
293491.0,11513,0,4,9.17,100,56,NA,54.437,52.093,51.0,50.906
293601.0,11513,0,4,8.33,100,61,NA,54.625,51.937,50.937,51.0
293709.0,11513,0,4,9.08,100,62,NA,54.718,51.812,51.031,51.0
293816.0,11513,0,4,8.25,90,60,NA,54.437,51.937,50.937,51.031
293923.0,11513,0,4,9.08,100,60,NA,54.312,51.906,50.937,50.937
294033.0,11513,0,4,9.08,100,41,NA,54.375,51.812,50.875,50.843
294141.0,11513,0,4,9.75,100,99,NA,54.781,52.125,50.937,51.25
294249.0,11513,0,4,6.75,72,99,NA,54.968,52.437,50.781,51.656
294356.0,11513,0,4,9.08,100,59,NA,54.625,52.125,51.031,51.25
294465.0,11513,0,4,10.42,100,53,NA,54.5,52.187,50.875,51.156
294573.0,11513,0,4,8.33,100,56,NA,54.718,51.968,50.968,51.156
294679.0,11513,0,4,10.5,100,57,NA,54.593,52.093,50.968,51.031
294788.0,11513,0,4,9.08,100,56,NA,54.468,51.906,50.906,51.031
294896.0,11513,0,4,11.0,100,56,NA,54.406,52.0,50.968,51.0
295002.0,11513,0,4,9.83,100,65,NA,54.406,52.0,51.062,50.937
295108.0,11513,0,4,9.83,100,66,NA,54.375,51.812,50.843,50.937
295214.0,11513,0,4,9.75,100,59,NA,54.625,51.937,50.968,50.968
295323.0,11513,0,4,7.58,91,28,NA,54.75,51.937,50.843,50.906
295432.0,11513,0,4,9.67,100,99,NA,54.437,51.875,50.875,50.968
295539.0,11513,0,4,11.25,100,99,NA,55.375,52.406,51.031,51.343
295645.0,11513,0,4,7.42,80,51,NA,54.625,52.343,50.906,51.468
295752.0,11513,0,4,8.33,100,54,NA,54.75,52.156,50.968,51.25
295861.0,11513,0,4,10.33,100,56,NA,54.5,51.937,50.906,51.218
295968.0,11513,0,4,8.33,100,52,NA,54.656,52.0,50.968,51.25
296074.0,11513,0,4,8.33,100,55,NA,54.625,52.156,51.062,51.062
296180.0,11513,0,4,8.17,90,59,NA,54.5,52.062,50.875,51.093
296290.0,11513,0,4,9.67,100,63,NA,54.687,51.906,50.968,51.0
296397.0,11513,0,4,8.33,100,58,NA,54.406,52.031,51.0,50.906
296504.0,11513,0,4,11.58,100,64,NA,54.5,51.843,50.906,51.0
296611.0,11513,0,4,11.17,100,65,NA,54.531,51.937,50.968,50.968
296720.0,11513,0,4,9.08,100,37,NA,54.343,51.843,50.875,51.0
296828.0,11513,0,4,10.42,100,99,NA,54.625,52.031,51.0,51.218
296935.0,11513,0,4,8.25,90,99,NA,55.343,52.531,51.125,51.625
297041.0,11513,0,4,6.92,83,53,NA,54.687,52.25,50.937,51.406
297149.0,11513,0,4,8.33,100,53,NA,54.718,52.218,51.031,51.25
297258.0,11513,0,4,10.33,100,60,NA,54.5,51.968,50.843,51.25
297365.0,11513,0,4,9.08,100,56,NA,54.5,51.968,50.968,51.093
297472.0,11513,0,4,10.42,100,56,NA,54.437,51.968,51.062,51.156
297581.0,11513,0,4,9.08,100,58,NA,54.593,51.968,50.906,51.187
297689.0,11513,0,4,9.83,100,55,NA,54.375,52.062,50.968,51.062
297796.0,11513,0,4,8.33,100,59,NA,54.562,51.906,50.937,51.093
297903.0,11513,0,4,9.0,90,65,NA,54.75,51.937,51.0,50.937
298011.0,11513,0,4,10.33,100,36,NA,54.437,51.968,51.093,50.906
298121.0,11513,0,4,9.67,100,41,NA,54.437,51.937,50.968,50.875
298229.0,11513,0,4,9.17,100,99,NA,54.75,52.375,51.093,51.406
298336.0,11513,0,4,7.42,80,41,NA,54.75,52.406,50.968,51.593
298445.0,11513,0,4,9.75,100,57,NA,55.031,52.375,51.062,51.312
298553.0,11513,0,4,10.5,100,53,NA,54.593,52.031,50.968,51.25
298660.0,11513,0,4,9.08,91,53,NA,54.625,52.031,51.0,51.187
298767.0,11513,0,4,8.33,100,63,NA,54.531,51.906,50.906,51.156
298878.0,11513,0,4,10.33,100,56,NA,54.781,52.093,50.937,51.0
298985.0,11513,0,4,9.92,100,56,NA,54.437,52.062,50.875,51.031
299093.0,11513,0,4,8.33,100,62,NA,54.5,51.906,50.968,51.031
299200.0,11513,0,4,9.75,100,59,NA,54.437,51.968,51.062,51.0
299311.0,11513,0,4,9.83,100,58,NA,54.593,51.937,51.0,50.968
299420.0,11513,0,4,9.0,100,31,NA,54.718,51.968,51.125,50.968
299530.0,11513,0,4,11.08,100,99,NA,54.437,51.906,50.968,51.062
299640.0,11513,0,4,9.67,100,99,NA,55.687,52.343,50.937,51.562
299748.0,11513,0,4,6.67,72,53,NA,54.75,52.25,50.968,51.375
299859.0,11513,0,4,9.75,100,57,NA,54.593,52.062,50.968,51.281
299967.0,11513,0,4,11.67,100,59,NA,54.781,52.0,51.0,51.187
300074.0,11513,0,4,9.75,100,56,NA,54.468,52.125,50.968,51.156
300190.0,11513,0,4,9.83,100,55,NA,54.375,52.093,51.187,51.125
300298.0,11513,0,4,9.83,100,60,NA,54.656,51.937,50.937,51.156
300405.0,11513,0,4,9.67,100,56,NA,54.656,51.906,51.0,51.031
300512.0,11513,0,4,10.42,91,60,NA,54.437,51.875,50.937,51.031
300624.0,11513,0,4,8.33,100,64,NA,54.781,51.968,51.031,50.968
300731.0,11513,0,4,10.5,100,27,NA,54.5,51.875,50.843,51.0
300837.0,11513,0,4,9.08,100,41,NA,54.5,51.906,50.968,50.843
300945.0,11513,0,4,8.33,100,99,NA,54.656,52.406,51.0,51.343
301057.0,11513,0,4,6.0,72,76,NA,54.781,52.437,51.0,51.593
301164.0,11513,0,4,9.92,100,57,NA,55.031,52.375,50.937,51.281
301273.0,11513,0,4,12.67,100,57,NA,54.687,52.125,51.0,51.281
301380.0,11513,0,4,10.0,100,58,NA,54.562,52.187,51.093,51.093
301491.0,11513,0,4,9.75,100,60,NA,54.718,51.968,50.968,51.093
301599.0,11513,0,4,9.83,100,56,NA,54.718,52.031,51.062,51.031
301706.0,11513,0,4,9.08,100,57,NA,54.562,51.968,50.968,51.093
301815.0,11513,0,4,10.33,100,59,NA,54.468,52.125,51.031,51.0
301924.0,11513,0,4,9.83,100,64,NA,54.625,51.937,50.875,51.125
302032.0,11513,0,4,9.0,100,65,NA,54.625,51.906,50.968,50.906
302139.0,11513,0,4,8.42,92,29,NA,54.437,52.062,50.906,50.968
302251.0,11513,0,4,9.75,100,99,NA,54.812,52.0,51.062,51.093
302359.0,11513,0,4,9.08,100,99,NA,55.125,52.312,50.906,51.656
302466.0,11513,0,4,6.75,72,53,NA,54.656,52.406,51.0,51.343
302578.0,11513,0,4,8.33,100,54,NA,54.593,52.125,51.0,51.281
302686.0,11513,0,4,9.08,100,52,NA,54.875,52.093,51.031,51.218
302794.0,11513,0,4,9.67,100,56,NA,54.625,51.968,50.968,51.125
302904.0,11513,0,4,11.17,100,56,NA,54.5,52.093,51.062,51.093
303012.0,11513,0,4,8.33,100,63,NA,54.468,51.968,50.906,51.031
303119.0,11513,0,4,9.83,100,55,NA,54.656,51.968,51.0,51.0
303226.0,11513,0,4,9.92,100,60,NA,54.812,52.062,51.125,50.906
303336.0,11513,0,4,9.83,100,62,NA,54.531,51.875,50.937,51.0
303445.0,11513,0,4,9.75,91,43,NA,54.375,52.156,51.156,50.937
303553.0,11513,0,4,8.33,100,41,NA,54.468,51.843,50.937,50.937
303661.0,11513,0,4,9.75,100,99,NA,54.656,52.312,51.125,51.312
303771.0,11513,0,4,7.08,75,99,NA,54.718,52.437,50.968,51.656
303878.0,11513,0,4,9.08,100,60,NA,55.031,52.281,51.0,51.312
303986.0,11513,0,4,10.33,100,53,NA,54.531,52.156,50.937,51.218
304096.0,11513,0,4,9.08,100,56,NA,54.656,52.187,51.062,51.156
304205.0,11518,0,4,9.0,90,33,NA,54.593,52.0,51.0,51.187
304313.0,11518,0,4,9.83,100,58,NA,54.781,52.062,51.031,51.062
304420.0,11518,0,4,9.08,100,57,NA,54.468,52.125,50.968,51.062
304527.0,11518,0,4,9.83,100,59,NA,54.593,51.906,50.906,51.125
304637.0,11518,0,4,9.67,100,63,NA,54.468,52.156,51.187,51.031
304745.0,11518,0,4,9.67,100,61,NA,54.468,51.906,50.968,51.093
304851.0,11518,0,4,9.08,100,29,NA,54.75,51.968,51.093,50.968
304960.0,11518,0,4,9.67,100,94,NA,54.593,52.0,50.906,51.062
305070.0,11518,0,4,9.75,100,99,NA,55.468,52.406,51.093,51.531
305177.0,11518,0,4,7.33,70,52,NA,54.625,52.343,50.968,51.468
305284.0,11518,0,4,9.75,100,57,NA,54.875,52.187,51.125,51.25
305395.0,11518,0,4,11.42,100,57,NA,54.718,52.312,50.937,51.25
305502.0,11518,0,4,9.67,100,59,NA,54.656,52.093,51.062,51.093
305610.0,11518,0,4,9.67,100,55,NA,54.5,52.156,51.062,51.156
305719.0,11518,0,4,9.08,100,61,NA,54.625,52.062,51.0,51.156
305828.0,11518,0,4,9.17,100,59,NA,54.5,52.156,51.187,51.062
305934.0,11518,0,4,9.08,91,60,NA,54.5,51.906,50.937,51.093
306041.0,11518,0,4,8.33,100,61,NA,54.312,52.0,51.062,51.0
306150.0,11518,0,4,11.83,100,62,NA,54.437,51.937,51.218,51.062
306259.0,11518,0,4,9.0,100,42,NA,54.593,51.906,50.968,51.0
306367.0,11518,0,4,9.17,100,99,NA,54.531,52.187,50.968,51.312
306475.0,11518,0,4,7.5,81,99,NA,55.843,52.437,50.968,51.687
306585.0,11518,0,4,8.83,90,60,NA,54.656,52.468,50.968,51.343
306692.0,11518,0,4,9.83,100,55,NA,54.812,52.187,50.968,51.312
306801.0,11518,0,4,10.5,100,58,NA,54.656,52.156,51.125,51.218
306910.0,11518,0,4,8.33,100,61,NA,54.593,52.093,50.968,51.218
307018.0,11518,0,4,9.08,100,62,NA,54.843,52.156,51.093,51.093
307125.0,11518,0,4,9.75,100,55,NA,54.593,51.968,50.968,51.125
307232.0,11518,0,4,8.33,90,62,NA,54.562,51.968,51.0,51.031
307342.0,11518,0,4,10.33,100,60,NA,54.468,52.093,51.031,51.062
307451.0,11518,0,4,9.83,100,59,NA,54.718,52.0,51.031,51.031
307559.0,11518,0,4,9.08,100,28,NA,54.468,51.906,51.187,51.0
307669.0,11518,0,4,9.67,100,47,NA,54.437,52.0,50.968,51.062
307779.0,11518,0,4,9.08,100,99,NA,54.875,52.375,50.968,51.468
307887.0,11518,0,4,6.0,72,45,NA,54.75,52.468,51.062,51.5
307996.0,11518,0,4,9.67,100,53,NA,54.75,52.218,50.968,51.437
308105.0,11518,0,4,9.08,100,55,NA,54.875,52.125,51.031,51.25
308212.0,11518,0,4,9.83,100,59,NA,54.468,52.281,51.187,51.187
308319.0,11518,0,4,9.0,100,55,NA,54.656,52.062,50.968,51.25
308430.0,11518,0,4,11.0,100,62,NA,54.531,52.156,51.156,51.062
308537.0,11518,0,4,9.08,100,62,NA,54.562,51.968,51.031,51.156
308645.0,11518,0,4,8.17,90,59,NA,54.937,52.093,51.125,51.156
308753.0,11518,0,4,9.17,100,63,NA,54.531,52.0,51.0,51.031
308863.0,11518,0,4,9.83,100,64,NA,54.437,52.031,51.031,50.968
308970.0,11518,0,4,9.83,100,37,NA,54.468,52.187,51.0,51.093
309079.0,11518,0,4,9.08,100,99,NA,54.625,52.093,51.031,51.25
309189.0,11518,0,4,8.17,90,99,NA,55.75,52.468,50.968,51.687
309297.0,11518,0,4,8.25,81,56,NA,54.687,52.375,50.968,51.468
309404.0,11518,0,4,8.33,100,51,NA,54.625,52.343,50.968,51.312
309512.0,11518,0,4,9.83,100,59,NA,54.812,52.156,51.031,51.25
309625.0,11518,0,4,11.0,100,56,NA,54.562,52.031,51.031,51.25
309733.0,11518,0,4,9.75,100,55,NA,54.906,52.0,51.0,51.125
309842.0,11518,0,4,9.75,100,63,NA,54.593,51.968,51.0,51.125
309952.0,11518,0,4,9.75,100,55,NA,54.468,52.125,51.031,51.062
310060.0,11518,0,4,10.25,100,59,NA,54.5,51.937,51.0,51.093
310169.0,11518,0,4,10.42,100,63,NA,54.687,52.0,51.093,51.031
310280.0,11518,0,4,8.92,90,26,NA,54.5,51.968,51.0,51.062
310387.0,11518,0,4,9.17,100,70,NA,54.468,52.062,51.0,51.0
310495.0,11518,0,4,8.33,100,99,NA,54.906,52.281,51.031,51.5
310605.0,11518,0,4,8.17,80,50,NA,54.781,52.5,51.093,51.5
310713.0,11518,0,4,9.83,100,53,NA,54.718,52.343,51.031,51.375
310821.0,11518,0,4,7.58,91,57,NA,54.718,52.156,51.093,51.25
310928.0,11518,0,4,9.08,100,56,NA,54.625,52.218,51.187,51.25
311038.0,11518,0,4,9.08,100,56,NA,54.656,52.031,51.031,51.25
311146.0,11518,0,4,9.0,100,63,NA,54.5,52.156,51.125,51.187
311254.0,11518,0,4,8.33,100,62,NA,54.656,52.0,50.968,51.187
311363.0,11518,0,4,9.08,100,56,NA,54.875,52.093,51.062,51.156
311472.0,11518,0,4,9.0,100,60,NA,54.593,51.906,50.968,51.062
311580.0,11518,0,4,11.67,100,60,NA,54.718,52.031,51.125,51.031
